patient_id,gender,date_of_birth,state,plan_type,enrollment_date
P00001,Male,1933-04-21,FL,Medicare,2019-07-04
P00002,Male,1990-05-04,NY,Commercial,2020-04-20
P00003,Female,1984-02-02,TX,Medicaid,2022-12-20
P00004,Female,1935-08-21,IL,Medicare,2019-01-10
P00005,Female,1966-03-31,CA,Commercial,2019-01-16
P00006,Female,2019-10-11,FL,Medicaid,2023-10-19
P00007,Female,1948-01-24,AZ,Medicare,2023-11-16
P00008,Male,1958-12-01,NC,Medicare,2022-10-12
P00009,Female,1992-04-02,FL,Commercial,2020-01-13
P00010,Male,2012-11-24,OH,Commercial,2021-01-06
P00011,Male,1997-02-13,CA,Commercial,2021-06-10
P00012,Female,2007-01-16,TX,Medicaid,2021-12-05
P00013,Male,1948-03-08,FL,Medicare,2021-08-09
P00014,Female,2008-03-19,GA,Medicaid,2020-10-25
P00015,Male,1998-07-10,FL,Commercial,2023-09-07
P00016,Male,1964-10-03,OH,Commercial,2021-01-26
P00017,Male,1948-01-07,GA,Medicare,2022-11-24
P00018,Female,1974-06-21,NY,Commercial,2020-01-24
P00019,Female,2018-03-08,AZ,Medicaid,2023-01-10
P00020,Female,1943-04-16,AZ,Medicare,2023-08-25
P00021,Male,1950-04-20,OH,Medicare,2021-10-30
P00022,Female,1961-08-25,OH,Commercial,2021-10-19
P00023,Female,2007-07-30,IL,Medicaid,2021-05-30
P00024,Female,2020-07-24,OH,Medicaid,2019-09-15
P00025,Female,1956-05-26,NY,Medicare,2020-07-03
P00026,Female,1965-04-13,FL,Commercial,2022-03-10
P00027,Female,1987-10-21,GA,Commercial,2020-05-15
P00028,Male,2020-10-09,NY,Commercial,2021-06-26
P00029,Female,1991-12-15,GA,Commercial,2022-11-19
P00030,Female,1958-06-22,TX,Medicare,2023-11-23
P00031,Female,1943-05-02,FL,Medicare,2023-12-25
P00032,Female,2020-10-16,CA,Medicaid,2022-11-18
P00033,Male,2003-04-17,TX,Commercial,2019-11-29
P00034,Female,1959-12-31,GA,Commercial,2021-09-07
P00035,Female,2021-02-18,CA,Commercial,2021-09-29
P00036,Female,1964-04-24,GA,Commercial,2022-01-03
P00037,Female,1990-04-26,NY,Commercial,2022-09-21
P00038,Male,1985-04-17,GA,Commercial,2020-06-06
P00039,Male,1963-08-24,NC,Commercial,2023-12-09
P00040,Female,1942-01-02,PA,Medicare,2020-12-11
P00041,Female,1960-04-03,FL,Commercial,2019-04-28
P00042,Female,2006-10-26,PA,Medicaid,2019-08-09
P00043,Male,1943-01-30,PA,Medicare,2022-02-27
P00044,Female,1994-04-06,AZ,Commercial,2019-09-25
P00045,Male,1984-09-09,PA,Medicaid,2022-10-25
P00046,Female,2003-01-20,CA,Medicaid,2022-10-18
P00047,Male,1972-10-02,FL,Commercial,2022-04-15
P00048,Female,2022-05-10,FL,Commercial,2023-11-30
P00049,Female,1947-05-02,FL,Medicare,2022-09-04
P00050,Female,1981-01-14,NY,Commercial,2019-09-25
P00051,Female,1989-06-06,AZ,Commercial,2020-03-11
P00052,Male,1984-01-04,FL,Commercial,2022-05-11
P00053,Female,1940-09-19,NY,Medicare,2022-06-10
P00054,Female,1948-03-14,AZ,Medicare,2022-04-08
P00055,Male,1935-10-04,FL,Medicare,2023-05-29
P00056,Female,1940-01-02,FL,Medicare,2023-03-18
P00057,Female,1987-03-29,GA,Commercial,2019-01-16
P00058,Female,1933-05-17,GA,Medicare,2020-07-16
P00059,Female,1960-12-07,NY,Commercial,2020-08-13
P00060,Male,1990-07-03,TX,Commercial,2022-08-08
P00061,Female,1958-11-09,CA,Medicare,2019-09-22
P00062,Male,2011-02-01,FL,Commercial,2023-02-13
P00063,Female,1941-08-15,NC,Medicare,2019-03-01
P00064,Female,1949-03-03,GA,Medicare,2021-06-27
P00065,Male,1955-02-05,NY,Medicare,2022-05-08
P00066,Male,1944-11-21,FL,Medicare,2020-04-02
P00067,Male,1938-03-29,OH,Medicare,2021-12-01
P00068,Female,2014-09-12,CA,Commercial,2022-08-27
P00069,Female,2001-11-22,GA,Commercial,2020-08-02
P00070,Male,2003-09-28,CA,Commercial,2020-05-24
P00071,Male,1970-06-14,TX,Commercial,2020-12-27
P00072,Female,1967-02-23,PA,Commercial,2021-09-10
P00073,Female,1993-04-23,AZ,Medicaid,2022-05-11
P00074,Male,1991-10-08,FL,Commercial,2021-12-26
P00075,Female,2004-09-14,NY,Commercial,2019-08-20
P00076,Male,1989-09-12,GA,Commercial,2022-03-16
P00077,Male,1978-04-07,OH,Commercial,2019-03-03
P00078,Female,1956-06-25,FL,Medicare,2023-04-11
P00079,Female,1953-12-23,CA,Medicare,2023-03-11
P00080,Male,1937-12-04,PA,Medicare,2022-05-04
P00081,Male,1944-12-04,TX,Medicare,2023-12-27
P00082,Male,2019-01-16,PA,Commercial,2019-08-11
P00083,Male,1979-07-01,FL,Medicaid,2022-04-20
P00084,Female,1971-07-06,IL,Commercial,2023-06-29
P00085,Female,1988-03-29,OH,Commercial,2020-11-29
P00086,Male,1964-10-23,TX,Commercial,2019-03-20
P00087,Female,1936-12-20,FL,Medicare,2019-01-14
P00088,Male,2020-09-24,NY,Commercial,2023-06-19
P00089,Female,1982-10-16,NC,Commercial,2020-01-15
P00090,Female,1934-03-15,FL,Medicare,2022-03-12
P00091,Female,2018-03-08,IL,Commercial,2019-10-28
P00092,Male,1953-05-14,OH,Medicare,2020-12-21
P00093,Male,1995-02-03,AZ,Commercial,2020-05-06
P00094,Male,1984-07-15,GA,Commercial,2019-10-25
P00095,Female,1975-10-06,TX,Commercial,2019-07-12
P00096,Male,1933-09-01,GA,Medicare,2023-04-14
P00097,Male,1984-11-10,GA,Commercial,2020-05-21
P00098,Female,1988-02-07,FL,Commercial,2023-04-19
P00099,Male,1986-05-25,FL,Commercial,2019-04-15
P00100,Male,1978-03-25,NC,Medicaid,2020-11-11
P00101,Female,1999-09-21,FL,Medicaid,2023-01-15
P00102,Female,1948-04-13,FL,Medicare,2022-07-16
P00103,Male,1985-09-02,NY,Commercial,2019-07-12
P00104,Female,2014-07-22,NC,Medicaid,2020-10-12
P00105,Male,1934-05-08,OH,Medicare,2022-11-09
P00106,Male,1935-01-08,CA,Medicare,2019-11-26
P00107,Female,2011-06-12,GA,Commercial,2020-05-31
P00108,Female,1995-04-17,CA,Commercial,2023-08-14
P00109,Male,1963-05-29,CA,Commercial,2022-08-03
P00110,Female,1964-07-30,GA,Medicaid,2019-10-13
P00111,Female,1974-01-25,FL,Commercial,2022-04-01
P00112,Female,1987-01-16,IL,Commercial,2023-10-25
P00113,Male,2010-09-09,FL,Commercial,2020-12-25
P00114,Female,1943-02-09,GA,Medicare,2019-07-06
P00115,Female,1974-07-20,GA,Commercial,2021-03-22
P00116,Male,1964-04-05,IL,Medicaid,2019-02-16
P00117,Female,1935-06-27,NY,Medicare,2023-06-07
P00118,Male,1940-03-27,AZ,Medicare,2020-08-31
P00119,Female,1992-02-17,PA,Commercial,2020-10-03
P00120,Male,1936-07-30,OH,Medicare,2019-01-31
P00121,Female,1956-04-20,FL,Medicare,2021-05-25
P00122,Female,1942-06-29,TX,Medicare,2019-11-23
P00123,Female,2021-03-15,PA,Commercial,2023-04-11
P00124,Male,1976-10-23,AZ,Commercial,2023-10-13
P00125,Male,2009-04-09,PA,Commercial,2020-06-03
P00126,Female,1978-05-28,IL,Commercial,2023-12-26
P00127,Female,1999-07-21,CA,Commercial,2019-08-19
P00128,Female,1972-08-18,NY,Commercial,2023-11-25
P00129,Female,2016-04-19,NY,Commercial,2020-07-24
P00130,Female,1934-08-27,NY,Medicare,2021-09-29
P00131,Male,2010-12-19,FL,Commercial,2020-10-11
P00132,Female,1995-01-20,TX,Medicaid,2020-11-20
P00133,Male,1958-07-21,FL,Medicare,2021-10-13
P00134,Female,2013-11-01,FL,Commercial,2021-08-06
P00135,Male,1947-10-11,TX,Medicare,2021-06-27
P00136,Female,1961-03-04,NC,Commercial,2020-08-14
P00137,Female,2021-09-01,CA,Medicaid,2020-06-14
P00138,Male,2018-09-20,CA,Commercial,2021-10-03
P00139,Female,1952-07-07,OH,Medicare,2022-03-29
P00140,Male,1981-12-21,TX,Commercial,2023-10-16
P00141,Male,1964-06-10,NY,Commercial,2020-02-09
P00142,Male,1978-12-17,NY,Commercial,2022-11-15
P00143,Male,1977-03-02,FL,Medicaid,2021-10-31
P00144,Female,1945-07-28,CA,Medicare,2019-01-16
P00145,Female,1990-10-13,OH,Commercial,2020-01-30
P00146,Male,2000-07-19,GA,Commercial,2022-04-10
P00147,Female,1969-10-28,PA,Commercial,2021-08-18
P00148,Male,1947-09-07,GA,Medicare,2022-05-19
P00149,Female,2022-11-14,NY,Commercial,2020-11-15
P00150,Male,1987-05-02,PA,Commercial,2023-03-29
P00151,Female,1960-01-10,NC,Medicaid,2019-03-30
P00152,Female,1959-07-08,CA,Medicaid,2019-01-26
P00153,Male,1985-11-26,CA,Commercial,2022-07-06
P00154,Male,1958-12-04,FL,Medicare,2022-11-07
P00155,Female,2006-03-03,NC,Commercial,2021-04-22
P00156,Female,1952-08-26,CA,Medicare,2020-10-08
P00157,Male,2012-09-14,FL,Commercial,2020-10-14
P00158,Female,1933-11-24,FL,Medicare,2023-10-17
P00159,Male,1942-05-03,AZ,Medicare,2020-06-13
P00160,Male,1933-12-09,FL,Medicare,2023-09-02
P00161,Female,1991-02-05,IL,Commercial,2022-04-17
P00162,Female,1965-10-16,GA,Medicaid,2020-06-02
P00163,Female,2006-12-06,TX,Commercial,2019-07-28
P00164,Female,1967-04-21,CA,Commercial,2020-10-29
P00165,Male,1950-08-24,CA,Medicare,2023-03-16
P00166,Female,2002-04-21,NY,Commercial,2020-08-08
P00167,Male,2023-12-18,TX,Medicaid,2023-10-26
P00168,Male,1979-02-21,NY,Medicaid,2022-11-06
P00169,Female,1968-09-09,NC,Commercial,2023-05-21
P00170,Male,1966-03-30,TX,Medicaid,2019-01-30
P00171,Female,2013-01-24,CA,Commercial,2022-02-28
P00172,Female,1937-06-19,TX,Medicare,2021-03-18
P00173,Male,2014-09-01,TX,Commercial,2020-01-20
P00174,Female,1983-09-09,GA,Medicaid,2019-02-27
P00175,Female,1978-04-25,GA,Commercial,2019-01-11
P00176,Female,2014-12-29,OH,Commercial,2023-03-08
P00177,Female,2016-11-08,AZ,Commercial,2022-01-13
P00178,Male,2019-05-10,FL,Medicaid,2021-12-23
P00179,Male,1977-12-22,FL,Medicaid,2020-01-09
P00180,Male,1956-09-17,AZ,Medicare,2022-04-29
P00181,Male,2016-05-09,TX,Medicaid,2022-11-05
P00182,Male,1991-10-02,TX,Medicaid,2020-03-24
P00183,Female,1939-01-27,NC,Medicare,2021-07-12
P00184,Male,2008-01-11,TX,Commercial,2020-04-07
P00185,Female,1956-12-19,NY,Medicare,2022-02-07
P00186,Female,1952-10-29,IL,Medicare,2021-07-28
P00187,Male,2007-02-04,CA,Commercial,2023-12-16
P00188,Male,1998-12-20,NC,Commercial,2023-12-03
P00189,Male,1947-07-08,GA,Medicare,2024-01-01
P00190,Female,1991-01-20,GA,Commercial,2023-02-16
P00191,Male,2010-05-31,IL,Medicaid,2022-04-07
P00192,Female,1998-09-11,IL,Commercial,2023-10-02
P00193,Female,1983-12-30,OH,Commercial,2023-03-14
P00194,Male,1998-08-10,FL,Medicaid,2019-10-09
P00195,Female,1981-06-17,PA,Commercial,2019-09-25
P00196,Male,2016-12-02,FL,Commercial,2022-07-22
P00197,Male,1949-06-22,CA,Medicare,2019-04-10
P00198,Male,1967-08-07,NC,Medicaid,2023-05-31
P00199,Female,1993-09-04,TX,Commercial,2023-11-05
P00200,Female,1984-01-12,NY,Commercial,2022-03-26
P00201,Male,1938-02-08,OH,Medicare,2022-09-05
P00202,Male,2014-04-22,IL,Medicaid,2023-08-13
P00203,Female,1939-05-31,Unknown,Medicare,2019-10-08
P00204,Female,1996-07-12,FL,Commercial,2019-02-10
P00205,Female,1966-12-06,CA,Commercial,2022-08-26
P00206,Male,1996-09-10,GA,Commercial,2022-06-06
P00207,Female,1997-12-28,FL,Commercial,2020-05-30
P00208,Male,1940-08-20,GA,Medicare,2019-05-05
P00209,Female,2011-07-13,FL,Commercial,2022-07-27
P00210,Female,1940-05-22,NY,Medicare,2020-08-04
P00211,Male,1946-08-24,AZ,Medicare,2023-11-20
P00212,Male,1958-09-30,PA,Medicare,2021-03-04
P00213,Female,2019-04-17,CA,Commercial,2019-01-26
P00214,Female,1978-11-06,FL,Medicaid,2021-08-17
P00215,Male,1934-11-16,NC,Medicare,2020-10-18
P00216,Female,1937-04-21,NY,Medicare,2020-07-26
P00217,Female,2005-06-01,OH,Commercial,2020-11-04
P00218,Male,2004-02-18,NY,Commercial,2020-07-28
P00219,Female,2023-04-07,NC,Medicaid,2019-07-28
P00220,Male,2022-02-05,GA,Commercial,2023-12-13
P00221,Female,1972-05-03,PA,Commercial,2019-08-01
P00222,Male,1994-02-27,OH,Commercial,2019-06-20
P00223,Male,1942-10-31,TX,Medicare,2019-06-27
P00224,Male,1996-06-21,AZ,Medicaid,2022-03-01
P00225,Male,1978-01-21,FL,Commercial,2021-02-02
P00226,Male,1976-03-19,FL,Medicaid,2022-03-28
P00227,Female,2005-08-06,OH,Commercial,2019-10-21
P00228,Female,1940-01-28,CA,Medicare,2021-12-20
P00229,Female,1934-09-08,FL,Medicare,2022-06-09
P00230,Male,1982-12-23,FL,Commercial,2020-07-30
P00231,Female,1960-03-16,FL,Commercial,2023-10-03
P00232,Female,2004-08-03,FL,Commercial,2022-02-14
P00233,Female,2016-12-19,NY,Medicaid,2022-12-21
P00234,Male,1943-10-19,FL,Medicare,2022-02-18
P00235,Female,2002-12-05,NY,Medicaid,2021-10-05
P00236,Female,1977-01-02,CA,Medicaid,2023-09-08
P00237,Male,1977-02-25,NC,Commercial,2019-09-06
P00238,Male,1948-01-27,IL,Medicare,2021-12-02
P00239,Male,1985-10-26,FL,Commercial,2022-03-18
P00240,Female,2001-03-14,FL,Commercial,2023-04-04
P00241,Male,1984-06-09,FL,Medicaid,2019-01-10
P00242,Female,1949-09-15,TX,Medicare,2019-09-23
P00243,Female,1989-05-01,NY,Commercial,2021-08-05
P00244,Female,1943-01-19,FL,Medicare,2022-05-01
P00245,Female,1934-07-16,NC,Medicare,2021-08-31
P00246,Male,2011-12-22,AZ,Medicaid,2019-03-15
P00247,Male,1935-02-28,GA,Medicare,2022-11-23
P00248,Male,1962-10-24,FL,Commercial,2020-07-31
P00249,Male,1995-10-27,OH,Commercial,2019-06-28
P00250,Female,1959-05-21,OH,Commercial,2020-03-23
P00251,Male,1957-03-15,FL,Medicare,2019-08-27
P00252,Male,1970-03-17,CA,Medicaid,2019-04-08
P00253,Female,1959-02-19,GA,Commercial,2023-09-14
P00254,Female,2004-02-13,CA,Commercial,2022-10-22
P00255,Male,2014-11-15,NC,Commercial,2023-04-13
P00256,Male,1940-09-13,GA,Medicare,2021-03-02
P00257,Female,1967-04-14,GA,Medicaid,2021-12-19
P00258,Male,2018-08-11,CA,Commercial,2023-10-19
P00259,Female,1982-04-14,CA,Commercial,2021-03-20
P00260,Female,1947-07-19,IL,Medicare,2023-07-02
P00261,Male,2021-07-20,NY,Commercial,2021-12-19
P00262,Male,1990-12-22,OH,Medicaid,2022-03-03
P00263,Male,2018-05-23,NC,Commercial,2019-07-16
P00264,Female,2012-02-20,NC,Commercial,2020-08-04
P00265,Male,1992-03-08,FL,Medicaid,2020-11-18
P00266,Female,2002-08-30,GA,Commercial,2019-11-06
P00267,Female,2018-04-28,CA,Commercial,2023-02-06
P00268,Male,1971-10-21,FL,Commercial,2022-09-21
P00269,Female,2010-05-14,FL,Commercial,2020-03-30
P00270,Male,1967-08-05,FL,Commercial,2020-04-04
P00271,Male,2012-01-28,IL,Commercial,2023-11-24
P00272,Female,1990-04-16,NC,Commercial,2022-11-18
P00273,Female,1976-12-05,PA,Commercial,2022-11-13
P00274,Female,1944-02-18,AZ,Medicare,2023-12-21
P00275,Female,1956-04-11,NC,Medicare,2020-09-12
P00276,Male,1975-10-15,NY,Commercial,2023-09-24
P00277,Male,2023-09-20,NY,Commercial,2019-10-19
P00278,Male,1938-10-29,OH,Medicare,2021-01-28
P00279,Male,1979-09-10,PA,Medicaid,2020-03-12
P00280,Female,1974-01-21,PA,Medicaid,2021-07-08
P00281,Female,1996-02-06,NY,Commercial,2019-02-26
P00282,Female,1999-06-14,OH,Commercial,2022-08-26
P00283,Male,1986-08-21,NY,Commercial,2021-03-19
P00284,Female,1982-08-20,TX,Commercial,2023-12-21
P00285,Female,1950-01-16,GA,Medicare,2019-11-03
P00286,Female,1968-10-20,FL,Commercial,2021-03-01
P00287,Female,2020-03-30,GA,Commercial,2023-02-14
P00288,Male,2014-01-02,NC,Commercial,2019-12-01
P00289,Male,1939-02-23,FL,Medicare,2019-01-22
P00290,Female,1998-04-13,IL,Commercial,2023-08-29
P00291,Male,1986-02-06,FL,Medicaid,2019-10-11
P00292,Female,2020-10-13,FL,Commercial,2020-04-27
P00293,Female,2017-01-06,NY,Medicaid,2022-03-26
P00294,Female,1997-11-28,GA,Commercial,2020-10-30
P00295,Male,1977-12-26,FL,Medicaid,2020-01-29
P00296,Male,1973-10-20,FL,Medicaid,2021-08-10
P00297,Male,1965-05-23,NY,Medicaid,2020-09-02
P00298,Male,2011-10-03,GA,Medicaid,2023-10-05
P00299,Female,1935-05-15,CA,Medicare,2019-05-19
P00300,Male,1956-11-21,FL,Medicare,2019-05-22
P00301,Male,1943-04-22,FL,Medicare,2022-12-14
P00302,Female,2021-10-09,FL,Commercial,2021-08-13
P00303,Female,1953-06-23,FL,Medicare,2022-10-23
P00304,Female,1945-11-19,OH,Medicare,2022-01-02
P00305,Female,2013-01-11,NY,Medicaid,2022-08-17
P00306,Female,1970-08-16,CA,Commercial,2019-09-12
P00307,Female,1994-05-25,PA,Commercial,2020-07-13
P00308,Male,1935-07-08,GA,Medicare,2019-10-11
P00309,Male,1982-05-28,PA,Commercial,2020-01-15
P00310,Male,1978-07-18,OH,Commercial,2020-05-14
P00311,Male,1982-12-05,NC,Commercial,2023-03-03
P00312,Male,2017-03-04,PA,Commercial,2019-11-10
P00313,Female,2004-05-11,FL,Commercial,2020-02-02
P00314,Male,1969-09-30,Unknown,Commercial,2023-05-20
P00315,Male,2021-12-01,NY,Commercial,2023-07-25
P00316,Male,1977-02-11,NC,Commercial,2020-03-14
P00317,Male,1990-09-01,GA,Commercial,2022-01-19
P00318,Female,1952-02-04,FL,Medicare,2022-05-13
P00319,Male,2016-03-27,AZ,Commercial,2022-01-08
P00320,Female,1960-01-16,NY,Medicaid,2019-09-01
P00321,Female,2021-05-05,GA,Medicaid,2022-03-09
P00322,Male,2022-10-26,FL,Commercial,2022-02-25
P00323,Male,2022-12-19,CA,Commercial,2022-01-03
P00324,Female,1944-10-03,FL,Medicare,2023-09-24
P00325,Female,1963-07-25,FL,Medicaid,2023-10-25
P00326,Male,1952-05-18,AZ,Medicare,2021-12-06
P00327,Female,1972-02-09,FL,Medicaid,2023-12-02
P00328,Male,1953-11-10,FL,Medicare,2020-03-21
P00329,Female,1935-05-15,NC,Medicare,2021-11-18
P00330,Male,2019-12-01,GA,Commercial,2021-07-01
P00331,Female,1948-07-09,FL,Medicare,2022-04-28
P00332,Male,2018-12-05,CA,Commercial,2020-03-09
P00333,Male,1938-08-17,NC,Medicare,2021-11-12
P00334,Female,1993-05-24,TX,Medicaid,2023-10-29
P00335,Male,1970-04-06,OH,Commercial,2021-07-24
P00336,Male,1933-03-13,PA,Medicare,2023-02-12
P00337,Female,1983-06-24,CA,Commercial,2021-01-11
P00338,Male,1953-09-28,CA,Medicare,2021-03-09
P00339,Male,2002-02-01,PA,Commercial,2021-08-18
P00340,Female,1984-01-26,FL,Medicaid,2022-01-28
P00341,Male,2012-01-13,NY,Commercial,2021-01-09
P00342,Female,1990-03-17,FL,Medicaid,2020-08-08
P00343,Male,1974-03-23,GA,Medicaid,2019-08-12
P00344,Male,1941-12-03,IL,Medicare,2019-03-12
P00345,Female,1952-06-06,FL,Medicare,2023-08-03
P00346,Female,1943-08-06,TX,Medicare,2020-09-14
P00347,Male,2007-09-29,FL,Medicaid,2023-07-31
P00348,Male,1987-12-08,CA,Commercial,2021-12-01
P00349,Female,1953-10-15,PA,Medicare,2020-04-19
P00350,Female,1962-01-31,TX,Commercial,2021-04-17
P00351,Male,1933-02-03,PA,Medicare,2019-12-19
P00352,Female,2002-04-04,NY,Commercial,2019-06-11
P00353,Male,1941-11-24,IL,Medicare,2019-02-19
P00354,Male,1942-04-25,PA,Medicare,2020-08-21
P00355,Male,2021-11-15,FL,Commercial,2020-08-21
P00356,Female,1944-04-26,IL,Medicare,2019-12-28
P00357,Male,1939-12-20,FL,Medicare,2022-11-02
P00358,Male,1944-09-18,NY,Medicare,2022-06-30
P00359,Male,1988-11-17,FL,Commercial,2022-04-19
P00360,Female,1948-01-26,TX,Medicare,2020-04-13
P00361,Male,2009-06-07,AZ,Medicaid,2022-04-01
P00362,Male,2004-01-30,OH,Commercial,2023-04-22
P00363,Male,2017-12-24,CA,Commercial,2020-01-05
P00364,Female,1971-04-07,IL,Commercial,2020-04-03
P00365,Female,1935-07-10,TX,Medicare,2021-01-12
P00366,Female,1963-07-14,FL,Commercial,2019-08-07
P00367,Female,1953-02-16,PA,Medicare,2020-01-17
P00368,Male,1958-12-14,FL,Medicare,2019-07-04
P00369,Male,1987-01-22,OH,Commercial,2022-09-14
P00370,Male,1983-12-22,FL,Medicaid,2023-06-03
P00371,Female,1956-08-21,GA,Medicare,2022-04-18
P00372,Female,1998-11-11,TX,Commercial,2019-11-09
P00373,Female,2014-06-24,TX,Commercial,2019-05-20
P00374,Female,2023-05-29,GA,Commercial,2023-06-15
P00375,Male,1992-05-11,FL,Commercial,2019-09-23
P00376,Female,2012-03-15,FL,Commercial,2021-08-11
P00377,Female,2014-04-01,OH,Medicaid,2019-12-01
P00378,Male,2014-01-19,NY,Commercial,2020-08-04
P00379,Female,2005-07-20,FL,Commercial,2023-09-14
P00380,Female,1938-10-28,FL,Medicare,2021-08-01
P00381,Female,1954-11-05,GA,Medicare,2023-07-23
P00382,Female,1981-09-22,TX,Medicaid,2022-04-21
P00383,Male,1933-05-25,NY,Medicare,2020-03-20
P00384,Female,2015-12-13,FL,Commercial,2020-08-02
P00385,Male,1986-01-17,AZ,Commercial,2020-06-25
P00386,Female,2018-01-04,GA,Medicaid,2020-09-12
P00387,Female,1942-11-01,NY,Medicare,2023-12-06
P00388,Male,1999-03-22,NC,Medicaid,2021-02-02
P00389,Female,1997-05-28,TX,Commercial,2021-07-30
P00390,Female,2007-07-10,FL,Medicaid,2021-05-12
P00391,Female,1955-04-08,TX,Medicare,2022-12-09
P00392,Female,2014-06-04,CA,Commercial,2020-06-23
P00393,Female,1940-09-04,PA,Medicare,2020-12-19
P00394,Male,1942-06-09,TX,Medicare,2021-12-27
P00395,Female,1979-11-13,IL,Commercial,2023-09-20
P00396,Male,2007-10-01,CA,Commercial,2023-08-29
P00397,Female,1987-01-11,NC,Medicaid,2022-03-17
P00398,Female,1989-10-25,FL,Commercial,2021-04-26
P00399,Male,1982-05-27,IL,Commercial,2019-01-08
P00400,Male,1974-09-14,GA,Commercial,2020-05-21
P00401,Male,1987-07-16,TX,Commercial,2021-07-30
P00402,Female,1968-10-02,NY,Medicaid,2022-07-05
P00403,Female,1955-06-08,AZ,Medicare,2023-02-28
P00404,Male,1975-06-12,TX,Commercial,2023-04-20
P00405,Female,2001-05-20,GA,Medicaid,2023-08-23
P00406,Female,1983-09-11,AZ,Medicaid,2019-06-12
P00407,Female,1992-06-03,OH,Commercial,2023-12-04
P00408,Female,1965-04-09,NC,Medicaid,2019-09-08
P00409,Male,2006-04-13,TX,Commercial,2021-02-01
P00410,Male,1990-06-07,TX,Medicaid,2020-11-29
P00411,Male,1933-09-13,AZ,Medicare,2019-03-19
P00412,Female,1949-06-20,FL,Medicare,2020-01-27
P00413,Male,2021-06-19,OH,Commercial,2023-04-08
P00414,Male,1997-01-18,Unknown,Medicaid,2019-02-28
P00415,Male,2023-08-17,AZ,Commercial,2023-02-14
P00416,Female,2002-09-05,CA,Commercial,2021-02-27
P00417,Male,1992-04-02,GA,Commercial,2020-10-19
P00418,Female,1942-05-14,OH,Medicare,2022-10-13
P00419,Male,1998-07-29,AZ,Commercial,2020-11-07
P00420,Male,2014-12-31,IL,Medicaid,2020-10-23
P00421,Male,1940-04-18,GA,Medicare,2019-02-08
P00422,Male,1972-04-07,TX,Commercial,2019-06-07
P00423,Female,1994-01-26,OH,Commercial,2022-01-02
P00424,Male,2020-07-01,CA,Commercial,2020-07-21
P00425,Female,1939-06-27,FL,Medicare,2019-11-25
P00426,Male,1980-10-16,FL,Medicaid,2023-11-15
P00427,Female,1963-07-18,FL,Commercial,2020-07-31
P00428,Female,1968-01-01,FL,Medicaid,2019-06-03
P00429,Male,1997-07-02,TX,Commercial,2023-05-27
P00430,Male,1991-04-18,Unknown,Medicaid,2020-03-27
P00431,Female,2013-03-20,NC,Medicaid,2023-09-13
P00432,Female,1957-05-04,FL,Medicare,2021-12-29
P00433,Female,1940-03-13,CA,Medicare,2019-11-28
P00434,Female,1996-05-03,TX,Medicaid,2019-01-25
P00435,Female,1991-03-23,OH,Commercial,2020-05-13
P00436,Male,2001-07-25,IL,Commercial,2020-05-24
P00437,Female,2003-05-27,FL,Commercial,2022-09-16
P00438,Female,1948-05-12,AZ,Medicare,2019-11-17
P00439,Male,1938-06-06,FL,Medicare,2020-09-16
P00440,Female,1937-06-06,NC,Medicare,2019-04-16
P00441,Female,1998-03-21,IL,Medicaid,2020-12-27
P00442,Female,1977-10-05,OH,Commercial,2023-10-21
P00443,Female,1934-09-07,FL,Medicare,2021-06-13
P00444,Male,1990-06-25,GA,Commercial,2020-02-18
P00445,Male,2014-05-10,FL,Commercial,2020-01-25
P00446,Female,1950-06-27,FL,Medicare,2022-01-26
P00447,Male,2020-10-20,FL,Medicaid,2023-02-23
P00448,Male,1935-03-07,FL,Medicare,2019-08-29
P00449,Male,1984-06-15,CA,Commercial,2019-11-21
P00450,Male,1952-07-26,FL,Medicare,2019-08-12
P00451,Male,1991-02-15,TX,Commercial,2020-08-26
P00452,Male,2009-07-25,NC,Medicaid,2019-11-11
P00453,Female,1938-11-03,FL,Medicare,2021-12-27
P00454,Female,2023-01-07,CA,Commercial,2020-02-09
P00455,Male,1977-08-14,OH,Commercial,2021-07-24
P00456,Male,1990-02-08,NY,Commercial,2020-01-13
P00457,Male,2000-06-26,NY,Medicaid,2023-04-09
P00458,Male,1967-10-05,NC,Commercial,2022-07-09
P00459,Male,1947-08-17,NY,Medicare,2022-12-06
P00460,Male,1941-02-02,NY,Medicare,2021-12-21
P00461,Male,1955-01-22,OH,Medicare,2019-12-07
P00462,Female,1991-11-12,PA,Commercial,2023-06-06
P00463,Female,1978-01-05,TX,Medicaid,2020-05-08
P00464,Female,1963-02-24,TX,Commercial,2019-11-08
P00465,Female,1943-05-10,Unknown,Medicare,2020-08-25
P00466,Male,1934-10-26,CA,Medicare,2020-10-10
P00467,Female,1951-06-01,NC,Medicare,2023-04-24
P00468,Male,2019-07-30,FL,Medicaid,2020-12-09
P00469,Female,2003-11-17,FL,Commercial,2022-11-14
P00470,Male,1935-01-07,NY,Medicare,2022-10-09
P00471,Female,1971-05-26,PA,Commercial,2019-09-12
P00472,Male,1965-11-26,TX,Commercial,2020-12-05
P00473,Female,2001-08-29,AZ,Commercial,2019-01-14
P00474,Male,1979-03-01,OH,Commercial,2021-09-24
P00475,Male,1978-07-23,OH,Commercial,2022-03-20
P00476,Male,2008-07-04,PA,Commercial,2019-01-11
P00477,Male,1962-11-09,GA,Commercial,2020-11-21
P00478,Male,1941-11-21,TX,Medicare,2019-09-09
P00479,Male,1939-01-10,FL,Medicare,2023-10-12
P00480,Female,1974-01-18,TX,Commercial,2021-05-17
P00481,Male,1994-11-27,FL,Commercial,2019-12-03
P00482,Female,1980-06-14,OH,Commercial,2019-12-18
P00483,Female,1958-04-27,OH,Medicare,2020-06-06
P00484,Female,2009-02-13,GA,Commercial,2023-03-07
P00485,Female,2017-06-10,NY,Commercial,2021-04-09
P00486,Female,1990-02-17,NC,Commercial,2023-06-30
P00487,Male,1969-11-17,OH,Commercial,2019-12-30
P00488,Male,1970-12-26,AZ,Commercial,2020-11-07
P00489,Male,1958-07-15,GA,Medicare,2023-01-13
P00490,Female,1934-09-26,GA,Medicare,2020-05-15
P00491,Male,1949-03-31,PA,Medicare,2020-05-29
P00492,Female,1954-08-31,FL,Medicare,2023-09-27
P00493,Female,1946-08-05,OH,Medicare,2023-07-23
P00494,Female,1990-06-19,FL,Commercial,2022-12-31
P00495,Male,1938-01-15,NY,Medicare,2023-08-27
P00496,Male,1957-12-05,CA,Medicare,2021-04-26
P00497,Female,1993-06-13,OH,Commercial,2019-08-10
P00498,Female,1948-08-12,FL,Medicare,2023-09-09
P00499,Female,1981-12-18,PA,Commercial,2020-12-06
P00500,Female,1957-03-09,PA,Medicare,2021-11-19
P00501,Male,1945-02-01,OH,Medicare,2019-10-28
P00502,Female,2018-10-29,IL,Medicaid,2021-08-05
P00503,Male,1967-03-30,PA,Medicaid,2020-08-29
P00504,Male,1955-04-21,OH,Medicare,2019-05-25
P00505,Female,1938-04-18,CA,Medicare,2023-04-28
P00506,Male,1940-07-16,OH,Medicare,2022-06-04
P00507,Male,1962-09-06,AZ,Commercial,2022-08-27
P00508,Female,2022-12-06,CA,Medicaid,2023-02-28
P00509,Male,2009-12-19,GA,Commercial,2020-10-06
P00510,Female,2020-10-28,GA,Commercial,2023-12-19
P00511,Male,1996-06-22,OH,Commercial,2022-01-27
P00512,Male,1965-11-10,AZ,Medicaid,2023-05-25
P00513,Male,1974-04-25,GA,Commercial,2020-12-05
P00514,Male,1978-05-19,AZ,Commercial,2020-04-01
P00515,Male,1968-08-28,GA,Commercial,2021-09-01
P00516,Female,2023-12-01,TX,Commercial,2021-10-12
P00517,Male,1972-06-26,IL,Commercial,2021-10-03
P00518,Male,1939-03-07,AZ,Medicare,2023-01-04
P00519,Male,1979-08-11,CA,Commercial,2022-02-15
P00520,Male,1974-03-12,AZ,Medicaid,2019-05-05
P00521,Female,1979-09-19,PA,Medicaid,2023-10-18
P00522,Female,1996-12-02,PA,Commercial,2020-01-25
P00523,Male,1984-05-08,PA,Commercial,2023-03-07
P00524,Male,1956-02-11,TX,Medicare,2023-06-07
P00525,Male,1983-02-13,FL,Commercial,2022-07-29
P00526,Female,1994-01-15,FL,Commercial,2022-08-29
P00527,Female,1998-11-22,FL,Medicaid,2022-06-03
P00528,Male,2010-12-16,GA,Medicaid,2019-10-04
P00529,Female,1934-06-07,FL,Medicare,2019-06-26
P00530,Male,1977-01-19,GA,Commercial,2020-07-17
P00531,Male,1943-01-02,CA,Medicare,2023-04-10
P00532,Female,1933-09-20,FL,Medicare,2019-04-12
P00533,Female,2012-08-17,TX,Commercial,2019-10-08
P00534,Male,1934-05-03,GA,Medicare,2023-08-15
P00535,Male,1978-02-01,FL,Commercial,2022-01-25
P00536,Female,2012-10-29,NC,Commercial,2020-02-16
P00537,Female,1941-01-09,IL,Medicare,2023-07-23
P00538,Female,2020-03-08,NC,Commercial,2023-08-15
P00539,Female,2020-12-07,NC,Commercial,2020-12-22
P00540,Male,2014-02-27,AZ,Medicaid,2022-04-27
P00541,Female,1976-05-11,NC,Medicaid,2021-10-18
P00542,Female,1946-01-08,FL,Medicare,2020-04-02
P00543,Female,1991-10-17,GA,Medicaid,2021-04-12
P00544,Female,2012-01-04,CA,Medicaid,2020-06-13
P00545,Male,1964-12-14,CA,Commercial,2023-05-16
P00546,Male,2005-12-04,PA,Commercial,2023-12-29
P00547,Female,2013-07-21,FL,Commercial,2022-09-29
P00548,Female,2015-05-06,AZ,Commercial,2022-12-29
P00549,Male,1935-11-02,NY,Medicare,2022-05-20
P00550,Male,1976-09-23,IL,Commercial,2020-02-11
P00551,Female,1998-08-11,NY,Commercial,2023-03-30
P00552,Female,1995-11-17,FL,Commercial,2023-05-16
P00553,Male,2001-10-28,TX,Commercial,2022-12-31
P00554,Female,1962-11-07,GA,Medicaid,2022-05-16
P00555,Male,1979-01-18,GA,Commercial,2023-01-06
P00556,Male,1980-01-25,IL,Commercial,2023-01-31
P00557,Female,1995-05-17,TX,Commercial,2021-02-08
P00558,Female,1989-04-26,FL,Commercial,2023-06-12
P00559,Male,1938-11-11,TX,Medicare,2023-03-27
P00560,Female,1981-12-13,CA,Commercial,2019-10-28
P00561,Male,1971-08-17,GA,Commercial,2023-11-29
P00562,Female,2021-01-06,FL,Commercial,2023-09-12
P00563,Male,1968-07-10,PA,Medicaid,2023-08-28
P00564,Male,1943-03-13,GA,Medicare,2021-04-28
P00565,Male,1947-08-20,IL,Medicare,2020-07-13
P00566,Female,1948-09-10,FL,Medicare,2020-07-16
P00567,Male,1956-03-10,CA,Medicare,2020-07-21
P00568,Male,2006-07-13,NC,Commercial,2023-09-18
P00569,Female,1984-04-08,FL,Commercial,2022-04-13
P00570,Male,1956-04-10,NC,Medicare,2020-11-01
P00571,Male,2014-04-10,TX,Commercial,2020-08-05
P00572,Female,2010-04-29,TX,Medicaid,2022-05-02
P00573,Male,2005-03-11,PA,Commercial,2019-10-09
P00574,Female,1948-07-15,AZ,Medicare,2019-11-02
P00575,Female,2014-09-12,FL,Medicaid,2020-03-05
P00576,Female,1935-06-28,NC,Medicare,2020-01-07
P00577,Female,2016-09-04,FL,Medicaid,2019-02-17
P00578,Female,1949-12-16,FL,Medicare,2020-01-14
P00579,Female,1980-08-21,FL,Medicaid,2021-01-28
P00580,Male,2001-07-02,CA,Commercial,2022-01-04
P00581,Male,1999-06-26,NC,Commercial,2022-03-12
P00582,Female,1939-08-30,NY,Medicare,2019-11-22
P00583,Male,2018-04-11,AZ,Commercial,2022-07-10
P00584,Male,1977-09-18,OH,Commercial,2020-11-08
P00585,Female,1988-05-09,FL,Medicaid,2021-06-28
P00586,Male,1947-09-25,GA,Medicare,2022-02-09
P00587,Female,1965-01-05,CA,Commercial,2021-10-01
P00588,Female,1983-05-10,TX,Commercial,2023-08-07
P00589,Female,2013-06-11,FL,Commercial,2020-06-16
P00590,Female,1981-07-28,FL,Commercial,2023-09-02
P00591,Female,1997-03-31,TX,Medicaid,2023-08-20
P00592,Female,1974-07-29,NY,Commercial,2022-09-30
P00593,Male,1992-03-13,CA,Commercial,2021-05-07
P00594,Male,1941-11-03,OH,Medicare,2022-07-04
P00595,Male,1963-03-08,AZ,Commercial,2019-08-09
P00596,Male,2021-01-14,PA,Commercial,2019-05-15
P00597,Male,1934-10-04,TX,Medicare,2022-01-14
P00598,Male,1958-10-11,NY,Medicare,2019-01-03
P00599,Female,1994-01-17,GA,Medicaid,2023-07-23
P00600,Female,1950-08-05,AZ,Medicare,2023-04-14
P00601,Female,1989-04-22,NY,Commercial,2022-04-08
P00602,Female,1940-10-23,GA,Medicare,2019-04-17
P00603,Male,1983-07-29,NC,Medicaid,2021-06-26
P00604,Female,1948-04-19,NY,Medicare,2020-06-21
P00605,Female,1959-02-09,AZ,Medicaid,2020-09-27
P00606,Female,1953-07-25,FL,Medicare,2021-07-06
P00607,Male,1984-12-04,TX,Medicaid,2019-05-07
P00608,Female,1994-08-03,IL,Commercial,2019-03-26
P00609,Female,1939-05-12,NY,Medicare,2021-10-06
P00610,Female,1980-02-16,TX,Commercial,2020-06-08
P00611,Female,1937-03-02,CA,Medicare,2020-11-19
P00612,Male,1955-03-30,NC,Medicare,2021-01-13
P00613,Female,1959-11-02,FL,Medicaid,2023-06-30
P00614,Female,2003-06-26,GA,Medicaid,2022-12-15
P00615,Male,2023-06-05,TX,Commercial,2019-01-21
P00616,Female,1941-07-13,GA,Medicare,2022-10-12
P00617,Male,1942-01-29,TX,Medicare,2020-09-29
P00618,Male,1981-01-15,TX,Commercial,2019-06-13
P00619,Female,1982-10-16,NC,Commercial,2020-12-28
P00620,Female,2001-01-16,CA,Commercial,2022-12-05
P00621,Female,1937-02-26,TX,Medicare,2019-09-16
P00622,Female,1964-04-18,GA,Commercial,2023-11-04
P00623,Female,1968-08-14,TX,Medicaid,2020-05-22
P00624,Male,1991-03-30,FL,Commercial,2022-09-03
P00625,Female,2003-06-02,AZ,Medicaid,2020-10-20
P00626,Female,2011-02-07,FL,Commercial,2021-08-07
P00627,Male,1954-04-16,PA,Medicare,2021-02-27
P00628,Female,1992-01-15,CA,Commercial,2022-02-03
P00629,Male,1933-07-31,PA,Medicare,2021-05-11
P00630,Female,1980-12-01,IL,Medicaid,2019-04-30
P00631,Male,1971-07-06,OH,Medicaid,2019-11-15
P00632,Male,2000-01-02,CA,Medicaid,2021-11-29
P00633,Male,2013-05-06,GA,Commercial,2019-04-20
P00634,Male,1969-04-19,NC,Commercial,2019-07-24
P00635,Female,1974-05-17,FL,Commercial,2020-11-13
P00636,Female,1989-05-29,TX,Commercial,2021-01-11
P00637,Female,1939-12-10,PA,Medicare,2023-10-28
P00638,Female,1951-08-04,CA,Medicare,2021-05-20
P00639,Male,1939-12-01,GA,Medicare,2022-12-09
P00640,Female,1968-08-31,IL,Medicaid,2023-03-15
P00641,Female,1933-04-13,Unknown,Medicare,2019-09-18
P00642,Male,1993-03-13,IL,Medicaid,2022-08-25
P00643,Female,1999-10-12,OH,Commercial,2020-12-04
P00644,Male,1997-05-07,FL,Commercial,2019-09-02
P00645,Female,1934-10-10,FL,Medicare,2021-01-05
P00646,Male,2017-10-19,AZ,Medicaid,2020-02-08
P00647,Female,1974-01-15,FL,Commercial,2020-02-17
P00648,Male,1934-05-23,AZ,Medicare,2021-10-07
P00649,Male,1946-10-20,TX,Medicare,2019-05-25
P00650,Male,1998-11-10,TX,Commercial,2019-06-18
P00651,Male,1959-12-14,CA,Commercial,2022-04-25
P00652,Male,2012-07-03,NY,Medicaid,2019-11-28
P00653,Female,1936-11-25,TX,Medicare,2023-02-01
P00654,Female,1985-06-02,CA,Commercial,2023-06-11
P00655,Male,1971-07-27,TX,Medicaid,2021-05-09
P00656,Male,2014-05-13,FL,Commercial,2020-12-22
P00657,Male,1991-10-18,PA,Medicaid,2021-02-01
P00658,Male,2009-11-08,NY,Commercial,2020-01-05
P00659,Female,1938-11-25,NC,Medicare,2022-01-18
P00660,Female,1987-11-28,CA,Commercial,2019-12-18
P00661,Female,1981-12-05,CA,Commercial,2019-06-30
P00662,Male,2006-09-28,GA,Medicaid,2023-07-19
P00663,Female,2005-03-14,IL,Commercial,2021-10-04
P00664,Female,1982-05-24,NY,Commercial,2022-11-18
P00665,Male,2001-10-01,IL,Commercial,2020-09-20
P00666,Female,1956-01-26,OH,Medicare,2021-12-09
P00667,Female,2013-03-29,NC,Medicaid,2022-08-06
P00668,Female,2004-03-22,NY,Medicaid,2022-09-29
P00669,Female,2017-02-07,FL,Commercial,2022-03-25
P00670,Female,2018-04-03,TX,Commercial,2023-06-17
P00671,Male,2006-01-16,NC,Commercial,2023-06-25
P00672,Male,1941-09-02,TX,Medicare,2020-11-10
P00673,Male,2014-02-22,FL,Medicaid,2019-04-17
P00674,Male,1937-11-21,NY,Medicare,2021-06-19
P00675,Female,1949-09-13,FL,Medicare,2019-05-15
P00676,Female,1990-02-09,TX,Commercial,2023-03-25
P00677,Female,1977-11-13,NY,Medicaid,2019-02-20
P00678,Male,1976-07-02,FL,Commercial,2021-01-26
P00679,Female,2017-08-29,FL,Commercial,2020-04-14
P00680,Male,1983-11-26,GA,Commercial,2023-09-10
P00681,Male,1968-10-06,CA,Commercial,2020-12-25
P00682,Male,1994-06-19,IL,Commercial,2022-02-01
P00683,Female,1967-05-16,GA,Commercial,2019-07-07
P00684,Male,1962-04-29,NC,Commercial,2020-01-16
P00685,Female,1950-11-14,FL,Medicare,2019-09-07
P00686,Male,2017-09-06,CA,Commercial,2019-07-22
P00687,Male,1983-11-24,FL,Commercial,2020-05-26
P00688,Female,1966-12-28,PA,Medicaid,2022-10-11
P00689,Male,1944-08-11,OH,Medicare,2022-08-03
P00690,Male,1937-05-19,NC,Medicare,2019-09-16
P00691,Male,1989-08-18,FL,Commercial,2020-12-30
P00692,Female,1996-12-17,PA,Medicaid,2019-07-19
P00693,Female,1962-10-12,FL,Commercial,2020-01-12
P00694,Female,2014-07-27,NY,Commercial,2020-12-20
P00695,Male,1994-08-24,OH,Medicaid,2023-03-29
P00696,Female,1955-03-06,CA,Medicare,2019-02-04
P00697,Male,1954-05-27,PA,Medicare,2022-10-15
P00698,Male,1958-01-01,Unknown,Medicare,2022-10-09
P00699,Female,1958-10-28,OH,Medicare,2023-04-10
P00700,Male,2008-08-18,GA,Commercial,2023-08-29
P00701,Female,1976-11-30,TX,Commercial,2022-02-16
P00702,Female,1967-12-25,NY,Commercial,2019-10-15
P00703,Female,1969-01-28,CA,Commercial,2019-09-04
P00704,Male,1991-07-06,NC,Medicaid,2021-07-20
P00705,Male,2012-05-05,CA,Commercial,2022-06-06
P00706,Female,1938-09-22,NC,Medicare,2022-04-09
P00707,Female,1939-12-14,FL,Medicare,2019-05-31
P00708,Female,1953-02-09,TX,Medicare,2023-09-23
P00709,Male,1998-05-05,IL,Commercial,2023-09-19
P00710,Female,2010-04-16,GA,Commercial,2023-09-06
P00711,Male,1981-06-20,FL,Medicaid,2019-07-26
P00712,Male,1938-08-06,OH,Medicare,2023-07-20
P00713,Female,1993-07-30,FL,Medicaid,2019-04-19
P00714,Male,1962-03-28,NY,Medicaid,2023-01-31
P00715,Male,1937-10-10,NC,Medicare,2021-04-06
P00716,Male,2008-08-29,NY,Commercial,2019-02-26
P00717,Male,1948-09-10,IL,Medicare,2023-06-04
P00718,Female,1964-06-24,PA,Commercial,2022-08-06
P00719,Male,1958-01-12,NY,Medicare,2020-05-14
P00720,Female,1959-01-30,AZ,Medicaid,2019-12-02
P00721,Male,1938-06-16,GA,Medicare,2019-06-21
P00722,Female,2020-10-19,GA,Commercial,2023-11-27
P00723,Female,2004-01-23,NC,Commercial,2020-02-13
P00724,Female,1989-09-08,CA,Medicaid,2022-05-24
P00725,Female,2023-08-24,GA,Commercial,2021-03-20
P00726,Female,2012-02-12,TX,Commercial,2019-06-23
P00727,Female,1972-09-26,GA,Commercial,2019-06-30
P00728,Male,1983-07-17,GA,Commercial,2023-01-29
P00729,Male,1984-02-01,TX,Commercial,2021-08-26
P00730,Female,1944-09-06,IL,Medicare,2022-08-01
P00731,Male,2009-05-18,PA,Commercial,2020-12-05
P00732,Male,1965-12-18,NY,Commercial,2019-11-15
P00733,Female,2000-01-03,NY,Commercial,2022-05-31
P00734,Male,1963-08-02,FL,Commercial,2023-05-25
P00735,Female,1973-05-01,NY,Commercial,2023-09-06
P00736,Male,1939-07-03,CA,Medicare,2023-09-26
P00737,Male,2010-07-26,OH,Commercial,2022-03-04
P00738,Female,1988-08-05,Unknown,Commercial,2019-03-06
P00739,Female,1991-12-26,IL,Commercial,2022-09-29
P00740,Female,2008-09-21,PA,Commercial,2021-12-24
P00741,Male,2007-08-16,FL,Commercial,2020-08-18
P00742,Female,1965-08-19,IL,Commercial,2020-09-18
P00743,Male,1975-09-24,GA,Medicaid,2022-08-27
P00744,Male,2011-05-12,IL,Commercial,2023-05-15
P00745,Female,1951-03-05,CA,Medicare,2023-03-22
P00746,Male,2013-02-09,TX,Commercial,2022-11-26
P00747,Female,1995-01-12,TX,Commercial,2023-07-28
P00748,Male,2023-05-09,CA,Commercial,2021-09-14
P00749,Female,1952-08-03,PA,Medicare,2020-10-10
P00750,Female,2012-05-10,PA,Medicaid,2020-08-17
P00751,Female,2008-11-13,TX,Commercial,2019-06-18
P00752,Female,2011-03-09,PA,Commercial,2022-07-15
P00753,Male,2012-06-19,NY,Commercial,2020-09-24
P00754,Male,2018-11-01,TX,Commercial,2019-08-01
P00755,Female,1954-07-29,GA,Medicare,2023-11-11
P00756,Female,1967-09-14,PA,Commercial,2020-02-06
P00757,Male,2004-08-26,CA,Commercial,2023-07-25
P00758,Female,1973-12-13,TX,Medicaid,2021-03-31
P00759,Female,1988-12-26,NC,Commercial,2019-11-07
P00760,Male,2007-08-27,PA,Commercial,2021-09-15
P00761,Female,1941-09-12,FL,Medicare,2021-03-16
P00762,Male,1973-01-01,TX,Commercial,2020-11-27
P00763,Female,2022-09-27,TX,Commercial,2021-02-11
P00764,Male,1996-09-02,Unknown,Commercial,2020-05-06
P00765,Female,2021-01-31,TX,Medicaid,2019-09-16
P00766,Female,1973-02-21,OH,Commercial,2023-04-30
P00767,Female,1959-12-12,GA,Commercial,2021-12-04
P00768,Male,2003-12-01,PA,Commercial,2019-09-28
P00769,Male,2003-11-28,AZ,Commercial,2022-02-04
P00770,Female,1954-07-17,GA,Medicare,2021-07-22
P00771,Male,1991-06-07,TX,Commercial,2020-04-17
P00772,Female,1948-08-25,FL,Medicare,2019-04-30
P00773,Female,1955-12-28,NC,Medicare,2022-09-29
P00774,Female,2011-10-20,NY,Medicaid,2019-03-25
P00775,Male,2007-05-22,CA,Commercial,2020-06-15
P00776,Female,1985-08-18,OH,Medicaid,2023-11-06
P00777,Female,1944-11-16,OH,Medicare,2019-09-12
P00778,Male,1975-05-09,NY,Commercial,2022-01-30
P00779,Male,1943-05-23,IL,Medicare,2022-08-04
P00780,Female,1975-07-07,IL,Medicaid,2021-05-16
P00781,Male,1985-01-22,CA,Commercial,2021-02-14
P00782,Female,2000-02-27,FL,Medicaid,2021-04-22
P00783,Female,2001-12-17,OH,Commercial,2023-09-23
P00784,Female,1947-02-05,IL,Medicare,2019-11-23
P00785,Male,2004-12-13,CA,Medicaid,2022-04-18
P00786,Male,1974-07-09,NC,Commercial,2023-04-19
P00787,Female,2011-02-06,TX,Medicaid,2021-03-05
P00788,Female,2020-01-08,NY,Commercial,2020-11-21
P00789,Female,1948-12-23,OH,Medicare,2023-06-27
P00790,Male,1957-12-05,PA,Medicare,2019-04-17
P00791,Male,2011-10-05,FL,Commercial,2020-12-31
P00792,Male,1999-09-23,FL,Commercial,2019-01-09
P00793,Male,2023-09-22,TX,Commercial,2020-08-26
P00794,Male,2009-08-01,TX,Commercial,2023-12-14
P00795,Male,1988-09-06,OH,Commercial,2022-12-17
P00796,Male,1999-06-03,FL,Commercial,2019-02-22
P00797,Female,1965-02-23,OH,Commercial,2021-03-16
P00798,Male,2017-06-15,NY,Commercial,2023-05-23
P00799,Female,1935-09-02,NC,Medicare,2023-08-19
P00800,Female,1938-06-07,NY,Medicare,2021-04-27
P00801,Female,1947-05-20,OH,Medicare,2021-01-12
P00802,Female,1980-02-08,TX,Commercial,2022-10-09
P00803,Male,2020-01-21,TX,Medicaid,2023-01-11
P00804,Female,1954-09-21,CA,Medicare,2020-12-21
P00805,Female,2002-01-30,NY,Commercial,2021-10-29
P00806,Male,1981-03-08,TX,Commercial,2023-10-26
P00807,Male,1945-11-15,IL,Medicare,2023-09-18
P00808,Female,1998-06-11,NC,Commercial,2022-10-24
P00809,Female,1941-11-06,FL,Medicare,2021-03-08
P00810,Female,1963-07-06,OH,Medicaid,2022-07-02
P00811,Male,1966-12-15,GA,Commercial,2023-12-05
P00812,Female,1976-09-13,TX,Commercial,2019-06-06
P00813,Male,1988-05-31,GA,Medicaid,2020-07-15
P00814,Female,1954-09-12,FL,Medicare,2021-01-31
P00815,Male,1961-12-28,TX,Commercial,2022-10-13
P00816,Female,2010-08-12,CA,Medicaid,2020-06-18
P00817,Female,1961-06-17,TX,Medicaid,2019-04-11
P00818,Female,1936-03-28,FL,Medicare,2020-08-16
P00819,Female,1941-11-12,GA,Medicare,2022-07-11
P00820,Male,1985-07-10,GA,Commercial,2022-01-16
P00821,Male,1971-10-21,CA,Commercial,2019-05-12
P00822,Female,1941-11-05,GA,Medicare,2023-12-07
P00823,Male,2017-11-17,NY,Commercial,2022-11-24
P00824,Female,1945-03-29,NY,Medicare,2023-06-20
P00825,Male,1976-01-31,GA,Medicaid,2020-10-18
P00826,Female,1964-05-03,OH,Commercial,2021-09-16
P00827,Female,1942-08-15,NC,Medicare,2023-05-03
P00828,Female,1962-01-19,NC,Commercial,2019-04-20
P00829,Female,2021-07-03,TX,Medicaid,2021-03-31
P00830,Male,1983-06-22,TX,Commercial,2022-10-05
P00831,Female,1951-05-15,CA,Medicare,2019-04-11
P00832,Female,1937-05-07,AZ,Medicare,2020-07-06
P00833,Male,1988-07-05,TX,Commercial,2023-05-09
P00834,Female,1934-07-10,NC,Medicare,2019-11-15
P00835,Female,1934-09-06,NY,Medicare,2023-09-16
P00836,Male,1936-04-27,IL,Medicare,2019-06-22
P00837,Female,1954-04-30,GA,Medicare,2022-01-13
P00838,Male,1982-07-25,NY,Medicaid,2022-07-15
P00839,Male,1986-04-16,NY,Commercial,2023-09-26
P00840,Female,1956-11-11,NC,Medicare,2019-05-08
P00841,Female,1964-08-02,NC,Commercial,2021-03-16
P00842,Female,1951-01-06,NC,Medicare,2020-12-18
P00843,Male,1958-04-08,NC,Medicare,2019-10-03
P00844,Male,2004-04-13,NY,Commercial,2021-06-18
P00845,Male,1960-02-20,FL,Commercial,2022-07-21
P00846,Female,1992-05-23,PA,Medicaid,2020-02-11
P00847,Male,2016-05-04,TX,Commercial,2021-05-09
P00848,Female,1933-07-09,FL,Medicare,2022-10-23
P00849,Male,1960-03-05,FL,Commercial,2019-10-13
P00850,Female,2008-04-16,NY,Medicaid,2019-12-11
P00851,Male,1973-06-23,TX,Commercial,2022-10-07
P00852,Female,2022-11-15,NC,Commercial,2020-10-02
P00853,Female,1965-03-12,CA,Medicaid,2019-05-27
P00854,Female,1981-09-03,FL,Medicaid,2020-01-04
P00855,Male,2009-08-22,GA,Commercial,2023-01-04
P00856,Male,1966-11-16,IL,Commercial,2019-09-23
P00857,Male,1944-10-13,OH,Medicare,2023-09-21
P00858,Female,1959-11-17,PA,Medicaid,2020-12-01
P00859,Male,1985-11-26,FL,Commercial,2021-06-12
P00860,Female,1943-12-25,IL,Medicare,2023-10-26
P00861,Male,1954-09-15,PA,Medicare,2020-05-17
P00862,Female,1958-03-31,NY,Medicare,2022-07-07
P00863,Male,1953-02-19,NC,Medicare,2019-09-29
P00864,Male,1958-10-10,GA,Medicare,2019-08-13
P00865,Female,2017-07-30,CA,Commercial,2021-01-19
P00866,Male,2016-03-03,OH,Medicaid,2020-11-13
P00867,Female,2015-04-18,NY,Medicaid,2023-09-28
P00868,Female,1942-02-04,FL,Medicare,2019-07-22
P00869,Female,1960-07-31,TX,Commercial,2020-08-06
P00870,Female,1977-10-31,NC,Commercial,2022-01-30
P00871,Female,1942-11-09,NC,Medicare,2023-07-29
P00872,Male,1991-04-18,NY,Commercial,2021-06-24
P00873,Male,1962-12-22,AZ,Medicaid,2019-07-02
P00874,Female,2017-07-16,FL,Commercial,2019-09-10
P00875,Male,1948-08-25,FL,Medicare,2023-07-05
P00876,Male,2022-01-30,GA,Medicaid,2020-03-12
P00877,Female,1971-01-02,OH,Commercial,2023-08-05
P00878,Female,1988-07-08,OH,Commercial,2022-02-12
P00879,Male,1954-06-03,OH,Medicare,2021-10-07
P00880,Female,1954-08-15,PA,Medicare,2023-11-21
P00881,Female,1972-03-23,NY,Commercial,2023-04-26
P00882,Male,1939-09-16,TX,Medicare,2019-08-09
P00883,Male,2002-04-04,CA,Medicaid,2020-11-09
P00884,Male,1982-02-05,TX,Commercial,2020-01-27
P00885,Male,1994-10-30,NY,Commercial,2021-02-23
P00886,Female,1995-10-11,FL,Commercial,2021-10-04
P00887,Male,1972-08-15,TX,Commercial,2023-11-29
P00888,Male,2009-03-04,NY,Commercial,2021-04-10
P00889,Female,2016-05-12,FL,Commercial,2020-02-25
P00890,Female,1936-10-22,AZ,Medicare,2022-12-25
P00891,Female,1970-08-19,FL,Commercial,2021-07-19
P00892,Male,2013-05-11,IL,Medicaid,2021-12-10
P00893,Male,2001-01-13,FL,Commercial,2019-08-26
P00894,Male,1980-07-20,PA,Commercial,2023-03-10
P00895,Female,1942-12-04,CA,Medicare,2023-06-23
P00896,Male,1984-11-23,FL,Medicaid,2022-12-13
P00897,Female,1989-12-21,GA,Commercial,2023-03-22
P00898,Male,1971-11-17,TX,Commercial,2019-10-10
P00899,Male,1967-08-04,OH,Commercial,2022-09-13
P00900,Male,1938-09-20,FL,Medicare,2022-03-11
P00901,Female,1995-09-14,GA,Commercial,2022-09-19
P00902,Female,2005-03-27,NC,Commercial,2019-12-07
P00903,Female,1995-07-11,CA,Commercial,2020-09-07
P00904,Male,1969-04-09,TX,Commercial,2021-08-20
P00905,Female,1991-06-18,FL,Medicaid,2020-01-04
P00906,Male,1955-10-19,CA,Medicare,2023-08-25
P00907,Female,1996-01-20,GA,Commercial,2020-08-11
P00908,Male,1978-07-11,CA,Commercial,2022-03-13
P00909,Female,1977-03-01,GA,Commercial,2022-02-08
P00910,Female,1989-11-26,AZ,Commercial,2023-03-19
P00911,Male,1945-02-24,CA,Medicare,2023-07-08
P00912,Female,1967-04-15,CA,Medicaid,2020-07-15
P00913,Female,2013-10-01,PA,Medicaid,2019-10-03
P00914,Male,2009-03-17,AZ,Medicaid,2019-06-13
P00915,Female,1961-04-04,OH,Medicaid,2022-10-14
P00916,Male,1997-02-08,CA,Medicaid,2020-03-10
P00917,Male,2003-10-17,PA,Commercial,2023-06-13
P00918,Female,1972-02-12,FL,Commercial,2020-02-11
P00919,Female,1984-03-28,OH,Commercial,2021-03-04
P00920,Female,1944-08-30,NC,Medicare,2019-09-12
P00921,Female,2018-08-26,CA,Commercial,2023-08-31
P00922,Female,1971-10-01,PA,Medicaid,2020-02-14
P00923,Male,1946-07-10,NC,Medicare,2021-09-01
P00924,Female,1941-02-07,NC,Medicare,2021-02-28
P00925,Male,1967-03-02,IL,Commercial,2021-04-23
P00926,Male,2015-11-09,NC,Commercial,2020-06-07
P00927,Female,1967-11-15,GA,Commercial,2021-01-03
P00928,Male,2018-12-10,FL,Medicaid,2021-12-03
P00929,Female,1953-05-21,NY,Medicare,2021-10-29
P00930,Female,1942-09-08,GA,Medicare,2023-08-25
P00931,Male,1983-03-30,NC,Commercial,2020-05-20
P00932,Female,1973-03-29,PA,Commercial,2020-06-23
P00933,Female,2001-10-20,GA,Commercial,2021-03-03
P00934,Male,1948-04-22,IL,Medicare,2020-05-24
P00935,Male,1957-03-27,OH,Medicare,2022-08-29
P00936,Male,2016-01-06,AZ,Commercial,2022-11-19
P00937,Male,2005-04-12,FL,Medicaid,2019-05-20
P00938,Male,2007-08-23,NY,Commercial,2019-03-28
P00939,Male,1974-01-01,CA,Medicaid,2019-09-28
P00940,Female,2010-09-22,OH,Commercial,2023-09-28
P00941,Male,2013-03-13,IL,Commercial,2021-04-05
P00942,Male,1976-08-15,IL,Medicaid,2020-04-28
P00943,Female,1989-01-24,GA,Commercial,2023-10-26
P00944,Female,2009-03-21,TX,Commercial,2019-03-01
P00945,Female,1978-05-27,NC,Commercial,2020-01-26
P00946,Female,2009-10-14,FL,Commercial,2022-06-16
P00947,Female,1938-10-24,AZ,Medicare,2021-06-21
P00948,Female,2021-01-20,OH,Medicaid,2019-06-11
P00949,Male,1985-03-14,PA,Medicaid,2019-09-27
P00950,Female,1985-06-27,IL,Commercial,2019-11-15
P00951,Female,1948-02-15,FL,Medicare,2019-02-01
P00952,Male,1979-03-22,TX,Commercial,2020-04-14
P00953,Female,1999-08-13,CA,Commercial,2019-05-01
P00954,Male,1981-03-05,PA,Commercial,2019-03-28
P00955,Male,2009-03-16,NC,Medicaid,2023-11-27
P00956,Male,1987-07-11,FL,Medicaid,2020-09-25
P00957,Female,1957-12-24,CA,Medicare,2022-05-02
P00958,Female,1951-04-06,GA,Medicare,2021-07-12
P00959,Male,2000-08-30,TX,Commercial,2023-03-01
P00960,Female,1937-08-20,AZ,Medicare,2020-08-16
P00961,Female,1956-04-15,FL,Medicare,2019-10-31
P00962,Female,1968-03-11,FL,Commercial,2021-12-11
P00963,Male,1961-11-29,TX,Commercial,2020-07-06
P00964,Female,1982-03-06,PA,Commercial,2022-05-19
P00965,Male,1970-09-16,FL,Medicaid,2020-04-04
P00966,Male,2018-06-08,FL,Commercial,2023-08-04
P00967,Female,1974-02-17,TX,Medicaid,2019-08-09
P00968,Male,1971-10-14,CA,Commercial,2022-02-11
P00969,Male,1949-10-12,FL,Medicare,2021-06-24
P00970,Female,1986-01-11,OH,Commercial,2019-12-28
P00971,Female,1965-08-17,PA,Commercial,2023-11-08
P00972,Female,1981-01-20,NY,Commercial,2019-04-12
P00973,Male,1968-08-23,FL,Commercial,2020-12-06
P00974,Female,2012-05-19,NY,Medicaid,2019-02-17
P00975,Female,1980-06-28,GA,Commercial,2021-04-01
P00976,Male,1957-01-06,NY,Medicare,2022-12-21
P00977,Male,1967-06-15,OH,Commercial,2021-02-03
P00978,Female,1966-07-01,FL,Commercial,2021-02-23
P00979,Male,1955-07-15,FL,Medicare,2019-05-27
P00980,Male,2009-08-16,FL,Commercial,2021-02-15
P00981,Female,1992-07-24,FL,Medicaid,2021-12-21
P00982,Male,2023-07-17,GA,Medicaid,2023-02-14
P00983,Male,1944-03-28,TX,Medicare,2022-05-17
P00984,Female,2007-12-16,OH,Commercial,2021-02-04
P00985,Male,1983-07-03,FL,Commercial,2022-02-27
P00986,Female,1992-06-14,TX,Medicaid,2022-03-10
P00987,Male,1965-04-01,IL,Commercial,2023-12-06
P00988,Male,1970-05-02,CA,Commercial,2019-04-18
P00989,Female,1973-07-27,PA,Commercial,2019-10-28
P00990,Female,1943-11-23,NY,Medicare,2022-09-23
P00991,Male,1942-08-18,FL,Medicare,2023-04-26
P00992,Male,1945-09-29,FL,Medicare,2019-10-31
P00993,Female,1958-10-18,OH,Medicare,2019-10-28
P00994,Female,1994-04-12,PA,Commercial,2019-07-10
P00995,Female,1999-07-11,NY,Medicaid,2021-04-07
P00996,Female,1998-03-17,NY,Commercial,2020-04-29
P00997,Female,1957-11-11,NY,Medicare,2020-05-10
P00998,Male,2008-01-07,FL,Commercial,2022-12-06
P00999,Female,1986-07-12,FL,Medicaid,2021-05-20
P01000,Male,2009-09-30,AZ,Commercial,2022-09-13
P01001,Male,1964-08-21,FL,Commercial,2020-03-27
P01002,Male,1976-02-28,TX,Commercial,2019-02-24
P01003,Male,1997-04-16,NC,Commercial,2023-08-15
P01004,Female,2018-10-30,TX,Commercial,2023-08-16
P01005,Male,1938-01-04,AZ,Medicare,2022-09-06
P01006,Female,2008-11-14,FL,Commercial,2023-06-02
P01007,Female,1997-09-22,PA,Medicaid,2023-12-16
P01008,Male,1966-04-09,FL,Commercial,2019-02-11
P01009,Male,1948-06-21,GA,Medicare,2021-02-03
P01010,Male,1986-07-22,NY,Commercial,2020-02-14
P01011,Female,1950-01-27,PA,Medicare,2021-03-04
P01012,Female,1951-03-18,TX,Medicare,2020-04-09
P01013,Male,1983-01-15,GA,Commercial,2020-07-28
P01014,Female,1978-09-19,TX,Medicaid,2023-03-15
P01015,Female,1961-02-24,FL,Commercial,2023-04-02
P01016,Male,1991-10-16,PA,Commercial,2021-07-23
P01017,Male,1952-03-12,IL,Medicare,2022-02-23
P01018,Female,1968-06-14,NC,Medicaid,2019-10-20
P01019,Female,2007-05-28,NY,Commercial,2022-06-22
P01020,Male,1979-11-20,CA,Commercial,2022-05-11
P01021,Male,1962-02-14,CA,Medicaid,2021-05-11
P01022,Female,1951-09-22,FL,Medicare,2023-01-15
P01023,Male,1963-05-28,TX,Medicaid,2019-09-18
P01024,Female,1945-11-01,CA,Medicare,2023-12-13
P01025,Male,1938-01-28,PA,Medicare,2019-10-08
P01026,Male,2007-09-07,TX,Commercial,2020-11-21
P01027,Male,2014-03-28,PA,Medicaid,2019-07-26
P01028,Male,1978-03-27,OH,Commercial,2022-07-14
P01029,Female,1944-06-14,IL,Medicare,2019-07-03
P01030,Female,1990-11-17,AZ,Commercial,2019-09-08
P01031,Male,1958-09-20,FL,Medicare,2021-09-20
P01032,Female,1944-05-22,TX,Medicare,2022-08-02
P01033,Male,1942-06-19,OH,Medicare,2023-01-07
P01034,Female,1990-06-01,PA,Medicaid,2023-03-31
P01035,Female,2013-10-01,FL,Commercial,2021-02-01
P01036,Male,1954-06-18,CA,Medicare,2019-03-16
P01037,Female,1991-12-01,IL,Commercial,2021-03-05
P01038,Male,2017-07-08,GA,Commercial,2019-03-08
P01039,Female,2009-11-28,TX,Commercial,2020-03-23
P01040,Female,2010-05-03,TX,Commercial,2020-07-30
P01041,Female,1960-06-08,TX,Commercial,2020-05-18
P01042,Female,1942-02-24,CA,Medicare,2019-05-13
P01043,Male,1952-07-16,FL,Medicare,2019-09-19
P01044,Female,1949-11-02,OH,Medicare,2023-03-12
P01045,Female,1991-10-08,FL,Commercial,2021-01-29
P01046,Male,1962-03-09,PA,Commercial,2021-09-13
P01047,Female,1979-01-17,FL,Commercial,2019-08-11
P01048,Female,1948-12-09,OH,Medicare,2022-12-25
P01049,Male,2005-04-29,TX,Medicaid,2019-11-27
P01050,Male,1980-07-09,CA,Commercial,2021-08-11
P01051,Female,1957-09-28,FL,Medicare,2019-05-06
P01052,Male,2014-06-28,NY,Commercial,2020-01-19
P01053,Female,2019-01-25,GA,Commercial,2022-04-12
P01054,Female,1977-10-20,FL,Commercial,2019-10-13
P01055,Female,1995-03-02,NC,Commercial,2023-01-24
P01056,Male,1940-11-29,FL,Medicare,2023-12-25
P01057,Female,1975-04-13,IL,Medicaid,2021-06-21
P01058,Male,1981-12-04,CA,Commercial,2022-01-21
P01059,Female,1940-12-09,FL,Medicare,2023-05-17
P01060,Female,1952-12-18,IL,Medicare,2019-01-13
P01061,Male,1967-03-14,FL,Medicaid,2023-10-22
P01062,Male,1942-06-05,PA,Medicare,2021-01-21
P01063,Female,1986-04-24,TX,Commercial,2022-09-12
P01064,Female,1958-11-05,CA,Medicare,2022-07-10
P01065,Male,2009-01-29,PA,Commercial,2022-12-12
P01066,Male,1999-03-12,FL,Medicaid,2022-01-22
P01067,Female,2020-07-06,NC,Commercial,2020-09-01
P01068,Female,1934-02-06,FL,Medicare,2022-05-23
P01069,Male,1979-11-10,NC,Commercial,2020-05-24
P01070,Female,2003-09-17,FL,Commercial,2021-10-07
P01071,Female,1989-12-14,FL,Medicaid,2020-01-29
P01072,Female,1953-11-01,FL,Medicare,2021-10-12
P01073,Female,2008-02-28,CA,Commercial,2022-03-05
P01074,Male,2005-08-04,AZ,Medicaid,2021-06-20
P01075,Female,2016-05-10,AZ,Medicaid,2020-07-28
P01076,Male,1988-02-14,OH,Commercial,2021-09-06
P01077,Female,1939-03-29,PA,Medicare,2019-06-23
P01078,Female,1968-08-08,PA,Commercial,2021-06-04
P01079,Male,1955-08-27,NY,Medicare,2022-07-10
P01080,Female,1980-11-22,GA,Commercial,2023-11-11
P01081,Female,2011-03-05,NC,Commercial,2022-01-15
P01082,Female,2003-01-07,FL,Medicaid,2023-09-24
P01083,Male,2012-07-02,PA,Medicaid,2023-10-28
P01084,Male,1988-07-02,TX,Medicaid,2022-02-23
P01085,Male,2022-02-25,GA,Medicaid,2022-07-21
P01086,Male,1950-08-29,PA,Medicare,2019-07-31
P01087,Female,1933-08-05,FL,Medicare,2020-05-09
P01088,Male,1933-02-08,AZ,Medicare,2020-01-19
P01089,Female,2002-08-15,AZ,Commercial,2021-04-11
P01090,Female,1995-01-28,CA,Commercial,2023-06-14
P01091,Female,1996-11-03,NC,Commercial,2019-10-01
P01092,Female,1945-07-03,FL,Medicare,2021-07-12
P01093,Female,1994-07-06,TX,Commercial,2021-11-09
P01094,Female,1968-09-11,IL,Commercial,2020-12-24
P01095,Male,1935-01-15,FL,Medicare,2023-03-09
P01096,Male,2011-07-09,GA,Commercial,2021-08-06
P01097,Male,1997-02-14,TX,Commercial,2020-12-22
P01098,Female,2018-10-12,NC,Medicaid,2020-07-07
P01099,Female,1980-08-26,NC,Medicaid,2021-07-03
P01100,Male,1998-07-10,FL,Commercial,2019-01-07
P01101,Female,2000-06-09,GA,Commercial,2019-01-20
P01102,Female,1989-10-09,PA,Commercial,2023-07-09
P01103,Female,1949-09-08,FL,Medicare,2023-08-03
P01104,Female,1999-05-19,GA,Medicaid,2021-06-05
P01105,Female,1960-09-21,FL,Commercial,2019-11-13
P01106,Male,1938-03-29,OH,Medicare,2021-06-10
P01107,Male,1986-07-10,FL,Commercial,2022-12-01
P01108,Male,1991-01-13,TX,Commercial,2021-03-11
P01109,Female,1993-10-06,NY,Medicaid,2019-04-16
P01110,Female,1963-02-28,FL,Commercial,2023-03-03
P01111,Male,1963-07-07,Unknown,Commercial,2021-10-10
P01112,Female,1997-11-30,PA,Commercial,2020-10-23
P01113,Male,1949-04-18,CA,Medicare,2022-01-14
P01114,Male,2018-10-15,TX,Medicaid,2023-10-13
P01115,Female,2003-11-12,FL,Medicaid,2020-08-27
P01116,Female,2004-06-20,CA,Commercial,2020-04-19
P01117,Female,1978-03-20,GA,Commercial,2020-09-23
P01118,Male,1951-09-29,CA,Medicare,2020-09-08
P01119,Female,1993-05-18,FL,Commercial,2020-09-20
P01120,Female,2007-12-27,NC,Medicaid,2022-05-08
P01121,Female,1935-10-26,TX,Medicare,2023-12-02
P01122,Male,2006-03-31,NY,Commercial,2019-01-23
P01123,Male,1991-12-28,FL,Medicaid,2022-12-24
P01124,Male,2001-08-23,GA,Commercial,2019-11-11
P01125,Male,1966-06-29,NY,Commercial,2021-04-20
P01126,Female,1936-12-07,NY,Medicare,2021-04-22
P01127,Female,1954-01-08,AZ,Medicare,2023-11-24
P01128,Female,1952-06-29,TX,Medicare,2019-01-20
P01129,Male,1944-08-30,FL,Medicare,2021-05-12
P01130,Male,2001-01-09,NY,Medicaid,2019-11-09
P01131,Female,1989-06-11,TX,Medicaid,2020-02-12
P01132,Male,1949-04-28,PA,Medicare,2023-04-25
P01133,Female,2020-11-29,GA,Commercial,2019-04-08
P01134,Male,1935-11-05,PA,Medicare,2021-01-18
P01135,Male,1973-12-15,NC,Medicaid,2023-01-29
P01136,Male,2001-06-27,FL,Commercial,2021-02-05
P01137,Male,1999-03-02,TX,Commercial,2020-12-03
P01138,Male,1959-02-06,NY,Commercial,2020-09-27
P01139,Male,1959-06-06,NY,Commercial,2022-05-25
P01140,Male,1938-12-12,TX,Medicare,2019-04-21
P01141,Female,2021-05-17,CA,Commercial,2022-10-26
P01142,Female,1942-05-13,NC,Medicare,2021-07-18
P01143,Male,1977-05-28,NY,Medicaid,2019-10-24
P01144,Male,1964-04-12,CA,Medicaid,2023-08-13
P01145,Male,1962-06-11,PA,Commercial,2021-12-26
P01146,Female,1983-04-20,NY,Commercial,2021-08-10
P01147,Female,1945-07-07,TX,Medicare,2020-02-21
P01148,Female,2007-11-08,GA,Medicaid,2020-01-25
P01149,Male,1977-12-02,FL,Commercial,2020-01-08
P01150,Female,1984-02-04,GA,Medicaid,2022-03-18
P01151,Female,1995-07-25,TX,Commercial,2021-07-18
P01152,Female,1997-09-05,OH,Medicaid,2023-11-13
P01153,Female,1977-09-15,GA,Commercial,2019-11-22
P01154,Female,1996-12-13,NC,Commercial,2022-06-27
P01155,Male,1942-01-21,FL,Medicare,2021-08-31
P01156,Female,1960-12-01,FL,Commercial,2020-08-05
P01157,Female,2001-10-13,TX,Commercial,2020-02-14
P01158,Female,2005-07-17,NY,Commercial,2023-07-29
P01159,Female,2019-08-24,FL,Commercial,2020-03-02
P01160,Male,1954-12-17,FL,Medicare,2022-02-14
P01161,Male,1959-09-03,CA,Commercial,2021-11-30
P01162,Male,1943-03-23,TX,Medicare,2023-05-04
P01163,Male,2008-10-01,TX,Medicaid,2020-06-02
P01164,Female,2012-02-19,TX,Commercial,2021-08-16
P01165,Male,2017-08-22,TX,Commercial,2023-06-26
P01166,Female,1984-12-27,FL,Medicaid,2023-04-18
P01167,Male,2004-11-22,GA,Medicaid,2020-05-25
P01168,Male,1958-03-11,CA,Medicare,2023-06-17
P01169,Female,1997-08-05,NY,Medicaid,2021-05-25
P01170,Female,1982-01-07,IL,Commercial,2020-07-07
P01171,Female,2018-03-19,PA,Commercial,2019-06-12
P01172,Female,1949-12-20,FL,Medicare,2023-03-19
P01173,Female,1997-09-08,GA,Commercial,2022-07-11
P01174,Male,1955-04-12,IL,Medicare,2023-03-25
P01175,Female,1952-12-08,TX,Medicare,2019-08-10
P01176,Male,1947-01-02,NY,Medicare,2021-01-15
P01177,Male,1997-11-01,NC,Commercial,2019-02-02
P01178,Female,1991-03-17,CA,Commercial,2023-10-14
P01179,Female,1972-02-29,FL,Commercial,2020-06-22
P01180,Female,1973-06-30,GA,Commercial,2023-11-02
P01181,Female,1958-03-13,FL,Medicare,2023-06-16
P01182,Female,1982-02-12,FL,Commercial,2021-11-05
P01183,Female,1965-04-07,FL,Commercial,2022-03-03
P01184,Female,1967-04-18,CA,Commercial,2022-03-06
P01185,Male,2002-08-12,TX,Commercial,2023-08-31
P01186,Male,1973-09-16,FL,Medicaid,2021-04-13
P01187,Female,1971-02-19,FL,Commercial,2022-04-20
P01188,Male,2000-10-11,AZ,Medicaid,2019-01-14
P01189,Male,1967-08-03,FL,Commercial,2020-01-22
P01190,Female,1956-06-27,GA,Medicare,2021-10-30
P01191,Female,1975-08-12,CA,Commercial,2020-03-06
P01192,Female,1975-08-18,FL,Commercial,2021-02-14
P01193,Female,1973-05-27,FL,Medicaid,2021-07-11
P01194,Male,1961-09-02,FL,Medicaid,2019-05-30
P01195,Male,1968-01-06,AZ,Medicaid,2021-01-24
P01196,Male,1996-10-28,CA,Commercial,2021-08-03
P01197,Female,1987-08-13,NY,Commercial,2021-03-03
P01198,Male,1947-02-27,IL,Medicare,2020-02-06
P01199,Female,1968-07-11,CA,Commercial,2020-04-18
P01200,Female,1948-04-18,GA,Medicare,2021-04-05
P01201,Female,1936-05-09,NY,Medicare,2023-02-13
P01202,Male,1945-09-02,NY,Medicare,2020-10-26
P01203,Male,1961-04-04,TX,Medicaid,2021-11-07
P01204,Male,1957-10-06,OH,Medicare,2019-05-06
P01205,Male,2014-04-02,FL,Commercial,2019-06-19
P01206,Female,1964-11-15,FL,Commercial,2023-12-31
P01207,Female,1949-04-22,TX,Medicare,2019-01-04
P01208,Male,2013-11-20,FL,Commercial,2019-07-02
P01209,Male,2023-02-18,AZ,Commercial,2019-06-21
P01210,Female,2010-05-17,NY,Commercial,2021-07-07
P01211,Female,1942-12-17,FL,Medicare,2022-08-26
P01212,Male,1974-11-22,CA,Medicaid,2020-12-20
P01213,Female,1933-10-24,OH,Medicare,2019-08-04
P01214,Female,1982-01-15,TX,Commercial,2021-10-02
P01215,Female,1997-05-30,NY,Commercial,2019-01-29
P01216,Female,1939-09-22,NC,Medicare,2022-09-12
P01217,Male,2013-09-21,GA,Commercial,2019-09-28
P01218,Male,1952-12-22,CA,Medicare,2023-09-03
P01219,Female,1936-10-18,CA,Medicare,2019-10-23
P01220,Female,1968-02-23,OH,Commercial,2019-04-13
P01221,Male,1988-05-27,IL,Commercial,2020-06-28
P01222,Female,1979-08-20,IL,Commercial,2020-11-19
P01223,Female,1964-12-24,FL,Medicaid,2021-12-12
P01224,Female,1940-08-28,PA,Medicare,2019-08-21
P01225,Male,1961-08-14,NC,Commercial,2023-05-15
P01226,Male,2015-11-19,TX,Medicaid,2022-07-20
P01227,Female,1974-05-24,IL,Commercial,2023-05-07
P01228,Male,1978-05-04,PA,Commercial,2022-08-12
P01229,Male,1970-01-01,OH,Medicaid,2021-05-21
P01230,Female,2013-08-23,FL,Commercial,2022-04-29
P01231,Male,1961-09-22,FL,Commercial,2021-11-25
P01232,Female,1942-03-06,IL,Medicare,2022-11-06
P01233,Male,2016-08-26,AZ,Commercial,2022-03-29
P01234,Male,1944-05-15,GA,Medicare,2021-07-07
P01235,Female,1970-04-06,GA,Commercial,2022-12-07
P01236,Male,1993-02-13,CA,Commercial,2019-04-29
P01237,Male,1999-09-07,FL,Commercial,2019-07-09
P01238,Female,2006-05-18,CA,Commercial,2019-08-17
P01239,Male,1990-11-14,AZ,Commercial,2023-12-30
P01240,Male,1960-03-22,GA,Commercial,2021-07-12
P01241,Male,1984-12-15,OH,Medicaid,2020-01-11
P01242,Male,1977-04-21,NY,Commercial,2022-04-05
P01243,Female,1973-10-16,GA,Commercial,2022-11-05
P01244,Female,1973-07-16,TX,Commercial,2020-12-11
P01245,Female,1997-12-04,CA,Commercial,2023-12-28
P01246,Male,1974-04-24,OH,Commercial,2020-12-10
P01247,Male,1942-07-09,CA,Medicare,2021-09-30
P01248,Male,1986-05-03,IL,Commercial,2020-08-02
P01249,Female,2004-08-27,FL,Medicaid,2020-08-03
P01250,Male,1962-12-29,AZ,Medicaid,2021-04-29
P01251,Male,1976-06-02,CA,Commercial,2021-01-31
P01252,Male,1986-04-20,TX,Commercial,2023-11-14
P01253,Male,1994-05-03,FL,Commercial,2019-02-06
P01254,Female,1951-09-28,GA,Medicare,2023-08-16
P01255,Female,1973-04-14,TX,Commercial,2019-02-14
P01256,Female,2006-06-17,IL,Medicaid,2019-02-19
P01257,Female,1952-10-16,OH,Medicare,2020-05-31
P01258,Female,2005-11-21,FL,Medicaid,2020-04-10
P01259,Male,1937-09-04,TX,Medicare,2023-11-08
P01260,Female,1976-12-23,NY,Medicaid,2019-04-07
P01261,Female,1977-04-14,PA,Commercial,2021-05-12
P01262,Female,2002-12-26,OH,Commercial,2022-04-22
P01263,Male,1981-12-14,GA,Commercial,2020-08-27
P01264,Male,1976-11-04,FL,Medicaid,2021-04-30
P01265,Female,1949-09-03,FL,Medicare,2022-03-13
P01266,Male,1962-12-24,NY,Medicaid,2022-05-24
P01267,Male,1968-05-16,FL,Commercial,2023-05-31
P01268,Male,1995-11-14,GA,Medicaid,2019-06-18
P01269,Male,2009-03-13,PA,Commercial,2020-09-03
P01270,Male,2017-06-10,TX,Commercial,2022-07-25
P01271,Male,1986-12-01,AZ,Medicaid,2020-05-22
P01272,Female,1980-08-07,OH,Commercial,2020-07-14
P01273,Male,1979-11-11,GA,Commercial,2023-04-21
P01274,Female,1952-01-09,FL,Medicare,2023-02-16
P01275,Female,1978-05-29,NY,Commercial,2022-11-06
P01276,Male,1972-03-11,NC,Commercial,2023-06-23
P01277,Male,1977-08-17,NY,Commercial,2019-11-22
P01278,Male,1989-11-08,IL,Commercial,2023-03-23
P01279,Male,2023-10-08,OH,Medicaid,2019-12-13
P01280,Male,1958-08-01,NY,Medicare,2021-05-10
P01281,Male,1982-03-25,FL,Commercial,2023-06-02
P01282,Male,1986-07-27,TX,Commercial,2019-10-13
P01283,Female,1986-01-27,NY,Commercial,2023-02-19
P01284,Female,1933-08-21,GA,Medicare,2019-01-04
P01285,Female,1988-10-07,PA,Medicaid,2023-12-07
P01286,Male,2002-07-04,TX,Medicaid,2020-11-21
P01287,Male,1984-11-21,GA,Commercial,2022-06-08
P01288,Male,2005-05-01,OH,Commercial,2021-05-03
P01289,Female,1992-11-25,CA,Commercial,2019-10-22
P01290,Male,1950-05-12,FL,Medicare,2020-01-26
P01291,Male,1977-08-14,NY,Commercial,2022-08-06
P01292,Male,1949-08-23,NC,Medicare,2023-09-07
P01293,Female,1942-05-23,NY,Medicare,2022-08-02
P01294,Male,2015-04-19,TX,Commercial,2019-12-16
P01295,Male,1980-01-27,NC,Commercial,2021-06-05
P01296,Female,2002-09-17,NC,Commercial,2020-03-18
P01297,Female,2020-03-10,FL,Commercial,2021-07-13
P01298,Female,2011-03-03,GA,Commercial,2021-05-10
P01299,Female,1958-01-02,CA,Medicare,2023-09-05
P01300,Female,1996-01-15,GA,Commercial,2023-11-21
P01301,Male,2010-03-18,AZ,Commercial,2020-06-27
P01302,Male,1950-09-15,FL,Medicare,2022-12-28
P01303,Male,1943-04-23,OH,Medicare,2022-03-14
P01304,Female,1974-03-20,AZ,Commercial,2022-02-26
P01305,Female,2001-09-16,TX,Medicaid,2020-11-02
P01306,Male,2017-03-10,CA,Medicaid,2019-04-20
P01307,Male,1948-04-19,FL,Medicare,2020-03-20
P01308,Male,1955-07-06,CA,Medicare,2020-10-23
P01309,Male,2016-02-21,AZ,Commercial,2019-10-31
P01310,Male,2006-11-29,AZ,Medicaid,2021-06-15
P01311,Male,2023-04-27,TX,Commercial,2023-04-11
P01312,Male,1993-03-20,PA,Medicaid,2021-07-24
P01313,Female,1955-12-18,PA,Medicare,2019-02-12
P01314,Female,2011-08-06,TX,Commercial,2020-02-08
P01315,Male,2016-06-26,PA,Commercial,2022-04-03
P01316,Female,1946-10-17,FL,Medicare,2022-05-21
P01317,Female,1958-02-14,AZ,Medicare,2019-06-01
P01318,Female,1962-05-17,PA,Commercial,2023-07-13
P01319,Male,1937-09-22,NY,Medicare,2019-05-05
P01320,Female,2009-07-25,TX,Medicaid,2020-08-14
P01321,Male,2010-11-21,IL,Commercial,2019-12-19
P01322,Male,1962-11-30,FL,Commercial,2022-05-11
P01323,Male,1985-04-03,NY,Commercial,2020-10-05
P01324,Female,1951-01-07,NY,Medicare,2022-05-17
P01325,Male,1981-09-21,TX,Commercial,2023-12-01
P01326,Male,1987-10-04,FL,Medicaid,2021-09-24
P01327,Female,2016-04-26,GA,Commercial,2019-02-08
P01328,Male,1934-06-28,AZ,Medicare,2022-10-16
P01329,Female,2016-11-11,OH,Commercial,2023-03-12
P01330,Male,2011-05-03,PA,Commercial,2019-05-25
P01331,Male,1946-10-16,NY,Medicare,2019-06-15
P01332,Male,1995-11-20,NC,Commercial,2019-10-09
P01333,Male,1948-07-15,NY,Medicare,2019-02-14
P01334,Female,2019-04-07,NC,Medicaid,2019-01-19
P01335,Male,1985-06-24,PA,Medicaid,2019-05-31
P01336,Male,1978-05-09,GA,Medicaid,2019-03-08
P01337,Female,2010-10-06,AZ,Commercial,2020-04-13
P01338,Male,1943-07-05,IL,Medicare,2022-06-07
P01339,Male,2001-04-15,TX,Medicaid,2021-09-17
P01340,Female,1966-06-22,AZ,Commercial,2022-02-06
P01341,Male,1972-10-05,IL,Commercial,2021-06-16
P01342,Female,2006-01-17,FL,Medicaid,2020-07-06
P01343,Female,1990-12-07,FL,Commercial,2022-10-17
P01344,Female,1949-02-02,NC,Medicare,2023-12-04
P01345,Female,2001-04-11,OH,Medicaid,2020-12-28
P01346,Female,1933-11-21,GA,Medicare,2019-01-14
P01347,Female,2004-09-29,NY,Commercial,2019-09-12
P01348,Male,1984-08-19,NY,Commercial,2023-12-13
P01349,Female,1959-01-17,NY,Commercial,2021-01-04
P01350,Male,2003-06-27,FL,Commercial,2021-05-07
P01351,Female,1946-09-28,GA,Medicare,2021-11-17
P01352,Female,2012-01-31,PA,Medicaid,2020-08-29
P01353,Male,1997-11-18,FL,Commercial,2021-11-14
P01354,Female,2017-03-08,CA,Commercial,2019-06-08
P01355,Female,2021-03-03,CA,Medicaid,2019-06-20
P01356,Male,1981-08-12,AZ,Commercial,2020-10-13
P01357,Female,1937-12-16,AZ,Medicare,2021-09-17
P01358,Female,2008-02-12,IL,Commercial,2021-01-07
P01359,Male,1941-01-12,CA,Medicare,2019-07-04
P01360,Female,1986-08-15,FL,Commercial,2022-07-02
P01361,Male,1954-10-25,GA,Medicare,2019-08-30
P01362,Female,1960-09-24,NY,Commercial,2021-01-18
P01363,Female,1949-11-12,FL,Medicare,2023-09-08
P01364,Female,2003-05-24,FL,Commercial,2020-04-03
P01365,Female,1960-06-25,TX,Commercial,2022-12-28
P01366,Male,1938-08-24,TX,Medicare,2021-06-05
P01367,Male,1961-05-08,CA,Commercial,2019-04-03
P01368,Male,2014-05-18,IL,Commercial,2020-02-09
P01369,Female,2016-12-27,TX,Commercial,2020-07-04
P01370,Male,2016-08-04,FL,Commercial,2023-08-27
P01371,Male,2016-02-20,CA,Commercial,2019-09-17
P01372,Female,1993-03-16,TX,Medicaid,2022-04-29
P01373,Female,1982-02-22,IL,Commercial,2023-10-02
P01374,Female,1975-01-18,TX,Medicaid,2019-03-17
P01375,Female,2022-12-09,TX,Medicaid,2023-01-18
P01376,Female,2004-09-24,NC,Commercial,2022-05-21
P01377,Female,1954-07-17,NY,Medicare,2023-04-17
P01378,Male,2014-06-28,CA,Medicaid,2020-11-23
P01379,Female,1956-03-20,FL,Medicare,2019-09-01
P01380,Female,1982-04-11,TX,Commercial,2021-05-28
P01381,Male,2010-04-18,FL,Commercial,2019-08-29
P01382,Female,2004-11-04,OH,Commercial,2019-04-28
P01383,Female,1944-04-28,GA,Medicare,2019-08-23
P01384,Female,1986-03-16,FL,Medicaid,2023-03-10
P01385,Male,2008-04-01,CA,Medicaid,2022-12-22
P01386,Female,1963-06-03,CA,Commercial,2022-07-04
P01387,Male,1941-11-29,TX,Medicare,2020-10-24
P01388,Male,2005-11-07,AZ,Commercial,2019-09-11
P01389,Male,1978-04-04,Unknown,Medicaid,2022-06-10
P01390,Male,1990-02-18,IL,Commercial,2020-09-03
P01391,Male,2019-03-06,TX,Medicaid,2023-01-25
P01392,Male,1971-07-30,CA,Medicaid,2021-04-15
P01393,Female,2009-05-31,TX,Commercial,2020-02-08
P01394,Female,1979-10-29,TX,Commercial,2022-01-11
P01395,Female,2002-05-29,FL,Medicaid,2023-03-10
P01396,Male,1975-10-22,GA,Commercial,2021-12-12
P01397,Female,1945-03-16,PA,Medicare,2020-03-12
P01398,Male,1973-03-20,PA,Medicaid,2019-05-01
P01399,Female,1952-12-13,FL,Medicare,2020-12-03
P01400,Male,1988-01-25,FL,Commercial,2020-08-25
P01401,Female,2019-03-17,FL,Commercial,2021-11-27
P01402,Male,1989-08-15,CA,Commercial,2019-05-12
P01403,Female,1994-07-20,GA,Medicaid,2019-08-28
P01404,Male,1977-12-03,OH,Commercial,2019-02-22
P01405,Male,2007-01-25,FL,Commercial,2019-09-09
P01406,Female,1978-11-25,NC,Commercial,2021-04-08
P01407,Male,1995-01-30,IL,Medicaid,2019-03-16
P01408,Male,1980-05-07,FL,Commercial,2020-12-14
P01409,Male,1996-01-31,PA,Medicaid,2020-12-30
P01410,Male,1946-08-18,IL,Medicare,2020-09-21
P01411,Female,2010-02-08,NY,Medicaid,2023-01-27
P01412,Male,1970-07-29,GA,Medicaid,2019-10-23
P01413,Male,2019-08-27,CA,Medicaid,2022-03-10
P01414,Male,2008-08-30,TX,Medicaid,2020-09-16
P01415,Male,1996-01-19,IL,Commercial,2019-10-14
P01416,Male,1957-07-15,CA,Medicare,2023-06-06
P01417,Female,1943-07-11,OH,Medicare,2022-07-01
P01418,Male,1958-05-11,CA,Medicare,2019-04-18
P01419,Female,2008-06-12,GA,Medicaid,2022-03-13
P01420,Male,2007-06-18,NY,Medicaid,2020-09-12
P01421,Female,1943-08-16,PA,Medicare,2021-03-13
P01422,Male,1980-11-02,TX,Commercial,2019-08-28
P01423,Female,1992-01-03,TX,Commercial,2021-06-14
P01424,Female,2008-07-05,AZ,Commercial,2021-11-17
P01425,Female,1967-01-12,TX,Commercial,2023-12-03
P01426,Female,1981-07-16,PA,Commercial,2021-08-18
P01427,Male,1997-05-27,FL,Commercial,2021-01-29
P01428,Female,1990-06-15,OH,Commercial,2020-07-23
P01429,Female,1948-01-14,CA,Medicare,2020-02-08
P01430,Female,2014-11-21,FL,Commercial,2020-02-15
P01431,Female,1971-06-27,FL,Medicaid,2021-09-15
P01432,Female,1958-11-05,GA,Medicare,2023-08-11
P01433,Female,2022-02-18,CA,Commercial,2022-09-24
P01434,Male,1990-06-21,TX,Commercial,2021-12-19
P01435,Male,1967-01-30,GA,Commercial,2019-02-10
P01436,Male,1976-09-22,CA,Medicaid,2020-02-27
P01437,Female,2003-11-03,AZ,Commercial,2019-07-14
P01438,Female,1945-05-16,FL,Medicare,2019-01-17
P01439,Female,1985-11-08,CA,Medicaid,2023-05-03
P01440,Male,2008-08-17,IL,Medicaid,2023-12-11
P01441,Female,1970-09-08,CA,Commercial,2021-02-18
P01442,Female,2004-10-12,AZ,Commercial,2022-09-05
P01443,Male,2009-11-14,CA,Commercial,2019-08-30
P01444,Female,2017-05-06,NC,Commercial,2021-09-05
P01445,Male,1978-03-30,OH,Commercial,2023-12-15
P01446,Male,1940-08-10,FL,Medicare,2022-11-21
P01447,Male,1971-09-21,CA,Medicaid,2022-04-18
P01448,Female,1939-11-05,CA,Medicare,2023-11-13
P01449,Female,1941-04-28,FL,Medicare,2022-06-01
P01450,Male,2017-03-11,NY,Commercial,2021-04-22
P01451,Female,1963-06-15,OH,Medicaid,2019-07-16
P01452,Female,1934-07-27,FL,Medicare,2020-10-03
P01453,Female,1997-05-09,TX,Medicaid,2023-07-15
P01454,Female,1967-02-01,FL,Medicaid,2021-12-03
P01455,Female,2014-01-04,FL,Commercial,2020-02-29
P01456,Male,1980-10-22,NY,Commercial,2022-02-25
P01457,Male,1999-07-11,FL,Commercial,2021-03-10
P01458,Female,1995-02-16,TX,Commercial,2019-01-29
P01459,Male,1963-05-16,FL,Medicaid,2023-04-25
P01460,Male,1981-03-09,IL,Commercial,2021-08-13
P01461,Female,1956-01-03,IL,Medicare,2020-12-15
P01462,Male,1953-11-24,GA,Medicare,2020-01-06
P01463,Female,1986-05-22,FL,Commercial,2019-10-27
P01464,Male,2017-06-20,GA,Commercial,2022-07-26
P01465,Female,1943-09-20,FL,Medicare,2021-09-01
P01466,Female,1949-05-07,NC,Medicare,2019-11-08
P01467,Male,1982-11-24,CA,Commercial,2019-10-23
P01468,Male,1968-07-04,Unknown,Commercial,2019-11-20
P01469,Female,1934-08-02,PA,Medicare,2020-08-31
P01470,Male,1973-08-11,OH,Commercial,2022-08-31
P01471,Male,1964-05-21,TX,Medicaid,2022-02-28
P01472,Female,1959-01-22,CA,Commercial,2020-09-22
P01473,Female,1981-01-20,NY,Commercial,2022-09-24
P01474,Female,2003-04-21,CA,Commercial,2020-08-05
P01475,Male,1939-09-03,FL,Medicare,2021-06-06
P01476,Female,1950-01-13,TX,Medicare,2021-10-16
P01477,Female,1997-01-01,GA,Commercial,2022-03-24
P01478,Female,2001-02-26,FL,Medicaid,2020-02-19
P01479,Female,1976-02-17,TX,Commercial,2021-09-04
P01480,Male,1977-03-08,NC,Commercial,2022-06-20
P01481,Female,1971-03-30,TX,Commercial,2022-01-31
P01482,Female,1966-04-11,AZ,Commercial,2021-08-01
P01483,Female,1940-05-12,TX,Medicare,2020-11-30
P01484,Female,2012-05-10,IL,Commercial,2019-01-20
P01485,Female,1941-08-11,FL,Medicare,2022-04-20
P01486,Female,2010-02-11,TX,Commercial,2023-02-09
P01487,Male,1983-05-15,FL,Medicaid,2019-02-12
P01488,Female,1986-05-22,GA,Commercial,2023-04-07
P01489,Female,1968-04-05,FL,Medicaid,2019-06-27
P01490,Male,1969-12-04,CA,Commercial,2023-04-17
P01491,Male,1971-01-31,GA,Commercial,2022-03-08
P01492,Male,2018-06-02,FL,Medicaid,2019-01-06
P01493,Male,1940-01-22,GA,Medicare,2023-03-05
P01494,Female,1940-11-24,NC,Medicare,2023-03-16
P01495,Female,1960-10-07,TX,Commercial,2020-12-16
P01496,Female,1936-01-20,FL,Medicare,2023-01-19
P01497,Female,1973-04-23,FL,Medicaid,2023-11-18
P01498,Male,1938-05-09,NC,Medicare,2020-07-13
P01499,Male,2013-08-06,NC,Commercial,2019-03-18
P01500,Male,1944-06-12,NY,Medicare,2020-03-16
P01501,Male,1945-06-15,NY,Medicare,2019-03-09
P01502,Male,1964-10-20,GA,Medicaid,2021-05-15
P01503,Female,2012-06-08,NY,Commercial,2020-12-07
P01504,Male,2015-06-27,NC,Commercial,2019-02-03
P01505,Female,1986-09-08,OH,Medicaid,2021-06-26
P01506,Female,1938-08-28,TX,Medicare,2023-10-22
P01507,Male,1953-03-26,NC,Medicare,2022-10-23
P01508,Male,2014-04-29,NY,Commercial,2020-11-25
P01509,Male,1991-07-14,NC,Commercial,2019-09-20
P01510,Female,1955-05-26,NC,Medicare,2020-12-21
P01511,Male,2018-10-04,OH,Commercial,2021-12-22
P01512,Female,1972-07-02,FL,Commercial,2022-05-25
P01513,Male,1953-06-09,TX,Medicare,2020-08-03
P01514,Female,1951-10-01,GA,Medicare,2019-07-05
P01515,Female,1965-10-31,NY,Medicaid,2022-08-12
P01516,Female,2004-06-23,NY,Commercial,2021-03-28
P01517,Male,1990-01-22,NC,Commercial,2021-11-12
P01518,Male,1999-07-17,CA,Medicaid,2022-10-09
P01519,Female,1984-02-06,CA,Commercial,2021-12-23
P01520,Female,1997-02-24,CA,Commercial,2023-07-24
P01521,Female,1995-04-05,GA,Commercial,2021-05-09
P01522,Male,1943-02-09,GA,Medicare,2023-06-20
P01523,Male,1987-08-04,GA,Medicaid,2021-08-19
P01524,Male,1956-03-29,OH,Medicare,2019-07-09
P01525,Female,1937-11-09,FL,Medicare,2023-04-11
P01526,Female,1996-09-06,TX,Commercial,2022-10-02
P01527,Male,1970-06-08,GA,Commercial,2020-05-26
P01528,Male,1977-12-18,CA,Commercial,2019-06-21
P01529,Female,1966-03-27,IL,Commercial,2019-03-25
P01530,Female,1994-01-28,PA,Commercial,2023-05-27
P01531,Female,1987-11-24,FL,Commercial,2022-10-22
P01532,Female,2015-01-04,CA,Commercial,2019-02-01
P01533,Female,1956-11-29,FL,Medicare,2021-06-23
P01534,Male,1938-11-15,OH,Medicare,2019-11-03
P01535,Female,1982-03-28,TX,Commercial,2023-12-06
P01536,Female,2002-04-25,GA,Commercial,2023-06-03
P01537,Male,1956-01-25,NY,Medicare,2022-12-25
P01538,Female,1944-07-29,TX,Medicare,2023-07-28
P01539,Female,1998-06-06,IL,Medicaid,2019-07-21
P01540,Male,2015-11-08,FL,Commercial,2019-12-27
P01541,Female,1987-04-24,IL,Medicaid,2022-01-19
P01542,Male,1988-01-02,GA,Commercial,2023-08-12
P01543,Female,2014-05-28,FL,Commercial,2023-06-22
P01544,Female,2006-01-25,OH,Commercial,2022-09-10
P01545,Female,2008-08-10,NY,Commercial,2020-05-15
P01546,Male,1978-01-07,IL,Commercial,2019-12-31
P01547,Female,2007-06-20,CA,Commercial,2021-04-22
P01548,Male,1939-11-10,NY,Medicare,2019-06-20
P01549,Female,2006-08-21,GA,Commercial,2019-05-14
P01550,Male,1993-07-05,IL,Commercial,2020-03-02
P01551,Female,1973-12-07,NC,Commercial,2023-08-11
P01552,Female,2020-02-09,CA,Commercial,2019-07-22
P01553,Male,1966-10-05,OH,Commercial,2019-06-19
P01554,Female,2002-04-29,FL,Commercial,2021-03-16
P01555,Female,2001-01-30,PA,Commercial,2021-01-03
P01556,Male,1938-07-26,NY,Medicare,2020-02-09
P01557,Male,2006-05-23,OH,Medicaid,2021-01-15
P01558,Male,1993-06-26,NC,Commercial,2022-04-13
P01559,Female,1958-03-28,NY,Medicare,2020-07-09
P01560,Female,1974-12-17,OH,Medicaid,2020-01-29
P01561,Female,1990-08-22,NC,Medicaid,2023-04-18
P01562,Female,1943-05-23,FL,Medicare,2020-08-09
P01563,Female,1998-11-28,NC,Medicaid,2023-02-19
P01564,Female,1976-02-22,NY,Medicaid,2021-02-16
P01565,Female,1944-05-15,PA,Medicare,2023-06-19
P01566,Female,1986-12-30,OH,Commercial,2019-01-17
P01567,Female,1990-12-27,FL,Commercial,2020-08-31
P01568,Female,1991-11-04,FL,Commercial,2021-08-27
P01569,Female,1959-05-04,FL,Commercial,2021-06-26
P01570,Female,1985-06-25,OH,Commercial,2020-11-27
P01571,Male,1985-07-08,PA,Commercial,2023-05-19
P01572,Female,1952-06-10,NC,Medicare,2021-06-15
P01573,Female,1952-07-04,PA,Medicare,2020-06-04
P01574,Male,1977-08-28,CA,Medicaid,2022-09-13
P01575,Female,1968-12-29,NY,Commercial,2021-08-10
P01576,Female,1973-12-21,AZ,Commercial,2022-05-09
P01577,Male,1947-04-25,FL,Medicare,2023-03-14
P01578,Male,1973-04-04,TX,Medicaid,2019-02-10
P01579,Male,2021-10-05,GA,Medicaid,2021-01-15
P01580,Male,2006-10-04,Unknown,Medicaid,2022-01-16
P01581,Male,2008-08-05,CA,Medicaid,2022-04-24
P01582,Female,1981-05-10,GA,Commercial,2020-08-10
P01583,Female,1975-05-30,NY,Commercial,2023-06-18
P01584,Female,2014-06-10,FL,Commercial,2021-03-03
P01585,Male,1954-12-18,TX,Medicare,2022-11-07
P01586,Male,1991-07-28,GA,Medicaid,2019-07-23
P01587,Female,1961-04-01,IL,Commercial,2020-01-31
P01588,Male,1939-05-31,NY,Medicare,2020-03-20
P01589,Male,1966-03-12,OH,Commercial,2023-04-10
P01590,Female,2011-04-23,NY,Commercial,2023-08-07
P01591,Male,2006-02-06,FL,Commercial,2021-09-17
P01592,Male,1982-06-06,NC,Commercial,2022-03-24
P01593,Female,1976-06-07,FL,Medicaid,2020-05-20
P01594,Female,1967-06-12,TX,Commercial,2020-06-11
P01595,Female,2023-09-27,CA,Medicaid,2022-01-07
P01596,Female,1943-07-26,OH,Medicare,2023-03-13
P01597,Male,1992-10-31,IL,Commercial,2022-05-20
P01598,Male,1987-07-29,GA,Commercial,2021-06-27
P01599,Male,2007-11-08,NC,Medicaid,2022-09-26
P01600,Male,1982-07-05,NY,Commercial,2022-06-01
P01601,Male,2006-01-17,OH,Medicaid,2022-10-19
P01602,Female,1963-07-20,IL,Commercial,2023-09-05
P01603,Male,1934-04-06,NY,Medicare,2020-12-30
P01604,Male,1981-07-24,GA,Medicaid,2019-01-08
P01605,Female,1989-02-04,OH,Commercial,2019-03-31
P01606,Female,2017-10-16,NY,Commercial,2019-05-11
P01607,Male,1984-03-02,IL,Medicaid,2020-09-16
P01608,Male,2014-04-11,CA,Commercial,2020-04-07
P01609,Male,1988-02-11,IL,Commercial,2023-09-06
P01610,Female,1982-11-13,FL,Commercial,2022-12-31
P01611,Male,2019-02-09,NC,Commercial,2020-06-22
P01612,Female,1944-02-04,TX,Medicare,2019-01-23
P01613,Male,1938-09-14,NC,Medicare,2019-06-19
P01614,Male,1963-05-18,IL,Commercial,2020-11-06
P01615,Male,2009-05-31,CA,Medicaid,2023-06-17
P01616,Male,1964-12-14,OH,Commercial,2019-03-05
P01617,Female,1989-06-23,FL,Commercial,2022-05-31
P01618,Male,1935-05-06,FL,Medicare,2023-10-16
P01619,Male,1969-10-18,CA,Medicaid,2020-02-29
P01620,Female,2004-08-22,TX,Commercial,2023-02-19
P01621,Female,1987-06-02,FL,Commercial,2022-06-30
P01622,Male,1937-01-26,NC,Medicare,2020-08-14
P01623,Female,2018-12-09,NC,Medicaid,2019-03-07
P01624,Female,1980-01-25,FL,Commercial,2019-06-21
P01625,Male,1994-03-09,FL,Commercial,2023-03-09
P01626,Female,1943-02-27,TX,Medicare,2023-02-15
P01627,Female,1967-12-15,CA,Commercial,2019-12-17
P01628,Male,2006-06-07,IL,Commercial,2022-06-02
P01629,Female,1967-08-20,TX,Commercial,2023-08-12
P01630,Male,2010-01-30,FL,Commercial,2021-01-23
P01631,Female,1988-04-05,PA,Commercial,2020-09-19
P01632,Male,1999-05-09,FL,Medicaid,2019-01-03
P01633,Female,1945-12-21,CA,Medicare,2021-07-28
P01634,Male,1936-02-16,TX,Medicare,2020-01-03
P01635,Male,1973-07-06,IL,Medicaid,2021-05-01
P01636,Male,1969-11-03,NC,Commercial,2019-05-22
P01637,Female,1974-02-15,FL,Commercial,2021-07-26
P01638,Female,2004-02-05,TX,Medicaid,2020-08-18
P01639,Female,1964-07-03,FL,Commercial,2019-03-11
P01640,Male,1935-05-05,GA,Medicare,2019-08-14
P01641,Male,1957-05-23,TX,Medicare,2021-12-31
P01642,Male,2011-09-13,CA,Commercial,2021-06-20
P01643,Female,1977-04-02,OH,Commercial,2021-01-15
P01644,Male,2005-01-01,FL,Commercial,2023-05-20
P01645,Female,1981-01-25,NY,Commercial,2022-11-01
P01646,Male,2019-04-26,PA,Commercial,2020-06-16
P01647,Male,1982-08-22,TX,Commercial,2023-08-24
P01648,Female,1939-02-04,NY,Medicare,2020-12-30
P01649,Female,1989-01-27,OH,Medicaid,2021-07-31
P01650,Female,1981-12-29,NC,Medicaid,2021-07-30
P01651,Male,1959-08-31,NY,Commercial,2019-10-11
P01652,Male,1969-06-13,AZ,Commercial,2022-08-18
P01653,Female,1995-06-05,FL,Commercial,2020-01-19
P01654,Female,1967-04-16,FL,Commercial,2020-01-31
P01655,Male,1961-06-27,TX,Medicaid,2019-01-16
P01656,Male,2013-12-26,FL,Commercial,2019-11-26
P01657,Female,2000-11-01,GA,Commercial,2021-06-20
P01658,Female,1975-03-29,FL,Medicaid,2022-03-08
P01659,Female,1990-04-22,NC,Commercial,2020-02-06
P01660,Male,2015-05-09,TX,Commercial,2019-05-14
P01661,Female,1993-07-24,PA,Commercial,2022-08-07
P01662,Male,1957-09-22,GA,Medicare,2022-02-26
P01663,Male,1941-09-10,CA,Medicare,2021-07-08
P01664,Male,1990-04-24,GA,Commercial,2023-06-19
P01665,Male,2014-06-30,FL,Medicaid,2022-06-07
P01666,Female,2020-11-14,NC,Medicaid,2023-03-04
P01667,Male,2005-08-08,FL,Medicaid,2020-02-22
P01668,Male,2013-03-06,NC,Commercial,2021-07-13
P01669,Male,1967-05-28,NC,Commercial,2020-12-26
P01670,Female,2006-02-18,NC,Medicaid,2023-08-09
P01671,Female,1982-06-29,CA,Commercial,2021-02-19
P01672,Male,1956-07-07,IL,Medicare,2020-05-30
P01673,Female,1944-01-20,FL,Medicare,2020-07-22
P01674,Male,1963-06-30,IL,Commercial,2020-01-11
P01675,Female,1951-11-13,FL,Medicare,2023-06-07
P01676,Female,2005-08-07,NY,Medicaid,2021-04-04
P01677,Male,1934-05-09,IL,Medicare,2021-08-04
P01678,Male,1991-08-28,GA,Commercial,2019-07-16
P01679,Male,2008-08-04,PA,Medicaid,2020-07-20
P01680,Female,1940-02-17,CA,Medicare,2019-03-27
P01681,Female,1958-07-26,PA,Medicare,2023-11-16
P01682,Female,1987-09-12,FL,Medicaid,2021-10-07
P01683,Male,1948-11-22,CA,Medicare,2020-06-27
P01684,Female,1997-08-06,FL,Commercial,2023-07-23
P01685,Female,1990-03-27,FL,Commercial,2020-09-30
P01686,Female,1963-09-14,NC,Commercial,2022-11-05
P01687,Male,1935-07-14,OH,Medicare,2023-08-19
P01688,Male,1943-05-07,NC,Medicare,2020-09-18
P01689,Female,1950-01-27,NC,Medicare,2021-11-14
P01690,Male,2012-03-09,OH,Commercial,2021-12-22
P01691,Female,1958-09-18,NY,Medicare,2022-05-17
P01692,Female,1989-11-02,TX,Medicaid,2020-07-30
P01693,Female,1990-05-01,OH,Commercial,2020-11-28
P01694,Male,1937-09-30,NC,Medicare,2020-09-02
P01695,Female,1953-08-10,GA,Medicare,2020-01-25
P01696,Female,1943-11-25,TX,Medicare,2020-12-23
P01697,Male,1991-03-25,FL,Commercial,2023-08-18
P01698,Male,1938-11-03,OH,Medicare,2023-03-19
P01699,Male,1975-08-16,GA,Medicaid,2019-01-18
P01700,Male,1933-08-05,CA,Medicare,2022-07-29
P01701,Male,1978-12-16,NC,Medicaid,2021-11-12
P01702,Female,1977-03-23,AZ,Medicaid,2022-02-11
P01703,Male,2012-05-20,TX,Commercial,2019-01-20
P01704,Female,1955-06-18,PA,Medicare,2019-11-19
P01705,Female,1959-10-29,NC,Commercial,2021-08-02
P01706,Male,2014-12-12,FL,Medicaid,2020-08-04
P01707,Female,2009-12-11,TX,Commercial,2021-03-31
P01708,Female,2007-05-18,TX,Commercial,2020-10-11
P01709,Female,1961-04-03,FL,Medicaid,2019-03-28
P01710,Male,1963-03-17,TX,Commercial,2020-08-23
P01711,Male,1943-03-15,FL,Medicare,2023-06-10
P01712,Female,1983-08-11,PA,Commercial,2021-06-27
P01713,Female,2008-12-31,TX,Medicaid,2019-11-28
P01714,Male,2021-10-03,FL,Medicaid,2023-10-21
P01715,Male,2009-03-19,CA,Commercial,2022-03-21
P01716,Female,1934-03-28,PA,Medicare,2022-12-30
P01717,Female,1968-06-29,IL,Commercial,2020-05-26
P01718,Male,1952-12-23,IL,Medicare,2023-04-20
P01719,Female,1950-03-23,Unknown,Medicare,2020-11-19
P01720,Male,1987-03-10,TX,Medicaid,2023-09-07
P01721,Female,2010-10-10,NY,Commercial,2019-05-21
P01722,Male,1987-03-14,TX,Commercial,2022-05-28
P01723,Male,1938-05-12,IL,Medicare,2021-12-19
P01724,Male,1948-02-11,FL,Medicare,2020-01-25
P01725,Male,1969-05-17,CA,Commercial,2022-02-08
P01726,Female,2008-11-29,GA,Commercial,2023-06-05
P01727,Female,2011-05-10,PA,Commercial,2019-06-25
P01728,Male,2013-11-22,TX,Medicaid,2023-06-12
P01729,Male,2015-09-29,PA,Commercial,2021-07-08
P01730,Male,1984-02-17,IL,Commercial,2023-05-20
P01731,Female,1981-01-12,FL,Medicaid,2020-07-07
P01732,Male,1966-07-11,OH,Commercial,2022-08-27
P01733,Female,1948-09-16,TX,Medicare,2019-05-06
P01734,Female,2006-08-10,TX,Commercial,2022-12-28
P01735,Female,1976-10-04,GA,Medicaid,2020-08-27
P01736,Male,1948-06-05,CA,Medicare,2023-12-07
P01737,Male,1996-07-31,TX,Medicaid,2023-06-09
P01738,Female,2014-12-10,OH,Commercial,2022-08-15
P01739,Male,1946-05-23,OH,Medicare,2019-08-02
P01740,Female,1942-05-11,TX,Medicare,2019-01-09
P01741,Female,1989-05-02,FL,Commercial,2020-12-08
P01742,Female,1965-01-21,FL,Commercial,2022-04-27
P01743,Female,2011-04-20,GA,Commercial,2022-06-11
P01744,Female,2016-04-29,AZ,Medicaid,2022-12-12
P01745,Female,1951-10-16,TX,Medicare,2022-04-20
P01746,Male,1958-07-15,OH,Medicare,2021-07-11
P01747,Male,1957-07-26,IL,Medicare,2020-07-30
P01748,Male,1938-01-15,TX,Medicare,2022-11-09
P01749,Female,1997-07-11,CA,Commercial,2023-10-28
P01750,Female,2000-04-24,PA,Commercial,2021-03-16
P01751,Female,1937-06-17,CA,Medicare,2022-10-15
P01752,Female,1998-12-11,FL,Commercial,2021-12-31
P01753,Male,1969-01-24,OH,Medicaid,2020-06-12
P01754,Female,1972-05-01,IL,Medicaid,2019-07-10
P01755,Male,2010-10-08,OH,Commercial,2021-05-01
P01756,Male,1941-12-10,OH,Medicare,2019-05-14
P01757,Female,1988-01-25,OH,Commercial,2022-08-28
P01758,Male,1981-09-10,CA,Medicaid,2020-06-09
P01759,Female,1976-12-25,GA,Medicaid,2019-02-09
P01760,Male,2003-05-22,IL,Medicaid,2022-12-04
P01761,Male,1992-12-26,FL,Commercial,2020-04-24
P01762,Female,2017-10-14,PA,Commercial,2021-08-20
P01763,Female,1994-02-08,TX,Commercial,2019-08-08
P01764,Female,1979-12-19,NC,Commercial,2022-06-23
P01765,Male,2004-04-01,OH,Commercial,2019-03-15
P01766,Female,2003-05-21,OH,Commercial,2020-01-06
P01767,Male,1993-09-11,FL,Medicaid,2020-06-24
P01768,Female,1967-09-19,CA,Commercial,2023-11-09
P01769,Male,1984-07-11,GA,Commercial,2023-08-04
P01770,Female,1964-06-20,FL,Medicaid,2020-09-09
P01771,Male,1938-02-10,NY,Medicare,2021-08-10
P01772,Male,1955-09-28,AZ,Medicare,2022-05-22
P01773,Female,1940-05-30,AZ,Medicare,2019-10-18
P01774,Female,2003-04-26,CA,Medicaid,2021-08-07
P01775,Male,1952-12-27,OH,Medicare,2021-09-16
P01776,Male,1943-02-09,GA,Medicare,2022-05-22
P01777,Male,1937-01-03,GA,Medicare,2019-02-05
P01778,Female,1965-11-30,NC,Commercial,2022-03-07
P01779,Male,1986-09-27,OH,Commercial,2022-09-15
P01780,Male,1994-03-19,OH,Commercial,2020-08-19
P01781,Male,1974-03-11,FL,Commercial,2023-10-31
P01782,Female,1938-11-05,TX,Medicare,2021-01-10
P01783,Female,1992-02-01,FL,Commercial,2021-03-07
P01784,Male,1970-09-02,OH,Commercial,2022-10-13
P01785,Male,2011-09-16,TX,Commercial,2020-02-28
P01786,Male,2005-08-23,TX,Medicaid,2023-10-14
P01787,Male,2022-04-30,CA,Commercial,2019-02-05
P01788,Female,1952-10-17,FL,Medicare,2019-09-22
P01789,Male,2011-06-17,TX,Medicaid,2023-02-15
P01790,Male,1983-12-05,NC,Commercial,2021-07-17
P01791,Male,1945-11-08,GA,Medicare,2023-01-07
P01792,Male,1985-03-26,CA,Commercial,2020-11-28
P01793,Female,1995-08-14,AZ,Commercial,2022-03-29
P01794,Female,1952-03-17,FL,Medicare,2021-07-24
P01795,Male,2017-04-06,GA,Medicaid,2019-03-22
P01796,Male,1985-01-02,NC,Commercial,2020-11-28
P01797,Female,1934-11-11,CA,Medicare,2019-09-02
P01798,Male,1972-01-25,AZ,Commercial,2020-11-13
P01799,Female,1936-02-10,FL,Medicare,2021-08-19
P01800,Female,1954-07-26,PA,Medicare,2023-12-05
P01801,Male,1956-11-12,NY,Medicare,2023-07-23
P01802,Male,1954-11-13,GA,Medicare,2021-05-03
P01803,Male,2023-06-29,NY,Commercial,2021-06-26
P01804,Male,1935-12-29,TX,Medicare,2021-06-29
P01805,Male,1954-11-27,FL,Medicare,2019-10-12
P01806,Female,1938-06-20,GA,Medicare,2023-07-11
P01807,Male,1987-06-10,GA,Commercial,2020-09-16
P01808,Female,1961-02-20,CA,Commercial,2020-04-10
P01809,Male,1973-01-10,FL,Commercial,2020-10-10
P01810,Male,2014-09-25,FL,Commercial,2022-10-28
P01811,Female,2016-09-02,TX,Commercial,2021-12-21
P01812,Female,1966-10-20,NC,Commercial,2023-09-24
P01813,Male,1935-10-12,AZ,Medicare,2023-02-12
P01814,Male,1974-07-24,FL,Commercial,2019-12-28
P01815,Female,1983-01-04,AZ,Medicaid,2020-12-01
P01816,Female,1937-02-08,NC,Medicare,2019-09-06
P01817,Female,1936-02-02,IL,Medicare,2020-07-18
P01818,Male,2003-07-21,NY,Commercial,2022-10-19
P01819,Female,1987-05-07,NY,Commercial,2019-12-09
P01820,Male,1952-04-12,OH,Medicare,2020-07-26
P01821,Male,2003-10-05,CA,Medicaid,2023-01-17
P01822,Female,1991-07-17,IL,Commercial,2023-12-23
P01823,Male,1952-06-14,IL,Medicare,2020-03-09
P01824,Male,1945-08-17,NY,Medicare,2020-05-25
P01825,Female,1952-07-12,CA,Medicare,2023-07-22
P01826,Female,2005-07-24,NY,Commercial,2021-09-05
P01827,Female,1939-12-10,NC,Medicare,2019-06-09
P01828,Male,1963-03-27,NC,Commercial,2020-01-16
P01829,Male,1980-02-07,CA,Medicaid,2019-12-02
P01830,Male,2014-03-31,FL,Commercial,2022-01-14
P01831,Male,2010-01-25,AZ,Commercial,2023-05-25
P01832,Male,1963-07-28,TX,Medicaid,2022-04-01
P01833,Female,2023-12-12,GA,Commercial,2020-07-27
P01834,Female,1991-09-26,GA,Commercial,2019-10-20
P01835,Male,1985-02-23,FL,Commercial,2020-10-13
P01836,Male,1969-11-11,NY,Commercial,2023-10-23
P01837,Male,1965-06-15,FL,Commercial,2021-01-19
P01838,Male,2005-12-31,FL,Commercial,2023-01-25
P01839,Female,1935-09-05,FL,Medicare,2020-12-15
P01840,Female,1939-11-21,FL,Medicare,2021-12-10
P01841,Male,1961-11-20,AZ,Commercial,2021-05-04
P01842,Male,1948-11-01,CA,Medicare,2021-01-08
P01843,Male,2016-06-18,FL,Commercial,2020-10-24
P01844,Female,1963-04-25,CA,Medicaid,2023-12-23
P01845,Male,1990-09-17,CA,Commercial,2019-03-05
P01846,Female,1958-03-08,CA,Medicare,2021-02-16
P01847,Female,2011-08-11,TX,Commercial,2021-06-20
P01848,Male,1950-04-07,CA,Medicare,2022-02-10
P01849,Male,1977-06-21,FL,Commercial,2023-06-25
P01850,Male,1947-04-13,GA,Medicare,2020-11-08
P01851,Female,1995-01-09,AZ,Commercial,2022-03-09
P01852,Female,2017-01-03,TX,Medicaid,2019-06-21
P01853,Male,1952-05-31,FL,Medicare,2020-09-18
P01854,Male,1939-01-15,GA,Medicare,2021-10-19
P01855,Female,1986-04-19,NC,Medicaid,2023-11-05
P01856,Female,2020-09-24,FL,Medicaid,2021-03-25
P01857,Female,1960-01-25,TX,Commercial,2019-10-12
P01858,Female,2018-11-09,TX,Commercial,2021-09-09
P01859,Female,1984-07-14,GA,Commercial,2020-10-02
P01860,Male,1985-11-06,NY,Commercial,2023-05-30
P01861,Female,1936-03-20,FL,Medicare,2021-12-20
P01862,Male,1988-02-09,NY,Medicaid,2020-01-15
P01863,Male,1998-03-08,FL,Medicaid,2021-11-19
P01864,Female,1951-11-25,AZ,Medicare,2019-07-31
P01865,Female,1958-09-24,CA,Medicare,2021-12-15
P01866,Male,1993-08-29,FL,Medicaid,2019-12-13
P01867,Male,1979-11-20,FL,Medicaid,2020-10-14
P01868,Male,1975-06-22,NC,Commercial,2019-04-08
P01869,Female,1942-12-19,NC,Medicare,2021-05-04
P01870,Male,1959-05-23,TX,Medicaid,2021-08-30
P01871,Male,2017-06-05,FL,Commercial,2022-03-27
P01872,Female,2006-05-28,NY,Commercial,2020-09-28
P01873,Female,2001-02-01,GA,Medicaid,2019-02-08
P01874,Male,2002-03-19,FL,Medicaid,2023-02-28
P01875,Female,2001-09-28,TX,Medicaid,2019-04-29
P01876,Female,1958-06-06,OH,Medicare,2019-02-14
P01877,Male,1995-03-15,TX,Commercial,2020-02-28
P01878,Female,1974-02-24,FL,Commercial,2021-02-06
P01879,Male,1951-05-12,FL,Medicare,2019-09-10
P01880,Male,1934-12-01,CA,Medicare,2022-09-11
P01881,Male,1941-07-26,NY,Medicare,2020-11-01
P01882,Female,1955-02-22,NC,Medicare,2019-12-24
P01883,Female,2020-12-05,CA,Commercial,2019-12-24
P01884,Male,1955-05-31,NY,Medicare,2021-01-26
P01885,Male,2009-06-17,NY,Commercial,2022-01-28
P01886,Female,1984-10-11,AZ,Commercial,2019-04-04
P01887,Female,2018-08-28,PA,Commercial,2020-08-20
P01888,Female,1970-01-09,TX,Commercial,2020-02-26
P01889,Female,2006-05-28,CA,Medicaid,2020-11-20
P01890,Male,1990-01-22,FL,Commercial,2019-08-14
P01891,Male,1986-07-12,FL,Commercial,2021-08-13
P01892,Female,1940-02-27,TX,Medicare,2021-04-09
P01893,Male,1934-05-19,OH,Medicare,2019-12-26
P01894,Male,2006-02-02,IL,Commercial,2021-06-01
P01895,Male,1973-09-03,NC,Commercial,2022-10-12
P01896,Male,1990-08-14,NC,Commercial,2020-03-20
P01897,Female,1948-12-17,FL,Medicare,2022-02-15
P01898,Male,2006-10-09,IL,Commercial,2023-06-24
P01899,Female,1995-11-12,FL,Commercial,2022-02-20
P01900,Female,1969-10-26,IL,Commercial,2023-09-25
P01901,Male,1953-09-10,FL,Medicare,2019-08-13
P01902,Female,1998-02-16,FL,Commercial,2019-02-01
P01903,Male,1998-08-15,CA,Medicaid,2022-09-02
P01904,Female,2015-03-06,FL,Commercial,2019-06-04
P01905,Female,1946-03-09,FL,Medicare,2020-06-12
P01906,Male,2008-01-08,NC,Commercial,2019-03-24
P01907,Female,1970-06-29,NC,Commercial,2023-03-11
P01908,Female,1989-02-25,GA,Commercial,2023-09-10
P01909,Female,2009-07-31,NY,Medicaid,2019-05-28
P01910,Male,1964-05-15,CA,Medicaid,2022-08-28
P01911,Male,1970-03-11,FL,Commercial,2021-01-08
P01912,Male,2004-11-10,NY,Commercial,2019-07-01
P01913,Male,2016-12-11,CA,Medicaid,2022-04-16
P01914,Male,1941-11-01,IL,Medicare,2023-07-22
P01915,Female,1999-04-13,TX,Commercial,2020-01-18
P01916,Female,1997-07-12,NC,Commercial,2021-09-30
P01917,Male,1944-09-20,NY,Medicare,2023-11-21
P01918,Female,1958-03-26,NC,Medicare,2022-04-19
P01919,Male,1942-12-26,OH,Medicare,2021-05-09
P01920,Female,1969-10-29,NY,Medicaid,2019-08-10
P01921,Male,2015-07-14,Unknown,Commercial,2022-11-15
P01922,Female,2014-01-31,PA,Commercial,2021-05-31
P01923,Male,1964-04-02,CA,Commercial,2023-02-04
P01924,Male,1984-04-26,CA,Commercial,2022-07-21
P01925,Female,2008-04-16,NY,Commercial,2022-09-07
P01926,Female,1972-09-09,FL,Commercial,2021-05-20
P01927,Male,2012-07-21,NY,Commercial,2020-09-08
P01928,Female,1944-02-12,NY,Medicare,2023-06-10
P01929,Female,1966-04-09,TX,Commercial,2023-08-16
P01930,Male,1992-05-27,FL,Commercial,2020-05-07
P01931,Female,1955-12-02,OH,Medicare,2022-07-14
P01932,Female,1954-04-08,NY,Medicare,2020-11-29
P01933,Female,1934-08-20,NC,Medicare,2023-08-14
P01934,Female,1986-08-13,FL,Medicaid,2020-12-31
P01935,Male,1948-04-30,NY,Medicare,2019-06-17
P01936,Female,2010-08-10,FL,Commercial,2021-10-24
P01937,Female,2000-06-05,NC,Commercial,2021-02-11
P01938,Male,1935-12-28,CA,Medicare,2022-07-14
P01939,Male,1978-10-25,NY,Commercial,2022-07-29
P01940,Female,1999-06-19,AZ,Commercial,2023-09-04
P01941,Male,1977-01-16,TX,Commercial,2021-08-10
P01942,Male,2019-03-30,TX,Commercial,2019-04-09
P01943,Female,2003-08-02,NC,Commercial,2023-06-04
P01944,Female,1998-01-12,NY,Commercial,2021-12-02
P01945,Male,2018-09-22,CA,Medicaid,2019-10-27
P01946,Female,1970-02-09,AZ,Medicaid,2021-07-10
P01947,Female,1985-08-06,NC,Commercial,2020-03-15
P01948,Male,1969-11-30,FL,Medicaid,2022-02-15
P01949,Female,1972-01-01,GA,Commercial,2020-12-28
P01950,Female,2021-01-08,PA,Medicaid,2019-01-25
P01951,Female,1967-05-12,FL,Medicaid,2021-01-05
P01952,Male,2019-11-08,NY,Commercial,2020-01-09
P01953,Male,1956-01-04,IL,Medicare,2020-07-15
P01954,Female,1980-12-16,OH,Medicaid,2023-07-11
P01955,Female,1970-08-31,FL,Medicaid,2023-03-15
P01956,Male,1991-04-03,OH,Medicaid,2020-12-18
P01957,Male,1940-12-12,TX,Medicare,2022-04-06
P01958,Male,2014-02-04,IL,Commercial,2021-07-31
P01959,Female,2016-04-28,CA,Medicaid,2021-08-02
P01960,Female,1942-01-19,CA,Medicare,2020-01-15
P01961,Female,1938-03-01,FL,Medicare,2019-01-19
P01962,Male,2009-03-05,GA,Commercial,2019-01-07
P01963,Male,1936-10-09,TX,Medicare,2023-08-09
P01964,Female,2018-10-18,NC,Commercial,2020-04-13
P01965,Male,1950-10-04,NY,Medicare,2020-05-18
P01966,Male,1975-11-06,PA,Commercial,2019-09-06
P01967,Male,1934-05-03,FL,Medicare,2021-11-14
P01968,Female,1984-12-10,TX,Medicaid,2021-06-28
P01969,Female,1959-07-29,CA,Commercial,2021-09-29
P01970,Male,1943-06-03,CA,Medicare,2022-02-19
P01971,Female,2002-06-18,NY,Commercial,2022-10-08
P01972,Female,1978-07-07,TX,Medicaid,2020-10-15
P01973,Female,1945-10-11,FL,Medicare,2023-12-02
P01974,Male,1964-11-22,NC,Commercial,2020-04-04
P01975,Female,1973-01-05,IL,Commercial,2019-10-19
P01976,Male,2021-07-15,OH,Commercial,2022-11-12
P01977,Male,2011-05-29,NC,Commercial,2022-12-08
P01978,Female,1983-06-08,CA,Medicaid,2021-06-27
P01979,Male,1956-08-19,OH,Medicare,2019-10-10
P01980,Male,2009-04-12,OH,Commercial,2023-06-08
P01981,Male,1975-08-17,FL,Medicaid,2021-11-04
P01982,Male,1993-08-02,TX,Commercial,2022-12-03
P01983,Male,1980-03-13,PA,Medicaid,2019-09-30
P01984,Male,1996-09-06,PA,Commercial,2019-08-06
P01985,Female,1937-04-20,NC,Medicare,2023-08-01
P01986,Male,1998-05-03,TX,Medicaid,2023-04-12
P01987,Female,2013-12-20,OH,Commercial,2023-03-20
P01988,Male,1949-04-26,GA,Medicare,2019-12-13
P01989,Female,2013-03-14,GA,Medicaid,2019-07-03
P01990,Female,1971-09-25,NY,Commercial,2022-02-21
P01991,Male,1996-02-02,CA,Commercial,2023-03-20
P01992,Male,1934-12-24,Unknown,Medicare,2020-09-08
P01993,Female,1968-10-27,CA,Commercial,2019-07-21
P01994,Male,1966-01-20,NC,Commercial,2019-06-15
P01995,Female,2008-02-23,FL,Commercial,2021-10-11
P01996,Female,1946-03-31,GA,Medicare,2020-02-06
P01997,Male,1997-05-25,NC,Commercial,2019-03-24
P01998,Female,1969-10-19,IL,Commercial,2019-11-16
P01999,Female,1980-07-06,IL,Medicaid,2021-08-18
P02000,Female,1942-06-08,FL,Medicare,2022-09-12
P02001,Female,2008-11-29,CA,Medicaid,2022-02-22
P02002,Male,1998-05-28,OH,Commercial,2022-03-12
P02003,Female,2022-11-29,GA,Medicaid,2019-01-25
P02004,Male,1952-11-16,CA,Medicare,2020-05-04
P02005,Male,1964-10-30,TX,Commercial,2019-09-18
P02006,Female,1972-10-23,NC,Medicaid,2020-02-13
P02007,Male,2003-12-03,FL,Commercial,2021-08-15
P02008,Female,1992-01-17,TX,Commercial,2020-01-21
P02009,Female,1961-03-14,TX,Commercial,2020-10-21
P02010,Male,1958-06-29,TX,Medicare,2020-04-21
P02011,Male,1969-08-19,FL,Commercial,2022-07-01
P02012,Female,1986-10-23,TX,Commercial,2022-11-05
P02013,Male,1991-01-20,CA,Commercial,2023-02-07
P02014,Male,1985-03-15,FL,Commercial,2022-07-23
P02015,Female,2009-04-01,TX,Commercial,2019-02-11
P02016,Male,1944-07-13,FL,Medicare,2019-04-18
P02017,Female,2004-12-21,AZ,Commercial,2023-04-10
P02018,Female,1974-05-12,FL,Commercial,2021-03-27
P02019,Female,1941-07-07,CA,Medicare,2019-04-21
P02020,Female,1998-09-14,TX,Commercial,2020-03-26
P02021,Male,1941-09-07,GA,Medicare,2020-12-10
P02022,Female,1994-12-10,PA,Commercial,2021-01-03
P02023,Female,1962-02-16,NC,Commercial,2022-05-16
P02024,Female,1984-11-01,CA,Commercial,2019-05-20
P02025,Female,1966-03-10,FL,Commercial,2023-08-03
P02026,Male,1959-01-11,GA,Commercial,2019-08-30
P02027,Male,2002-12-15,GA,Medicaid,2019-08-26
P02028,Female,2007-05-19,TX,Commercial,2022-09-11
P02029,Female,1953-12-07,IL,Medicare,2021-06-11
P02030,Female,1933-03-03,TX,Medicare,2019-08-01
P02031,Male,1975-06-30,TX,Commercial,2021-08-19
P02032,Female,1937-12-24,FL,Medicare,2022-07-03
P02033,Male,1967-03-26,TX,Commercial,2023-08-27
P02034,Male,1979-03-28,FL,Commercial,2021-10-19
P02035,Female,1990-01-28,TX,Commercial,2022-08-13
P02036,Female,1948-07-07,AZ,Medicare,2019-10-01
P02037,Female,1982-01-25,CA,Medicaid,2019-09-13
P02038,Female,1998-05-03,GA,Commercial,2022-05-20
P02039,Female,1936-06-23,GA,Medicare,2022-12-13
P02040,Male,1937-08-23,CA,Medicare,2022-07-20
P02041,Female,2013-09-16,FL,Commercial,2021-12-29
P02042,Female,1951-05-20,IL,Medicare,2020-08-29
P02043,Male,1952-04-06,CA,Medicare,2023-03-30
P02044,Male,1995-12-19,NY,Medicaid,2019-01-03
P02045,Female,1969-08-03,NC,Medicaid,2020-07-03
P02046,Male,1984-12-15,GA,Commercial,2023-05-07
P02047,Female,1985-08-09,FL,Commercial,2022-06-06
P02048,Male,1946-03-15,CA,Medicare,2020-07-01
P02049,Male,1989-04-23,FL,Commercial,2021-06-26
P02050,Female,2016-11-16,FL,Commercial,2021-05-15
P02051,Female,1979-04-15,IL,Medicaid,2023-10-18
P02052,Female,2019-12-27,OH,Commercial,2021-12-13
P02053,Male,1990-12-27,FL,Commercial,2020-12-06
P02054,Female,2000-02-02,IL,Medicaid,2020-04-03
P02055,Female,2015-12-21,FL,Commercial,2021-10-08
P02056,Female,1993-09-26,OH,Commercial,2021-03-25
P02057,Male,2010-11-13,TX,Medicaid,2022-11-22
P02058,Female,2008-06-02,NY,Commercial,2020-01-06
P02059,Male,1966-06-24,NC,Commercial,2020-07-07
P02060,Female,2001-02-28,FL,Commercial,2020-04-14
P02061,Female,1997-01-05,IL,Medicaid,2020-08-30
P02062,Female,2023-04-04,FL,Commercial,2019-01-30
P02063,Female,1945-07-14,IL,Medicare,2019-08-10
P02064,Female,2001-12-14,FL,Commercial,2019-12-14
P02065,Female,1977-01-29,FL,Commercial,2022-04-30
P02066,Female,2016-06-10,FL,Medicaid,2023-09-02
P02067,Female,1956-10-13,TX,Medicare,2023-12-31
P02068,Male,2015-06-18,CA,Medicaid,2020-02-09
P02069,Female,1981-08-10,CA,Commercial,2019-07-06
P02070,Male,1946-08-26,PA,Medicare,2020-10-03
P02071,Male,1970-07-19,NY,Medicaid,2020-05-25
P02072,Male,1978-03-31,NY,Commercial,2023-07-22
P02073,Female,1969-11-02,TX,Commercial,2021-03-05
P02074,Male,1963-01-15,CA,Medicaid,2020-12-22
P02075,Male,1969-12-09,IL,Commercial,2023-03-22
P02076,Female,1944-11-08,TX,Medicare,2020-04-01
P02077,Female,1969-04-29,TX,Medicaid,2022-04-30
P02078,Female,2017-11-08,TX,Commercial,2023-01-07
P02079,Female,1982-03-23,GA,Commercial,2020-07-10
P02080,Female,1959-04-08,CA,Commercial,2021-10-30
P02081,Female,1999-07-29,FL,Commercial,2021-04-28
P02082,Male,1960-07-19,PA,Commercial,2021-04-16
P02083,Female,1953-01-01,FL,Medicare,2020-11-21
P02084,Female,1993-03-16,FL,Commercial,2021-12-08
P02085,Male,1940-05-15,FL,Medicare,2019-12-07
P02086,Female,2016-11-10,TX,Commercial,2019-08-17
P02087,Female,1967-05-31,OH,Commercial,2021-08-02
P02088,Female,1977-12-17,IL,Commercial,2023-02-27
P02089,Female,1958-10-01,TX,Medicare,2022-08-11
P02090,Male,1961-04-21,Unknown,Commercial,2020-02-23
P02091,Female,2012-08-05,NC,Commercial,2022-09-20
P02092,Male,1973-01-02,NC,Medicaid,2020-02-11
P02093,Male,1946-01-23,NC,Medicare,2020-09-10
P02094,Female,1983-11-28,NY,Commercial,2021-10-06
P02095,Male,2021-02-12,CA,Medicaid,2023-05-16
P02096,Male,1984-02-20,FL,Commercial,2021-04-22
P02097,Male,1979-11-24,GA,Commercial,2020-07-16
P02098,Female,1960-08-13,IL,Commercial,2023-03-27
P02099,Male,2001-01-19,FL,Commercial,2019-11-18
P02100,Female,2019-12-26,TX,Commercial,2023-01-10
P02101,Female,1946-12-10,GA,Medicare,2021-12-10
P02102,Male,2014-06-28,FL,Commercial,2021-05-06
P02103,Female,2004-01-19,IL,Medicaid,2020-04-23
P02104,Female,1969-09-21,FL,Medicaid,2022-11-17
P02105,Female,1958-03-24,NY,Medicare,2022-04-29
P02106,Male,1935-04-23,PA,Medicare,2019-12-22
P02107,Female,1945-11-08,FL,Medicare,2022-05-10
P02108,Female,1999-09-18,FL,Medicaid,2020-12-03
P02109,Male,1984-05-18,TX,Commercial,2022-01-05
P02110,Female,2005-07-09,FL,Commercial,2023-09-20
P02111,Female,1949-10-06,FL,Medicare,2021-06-07
P02112,Male,1934-10-19,CA,Medicare,2022-03-19
P02113,Male,1971-06-12,FL,Commercial,2022-09-05
P02114,Male,1942-03-04,CA,Medicare,2019-09-18
P02115,Female,2010-08-03,IL,Commercial,2020-02-18
P02116,Female,1987-01-29,Unknown,Medicaid,2022-08-13
P02117,Male,1969-05-02,GA,Commercial,2021-05-20
P02118,Female,1997-08-06,FL,Commercial,2020-05-28
P02119,Male,2019-04-18,FL,Commercial,2023-09-26
P02120,Female,1988-07-21,TX,Commercial,2023-07-14
P02121,Male,2006-03-30,NY,Commercial,2021-04-21
P02122,Female,2004-01-08,FL,Commercial,2019-05-09
P02123,Male,1964-03-19,TX,Commercial,2019-05-15
P02124,Female,1962-11-10,FL,Commercial,2021-10-03
P02125,Male,2007-12-06,NC,Commercial,2020-06-26
P02126,Female,1985-03-11,TX,Commercial,2021-07-18
P02127,Male,1988-02-26,NC,Commercial,2019-06-25
P02128,Female,1961-06-07,CA,Commercial,2021-02-26
P02129,Female,1962-10-03,TX,Commercial,2019-07-20
P02130,Female,2001-02-13,CA,Commercial,2022-03-09
P02131,Female,2022-07-21,FL,Commercial,2019-05-08
P02132,Male,1943-09-17,NC,Medicare,2020-05-18
P02133,Male,2023-08-21,TX,Medicaid,2020-03-01
P02134,Male,1973-09-14,NY,Medicaid,2023-12-06
P02135,Female,1950-09-19,Unknown,Medicare,2019-12-22
P02136,Female,1943-09-05,CA,Medicare,2023-03-11
P02137,Female,2014-04-29,NC,Commercial,2019-04-29
P02138,Female,1941-12-25,FL,Medicare,2023-01-22
P02139,Male,1955-08-22,NY,Medicare,2019-11-16
P02140,Male,1983-10-31,FL,Medicaid,2020-10-29
P02141,Female,2023-05-10,GA,Medicaid,2022-01-15
P02142,Female,1981-01-02,FL,Commercial,2019-07-21
P02143,Female,1957-03-19,CA,Medicare,2022-01-23
P02144,Female,2014-10-02,CA,Medicaid,2023-09-07
P02145,Female,1975-06-28,PA,Commercial,2023-08-16
P02146,Female,1988-12-24,NY,Medicaid,2019-09-29
P02147,Female,1962-08-03,OH,Commercial,2022-01-30
P02148,Female,2008-09-21,IL,Medicaid,2019-11-28
P02149,Male,1953-07-01,FL,Medicare,2023-11-26
P02150,Male,2022-08-04,NC,Commercial,2023-08-15
P02151,Female,1944-04-26,TX,Medicare,2019-01-24
P02152,Female,1967-06-16,GA,Commercial,2023-04-15
P02153,Female,1949-01-23,AZ,Medicare,2020-07-26
P02154,Male,1937-12-06,GA,Medicare,2022-04-03
P02155,Female,1947-01-22,IL,Medicare,2021-07-03
P02156,Male,1973-03-18,PA,Medicaid,2023-06-06
P02157,Male,1963-04-16,PA,Commercial,2022-09-02
P02158,Male,1977-03-05,CA,Commercial,2020-03-19
P02159,Female,1964-12-13,CA,Commercial,2021-04-29
P02160,Female,1959-10-16,TX,Commercial,2021-06-26
P02161,Female,1964-01-01,TX,Commercial,2019-04-13
P02162,Female,1995-03-16,PA,Commercial,2021-12-13
P02163,Female,1997-08-24,TX,Commercial,2019-12-27
P02164,Male,1996-08-22,NY,Commercial,2020-05-18
P02165,Male,1962-05-23,AZ,Medicaid,2021-09-13
P02166,Male,2005-07-30,TX,Commercial,2022-07-16
P02167,Male,1975-05-14,PA,Medicaid,2022-03-26
P02168,Female,1983-01-25,GA,Commercial,2019-08-25
P02169,Male,2019-09-02,FL,Commercial,2022-06-22
P02170,Male,1958-02-09,CA,Medicare,2020-09-25
P02171,Female,2011-06-21,NY,Commercial,2023-05-19
P02172,Male,1976-08-17,Unknown,Commercial,2022-04-09
P02173,Male,1944-01-31,FL,Medicare,2019-05-02
P02174,Male,2000-07-06,FL,Commercial,2021-04-21
P02175,Male,2019-11-16,PA,Commercial,2019-11-23
P02176,Female,1937-09-18,NY,Medicare,2022-09-15
P02177,Male,1974-02-26,NY,Commercial,2020-03-13
P02178,Female,1967-06-27,GA,Medicaid,2019-01-30
P02179,Male,2005-06-10,IL,Commercial,2019-05-19
P02180,Male,1970-04-27,IL,Medicaid,2021-10-29
P02181,Female,1934-10-22,NY,Medicare,2020-08-05
P02182,Female,2001-11-28,GA,Medicaid,2019-07-10
P02183,Male,1994-07-24,AZ,Medicaid,2019-12-09
P02184,Female,1979-01-31,IL,Commercial,2019-02-12
P02185,Female,1949-11-15,NY,Medicare,2023-11-05
P02186,Female,1991-04-14,CA,Commercial,2021-04-29
P02187,Male,2001-01-08,TX,Medicaid,2020-01-18
P02188,Female,1953-11-26,GA,Medicare,2020-05-09
P02189,Female,1989-11-13,NC,Commercial,2023-03-27
P02190,Male,1998-02-17,NC,Medicaid,2021-02-21
P02191,Female,1994-11-22,CA,Commercial,2023-03-06
P02192,Male,1943-04-05,PA,Medicare,2023-07-18
P02193,Female,1937-03-16,NY,Medicare,2023-06-12
P02194,Female,2020-09-08,PA,Commercial,2019-03-30
P02195,Male,1955-09-17,GA,Medicare,2022-08-23
P02196,Female,2012-06-24,AZ,Medicaid,2021-09-20
P02197,Male,1989-06-30,GA,Commercial,2022-09-21
P02198,Female,1944-02-22,FL,Medicare,2019-07-15
P02199,Male,2010-05-29,CA,Commercial,2019-07-24
P02200,Female,1933-01-12,FL,Medicare,2020-09-22
P02201,Male,1960-10-05,FL,Commercial,2019-11-11
P02202,Female,2021-09-20,NC,Medicaid,2023-06-24
P02203,Male,1974-10-05,TX,Medicaid,2019-01-03
P02204,Female,2013-05-08,OH,Commercial,2021-12-01
P02205,Male,1965-12-19,FL,Commercial,2022-01-01
P02206,Female,1946-02-21,TX,Medicare,2023-01-09
P02207,Female,1952-03-25,TX,Medicare,2019-08-15
P02208,Male,1977-01-05,NY,Commercial,2023-02-26
P02209,Female,2014-01-16,TX,Commercial,2019-09-19
P02210,Male,2000-12-06,TX,Commercial,2020-06-05
P02211,Male,1991-04-04,TX,Medicaid,2020-02-23
P02212,Female,1975-07-02,FL,Commercial,2023-11-08
P02213,Male,1996-04-07,CA,Medicaid,2020-04-24
P02214,Female,1968-02-17,NY,Commercial,2019-03-05
P02215,Male,1992-06-02,TX,Medicaid,2022-01-12
P02216,Female,2001-12-30,GA,Commercial,2021-10-02
P02217,Female,2002-02-19,IL,Commercial,2023-06-11
P02218,Male,1971-07-26,GA,Medicaid,2021-07-22
P02219,Male,1980-07-17,IL,Medicaid,2020-08-20
P02220,Male,2015-06-02,GA,Commercial,2022-07-04
P02221,Male,1975-02-03,AZ,Commercial,2020-04-19
P02222,Female,1997-06-22,TX,Commercial,2023-07-29
P02223,Female,2001-10-17,NY,Commercial,2020-08-19
P02224,Female,2017-04-08,GA,Commercial,2021-01-23
P02225,Male,1959-05-15,IL,Medicaid,2022-11-08
P02226,Female,2020-12-08,GA,Commercial,2022-04-12
P02227,Male,1938-06-20,NC,Medicare,2022-10-21
P02228,Female,2019-03-21,FL,Commercial,2020-11-19
P02229,Female,1991-02-13,CA,Commercial,2020-10-26
P02230,Male,1947-09-20,OH,Medicare,2021-03-23
P02231,Female,1991-06-25,NY,Commercial,2023-01-12
P02232,Female,1937-03-06,CA,Medicare,2022-12-02
P02233,Male,1985-06-01,OH,Commercial,2019-12-14
P02234,Male,1988-07-31,NY,Medicaid,2021-09-11
P02235,Female,1955-10-26,GA,Medicare,2021-10-29
P02236,Female,1962-12-16,TX,Medicaid,2022-06-18
P02237,Female,1999-04-25,NC,Commercial,2019-05-10
P02238,Male,1989-01-14,GA,Commercial,2022-10-21
P02239,Female,1965-05-26,CA,Commercial,2020-02-28
P02240,Male,1936-03-22,FL,Medicare,2020-02-27
P02241,Female,1976-04-28,IL,Commercial,2022-10-14
P02242,Male,2012-08-27,CA,Commercial,2023-12-11
P02243,Male,1994-06-24,NY,Commercial,2022-10-02
P02244,Male,1988-09-24,PA,Commercial,2022-08-29
P02245,Female,2012-10-11,OH,Commercial,2020-04-12
P02246,Female,1998-05-31,FL,Commercial,2021-05-07
P02247,Female,1969-05-10,TX,Commercial,2021-11-07
P02248,Female,1949-01-05,NY,Medicare,2021-08-16
P02249,Female,1970-10-06,TX,Commercial,2019-03-30
P02250,Female,1963-09-18,TX,Commercial,2019-04-22
P02251,Female,1946-11-01,TX,Medicare,2023-11-16
P02252,Female,1934-01-19,FL,Medicare,2019-10-15
P02253,Female,1968-03-21,FL,Commercial,2022-03-13
P02254,Male,1952-09-02,GA,Medicare,2020-03-31
P02255,Male,1968-01-13,FL,Medicaid,2019-01-30
P02256,Female,1943-04-20,NY,Medicare,2021-06-07
P02257,Male,2015-07-12,FL,Medicaid,2020-11-19
P02258,Female,1951-08-15,FL,Medicare,2021-11-10
P02259,Male,1974-06-07,PA,Commercial,2023-08-18
P02260,Female,2015-12-01,CA,Commercial,2023-10-27
P02261,Female,1958-10-30,IL,Medicare,2022-03-15
P02262,Male,1981-01-24,AZ,Medicaid,2019-11-24
P02263,Female,1993-10-17,CA,Commercial,2022-04-18
P02264,Female,1972-11-02,OH,Commercial,2021-11-06
P02265,Female,1958-02-21,FL,Medicare,2021-05-07
P02266,Male,2001-01-21,NC,Commercial,2022-05-26
P02267,Male,1955-03-09,CA,Medicare,2021-07-21
P02268,Female,1943-11-25,NC,Medicare,2020-12-20
P02269,Male,1958-02-28,FL,Medicare,2019-10-01
P02270,Female,2016-09-25,IL,Medicaid,2020-03-26
P02271,Male,1948-12-27,TX,Medicare,2019-12-01
P02272,Female,1940-01-30,OH,Medicare,2021-05-22
P02273,Female,1956-09-25,AZ,Medicare,2020-07-05
P02274,Male,2016-05-05,PA,Medicaid,2023-04-04
P02275,Male,1999-12-06,TX,Medicaid,2023-04-07
P02276,Male,2010-10-23,TX,Commercial,2019-05-25
P02277,Male,1939-02-14,CA,Medicare,2020-12-25
P02278,Female,2004-05-29,NY,Commercial,2023-06-10
P02279,Male,1982-01-01,TX,Medicaid,2021-12-18
P02280,Female,1955-10-28,CA,Medicare,2019-02-27
P02281,Male,2004-02-10,IL,Commercial,2023-11-24
P02282,Female,1978-02-15,TX,Commercial,2021-10-16
P02283,Male,1970-01-28,FL,Commercial,2019-10-27
P02284,Male,1934-12-13,NC,Medicare,2019-04-10
P02285,Female,1968-11-23,CA,Commercial,2022-02-28
P02286,Female,2012-06-21,IL,Commercial,2019-06-07
P02287,Female,1979-11-20,OH,Medicaid,2020-06-04
P02288,Female,1941-12-08,TX,Medicare,2021-12-21
P02289,Male,1969-03-10,CA,Commercial,2020-02-09
P02290,Female,1997-04-22,PA,Commercial,2020-01-02
P02291,Female,1981-02-26,TX,Medicaid,2022-08-17
P02292,Female,1940-01-25,FL,Medicare,2023-07-22
P02293,Female,1946-11-09,CA,Medicare,2020-02-06
P02294,Female,1961-03-03,FL,Commercial,2023-08-04
P02295,Male,2013-12-16,IL,Commercial,2020-02-11
P02296,Male,2014-08-18,FL,Commercial,2022-03-23
P02297,Male,1957-09-14,TX,Medicare,2020-06-28
P02298,Female,1990-10-06,IL,Commercial,2020-12-15
P02299,Female,1994-04-13,FL,Commercial,2023-10-23
P02300,Female,1956-11-17,FL,Medicare,2023-12-15
P02301,Female,2012-03-11,FL,Medicaid,2020-11-08
P02302,Female,1950-02-16,AZ,Medicare,2021-06-05
P02303,Female,2000-05-03,AZ,Commercial,2023-10-14
P02304,Male,1973-12-02,TX,Commercial,2019-02-16
P02305,Female,1995-05-29,OH,Commercial,2022-10-23
P02306,Male,1998-05-16,NC,Commercial,2019-09-18
P02307,Male,1953-08-17,FL,Medicare,2023-06-02
P02308,Male,1981-08-19,GA,Commercial,2022-11-03
P02309,Female,1940-07-13,IL,Medicare,2021-05-11
P02310,Male,1964-01-03,FL,Medicaid,2021-05-13
P02311,Female,1997-12-30,NY,Medicaid,2020-12-26
P02312,Female,1971-06-30,GA,Commercial,2023-02-23
P02313,Female,1993-09-07,CA,Commercial,2022-09-06
P02314,Female,1997-06-14,FL,Commercial,2022-09-08
P02315,Female,1994-12-30,GA,Commercial,2021-10-20
P02316,Male,1995-01-31,FL,Commercial,2019-05-23
P02317,Male,1992-07-18,AZ,Commercial,2021-09-10
P02318,Female,1953-01-12,FL,Medicare,2019-01-07
P02319,Female,1978-11-05,TX,Commercial,2022-09-29
P02320,Female,2021-06-01,TX,Medicaid,2022-10-16
P02321,Male,2020-04-27,TX,Commercial,2023-07-01
P02322,Female,2022-03-16,OH,Commercial,2022-12-10
P02323,Female,1979-12-29,TX,Commercial,2022-06-12
P02324,Female,2010-05-14,CA,Commercial,2022-01-31
P02325,Male,1998-11-08,CA,Commercial,2020-06-08
P02326,Female,1970-07-28,PA,Medicaid,2021-10-10
P02327,Female,2015-12-13,PA,Commercial,2020-07-28
P02328,Female,2014-12-11,GA,Commercial,2023-07-23
P02329,Male,1948-03-27,OH,Medicare,2019-04-09
P02330,Female,2005-04-14,OH,Commercial,2023-04-07
P02331,Male,1953-02-08,IL,Medicare,2023-11-01
P02332,Male,1983-04-21,AZ,Commercial,2021-11-17
P02333,Female,1976-05-28,NC,Medicaid,2020-09-30
P02334,Male,2012-11-19,NY,Commercial,2022-10-29
P02335,Male,1989-03-27,GA,Commercial,2023-03-10
P02336,Female,1955-10-10,PA,Medicare,2019-10-12
P02337,Male,2018-11-23,IL,Medicaid,2019-11-19
P02338,Female,1993-04-08,FL,Commercial,2020-03-31
P02339,Male,1940-05-31,CA,Medicare,2022-11-25
P02340,Male,2009-11-07,FL,Commercial,2021-04-28
P02341,Male,1972-06-14,GA,Commercial,2020-07-22
P02342,Male,1959-04-24,TX,Commercial,2021-11-03
P02343,Female,1949-07-02,TX,Medicare,2023-02-09
P02344,Male,2013-04-13,NC,Commercial,2019-11-07
P02345,Male,1948-06-30,FL,Medicare,2019-04-25
P02346,Male,1968-08-25,CA,Commercial,2023-03-05
P02347,Female,2014-10-11,CA,Medicaid,2020-06-27
P02348,Female,1993-09-28,OH,Medicaid,2019-07-27
P02349,Female,1989-03-11,FL,Commercial,2021-04-19
P02350,Female,2015-08-18,TX,Commercial,2023-10-04
P02351,Female,2021-04-14,NC,Commercial,2020-07-20
P02352,Female,2016-08-22,NC,Medicaid,2019-05-22
P02353,Female,2020-06-23,NY,Commercial,2022-09-11
P02354,Male,1946-05-24,NY,Medicare,2023-04-23
P02355,Female,1963-07-11,AZ,Commercial,2022-09-28
P02356,Female,1946-04-04,TX,Medicare,2019-12-11
P02357,Male,2007-01-29,FL,Commercial,2021-03-21
P02358,Female,1938-02-20,AZ,Medicare,2023-11-30
P02359,Male,1960-01-30,OH,Medicaid,2021-01-24
P02360,Male,1961-12-21,GA,Commercial,2019-12-06
P02361,Female,1981-03-29,PA,Medicaid,2023-01-28
P02362,Female,1993-04-10,GA,Commercial,2021-01-31
P02363,Female,2013-08-03,PA,Commercial,2022-11-10
P02364,Female,1963-09-09,CA,Medicaid,2023-11-28
P02365,Male,1943-12-13,NY,Medicare,2021-12-31
P02366,Female,1948-02-29,IL,Medicare,2020-02-19
P02367,Female,1979-03-01,OH,Commercial,2020-08-29
P02368,Female,2012-12-04,FL,Commercial,2023-06-30
P02369,Female,2016-06-02,NC,Commercial,2023-01-27
P02370,Female,1939-06-14,OH,Medicare,2021-04-21
P02371,Male,2022-10-30,CA,Commercial,2022-05-26
P02372,Female,2006-06-14,GA,Commercial,2022-05-06
P02373,Male,1982-03-10,GA,Commercial,2021-10-28
P02374,Male,2011-09-04,AZ,Commercial,2020-03-17
P02375,Male,1974-04-11,TX,Commercial,2021-02-15
P02376,Female,2017-01-11,NY,Commercial,2019-09-27
P02377,Female,1984-07-19,CA,Medicaid,2023-06-29
P02378,Male,1939-11-23,FL,Medicare,2021-09-06
P02379,Male,1976-09-14,FL,Commercial,2021-04-02
P02380,Male,1941-11-12,FL,Medicare,2020-03-19
P02381,Female,1972-08-25,FL,Medicaid,2021-06-05
P02382,Female,2005-05-10,IL,Commercial,2019-06-04
P02383,Female,2008-10-19,FL,Commercial,2019-10-26
P02384,Male,1960-06-27,GA,Commercial,2020-07-23
P02385,Male,1976-01-02,NY,Commercial,2022-01-06
P02386,Male,1945-09-26,IL,Medicare,2022-05-24
P02387,Male,2022-02-13,FL,Medicaid,2021-05-03
P02388,Male,2000-09-11,GA,Commercial,2021-09-08
P02389,Female,1940-05-21,NC,Medicare,2023-11-09
P02390,Male,1999-11-05,NY,Commercial,2022-11-08
P02391,Male,1953-09-25,CA,Medicare,2019-10-30
P02392,Male,1955-02-19,FL,Medicare,2021-09-17
P02393,Male,1959-05-31,PA,Commercial,2019-04-04
P02394,Male,1967-06-08,CA,Commercial,2022-10-10
P02395,Male,1951-06-29,PA,Medicare,2019-03-02
P02396,Male,1969-10-03,AZ,Medicaid,2019-12-20
P02397,Male,1994-01-26,NC,Commercial,2022-03-18
P02398,Male,2023-08-11,FL,Commercial,2020-12-14
P02399,Male,2003-12-28,NC,Commercial,2019-01-24
P02400,Female,1946-02-04,CA,Medicare,2020-11-02
P02401,Male,1946-12-15,FL,Medicare,2019-05-07
P02402,Male,1954-02-11,GA,Medicare,2023-06-14
P02403,Male,1944-09-25,FL,Medicare,2023-03-09
P02404,Female,2023-12-07,IL,Medicaid,2023-12-30
P02405,Male,1989-10-12,OH,Medicaid,2022-05-18
P02406,Male,1989-05-07,NC,Commercial,2020-01-22
P02407,Female,1951-06-16,OH,Medicare,2019-03-09
P02408,Male,2007-11-07,CA,Commercial,2021-04-17
P02409,Male,1971-09-14,PA,Commercial,2021-11-21
P02410,Male,1997-10-16,GA,Medicaid,2019-05-07
P02411,Female,1938-05-07,GA,Medicare,2021-01-23
P02412,Female,1996-02-20,CA,Medicaid,2021-04-26
P02413,Male,1962-09-29,PA,Commercial,2023-07-31
P02414,Male,1942-02-08,PA,Medicare,2022-12-06
P02415,Female,1987-08-06,AZ,Commercial,2020-07-07
P02416,Male,1966-12-01,OH,Commercial,2020-07-06
P02417,Female,2022-09-05,GA,Commercial,2021-07-10
P02418,Female,1952-02-17,GA,Medicare,2020-07-01
P02419,Male,1977-03-11,NY,Commercial,2020-07-19
P02420,Female,1965-04-10,CA,Medicaid,2023-09-04
P02421,Female,2020-08-08,NY,Commercial,2019-10-31
P02422,Male,1976-03-23,Unknown,Commercial,2020-07-15
P02423,Female,1938-04-16,NY,Medicare,2022-11-27
P02424,Female,2001-03-17,PA,Commercial,2022-12-10
P02425,Female,1975-06-12,GA,Medicaid,2019-03-20
P02426,Male,1955-06-30,CA,Medicare,2022-09-24
P02427,Male,1981-01-13,GA,Commercial,2023-11-03
P02428,Female,1956-01-21,CA,Medicare,2023-11-05
P02429,Female,1956-06-19,NC,Medicare,2022-11-11
P02430,Male,1958-10-19,GA,Medicare,2020-11-13
P02431,Male,2009-08-04,NC,Medicaid,2021-09-21
P02432,Male,1939-07-01,NC,Medicare,2020-05-06
P02433,Female,1935-04-29,TX,Medicare,2022-11-04
P02434,Male,1963-09-07,IL,Commercial,2022-11-07
P02435,Male,1933-12-15,OH,Medicare,2021-12-25
P02436,Female,1986-03-06,NY,Medicaid,2020-01-16
P02437,Female,1958-01-19,FL,Medicare,2021-06-28
P02438,Male,1938-12-01,NY,Medicare,2020-03-12
P02439,Male,1984-09-06,TX,Commercial,2023-07-14
P02440,Female,1954-07-26,GA,Medicare,2021-12-15
P02441,Female,1981-03-29,CA,Medicaid,2021-10-25
P02442,Male,1987-03-25,IL,Commercial,2023-08-30
P02443,Male,1966-08-28,FL,Commercial,2022-06-07
P02444,Female,1950-09-08,OH,Medicare,2022-08-08
P02445,Female,1998-08-06,CA,Commercial,2021-09-22
P02446,Female,1950-10-05,NC,Medicare,2023-03-06
P02447,Male,2009-07-25,PA,Commercial,2022-08-27
P02448,Male,2010-09-27,TX,Commercial,2019-03-19
P02449,Female,1949-12-10,CA,Medicare,2023-04-15
P02450,Male,1957-04-15,GA,Medicare,2019-12-01
P02451,Male,1933-03-19,GA,Medicare,2021-04-16
P02452,Male,1937-09-18,NY,Medicare,2023-08-11
P02453,Female,1935-08-08,FL,Medicare,2021-12-31
P02454,Female,1933-08-07,GA,Medicare,2021-06-08
P02455,Female,1958-12-23,FL,Medicare,2022-08-14
P02456,Female,1938-06-15,FL,Medicare,2022-09-01
P02457,Male,1938-07-17,TX,Medicare,2020-06-11
P02458,Male,2012-01-23,FL,Commercial,2023-11-04
P02459,Female,2018-08-18,FL,Commercial,2019-05-13
P02460,Male,1948-03-17,NC,Medicare,2022-05-23
P02461,Male,1974-08-11,CA,Medicaid,2022-02-04
P02462,Female,1957-10-25,Unknown,Medicare,2023-05-14
P02463,Female,1976-08-26,IL,Commercial,2019-08-08
P02464,Male,1938-02-12,PA,Medicare,2022-11-21
P02465,Male,1975-09-30,NC,Commercial,2019-12-27
P02466,Male,1943-02-27,GA,Medicare,2022-05-16
P02467,Male,1994-05-03,FL,Medicaid,2023-11-05
P02468,Female,1935-04-04,IL,Medicare,2021-12-16
P02469,Female,1939-04-02,AZ,Medicare,2021-05-22
P02470,Male,1975-06-27,NY,Commercial,2021-08-30
P02471,Female,1964-05-26,CA,Commercial,2019-01-26
P02472,Male,2010-12-06,FL,Medicaid,2021-05-27
P02473,Female,1950-04-20,FL,Medicare,2020-02-10
P02474,Female,1949-04-16,CA,Medicare,2022-02-25
P02475,Male,1999-11-25,FL,Commercial,2023-04-12
P02476,Female,1980-06-25,NY,Commercial,2021-07-06
P02477,Male,2005-06-29,OH,Commercial,2021-03-16
P02478,Male,2008-09-09,OH,Commercial,2021-11-30
P02479,Male,1999-12-08,PA,Commercial,2020-03-03
P02480,Male,2016-12-28,GA,Medicaid,2019-03-08
P02481,Female,1958-10-16,TX,Medicare,2023-08-07
P02482,Male,2015-10-09,CA,Commercial,2023-08-31
P02483,Male,2002-10-15,CA,Commercial,2022-08-20
P02484,Female,2003-05-25,AZ,Commercial,2021-01-27
P02485,Female,1961-07-31,GA,Medicaid,2023-10-16
P02486,Female,1959-11-22,FL,Commercial,2023-01-13
P02487,Male,1939-12-02,TX,Medicare,2021-12-16
P02488,Male,2013-05-06,NY,Medicaid,2022-02-15
P02489,Female,1976-01-25,TX,Commercial,2019-10-10
P02490,Female,1949-03-07,TX,Medicare,2021-04-09
P02491,Female,1982-03-30,GA,Medicaid,2019-08-24
P02492,Female,1964-09-06,TX,Commercial,2020-03-16
P02493,Female,2013-04-19,NC,Commercial,2021-12-07
P02494,Male,1961-12-02,FL,Medicaid,2019-02-12
P02495,Male,2020-10-30,PA,Medicaid,2019-10-15
P02496,Male,1949-11-11,CA,Medicare,2021-07-15
P02497,Male,1948-10-25,FL,Medicare,2019-10-02
P02498,Male,1966-08-23,FL,Commercial,2022-09-20
P02499,Male,1987-12-17,FL,Medicaid,2022-12-18
P02500,Male,2014-03-10,FL,Commercial,2020-01-18
P02501,Male,2007-04-16,CA,Commercial,2020-01-22
P02502,Male,1952-05-14,IL,Medicare,2022-11-23
P02503,Female,1987-10-29,FL,Medicaid,2020-03-27
P02504,Female,2023-02-19,GA,Medicaid,2021-06-19
P02505,Male,1991-12-30,PA,Commercial,2021-03-18
P02506,Male,1997-01-03,NY,Commercial,2019-10-09
P02507,Male,2023-04-11,TX,Medicaid,2023-03-15
P02508,Female,2007-10-20,NY,Medicaid,2021-12-26
P02509,Male,1950-10-21,FL,Medicare,2022-07-21
P02510,Male,1937-04-22,GA,Medicare,2021-03-21
P02511,Male,2019-03-13,AZ,Commercial,2023-03-19
P02512,Female,2022-07-14,CA,Commercial,2023-05-28
P02513,Female,2001-12-10,GA,Commercial,2020-07-10
P02514,Female,1993-07-04,IL,Commercial,2023-09-21
P02515,Male,1994-07-10,TX,Commercial,2021-12-01
P02516,Female,1978-09-04,FL,Medicaid,2019-01-28
P02517,Male,2012-02-06,AZ,Commercial,2019-01-05
P02518,Female,2020-08-28,NC,Commercial,2023-02-09
P02519,Male,1943-10-05,OH,Medicare,2019-05-16
P02520,Female,1965-04-29,FL,Commercial,2022-04-29
P02521,Male,2013-05-20,GA,Commercial,2023-01-04
P02522,Male,1933-05-19,IL,Medicare,2021-06-24
P02523,Male,1983-07-02,FL,Commercial,2021-07-24
P02524,Male,1956-09-06,PA,Medicare,2022-02-17
P02525,Female,1968-09-28,OH,Medicaid,2021-11-13
P02526,Female,2009-11-18,TX,Commercial,2023-07-08
P02527,Female,1989-10-25,IL,Medicaid,2022-09-07
P02528,Male,2001-06-03,IL,Medicaid,2023-01-07
P02529,Male,1980-08-05,PA,Medicaid,2019-05-06
P02530,Female,1955-04-07,TX,Medicare,2021-07-15
P02531,Male,1954-03-13,CA,Medicare,2021-04-10
P02532,Female,1940-06-11,TX,Medicare,2021-10-23
P02533,Female,1953-11-23,FL,Medicare,2019-08-01
P02534,Female,1982-12-30,IL,Commercial,2020-01-06
P02535,Male,1974-10-09,AZ,Medicaid,2020-07-22
P02536,Female,1936-09-19,FL,Medicare,2022-06-11
P02537,Male,1946-12-05,NC,Medicare,2022-06-18
P02538,Male,1996-03-22,IL,Commercial,2019-04-21
P02539,Male,1959-08-21,CA,Commercial,2019-05-10
P02540,Female,1936-04-04,FL,Medicare,2022-08-03
P02541,Male,1952-10-16,FL,Medicare,2022-04-27
P02542,Male,2004-12-28,NY,Commercial,2022-05-07
P02543,Female,1985-11-12,IL,Commercial,2020-01-31
P02544,Female,1983-07-14,GA,Commercial,2019-04-05
P02545,Female,1934-07-09,TX,Medicare,2019-07-27
P02546,Female,1965-07-25,OH,Commercial,2019-10-21
P02547,Female,1979-01-16,OH,Medicaid,2022-04-06
P02548,Male,2009-05-07,IL,Commercial,2022-06-02
P02549,Female,2009-04-08,PA,Commercial,2019-07-24
P02550,Male,1983-11-17,CA,Commercial,2022-01-10
P02551,Female,1958-07-15,IL,Medicare,2022-12-04
P02552,Male,1962-05-19,CA,Commercial,2019-10-17
P02553,Male,1941-06-01,CA,Medicare,2021-08-09
P02554,Female,1989-01-20,FL,Medicaid,2023-07-28
P02555,Female,1970-07-11,NY,Commercial,2019-07-11
P02556,Male,1957-08-18,FL,Medicare,2022-07-13
P02557,Female,2022-01-21,IL,Commercial,2022-06-17
P02558,Male,2003-08-31,FL,Commercial,2021-05-06
P02559,Male,2002-06-06,TX,Commercial,2022-08-26
P02560,Male,1987-12-22,AZ,Commercial,2019-11-11
P02561,Male,1944-11-01,OH,Medicare,2020-07-18
P02562,Female,1934-12-11,OH,Medicare,2021-03-07
P02563,Female,1953-08-01,NC,Medicare,2023-01-01
P02564,Female,1933-01-25,FL,Medicare,2021-07-22
P02565,Male,1947-12-06,GA,Medicare,2022-08-22
P02566,Female,1959-01-10,OH,Commercial,2019-03-13
P02567,Female,2004-02-18,IL,Commercial,2020-01-16
P02568,Male,2008-12-29,TX,Commercial,2023-06-03
P02569,Female,1953-12-26,GA,Medicare,2021-05-13
P02570,Female,1960-02-07,GA,Medicaid,2020-02-08
P02571,Female,1980-06-01,CA,Commercial,2021-05-21
P02572,Female,1956-10-29,GA,Medicare,2023-05-15
P02573,Female,1943-01-18,FL,Medicare,2023-04-21
P02574,Female,1965-06-10,TX,Medicaid,2020-05-04
P02575,Female,1957-05-14,CA,Medicare,2021-05-20
P02576,Male,1944-04-28,CA,Medicare,2021-04-15
P02577,Female,1934-10-19,TX,Medicare,2022-08-27
P02578,Male,1987-08-23,TX,Medicaid,2022-09-06
P02579,Male,1967-11-16,GA,Commercial,2021-12-19
P02580,Male,1959-06-22,CA,Medicaid,2021-04-15
P02581,Male,1986-01-05,GA,Commercial,2021-08-29
P02582,Female,1974-05-16,IL,Medicaid,2019-08-11
P02583,Female,1985-04-23,GA,Commercial,2023-01-22
P02584,Female,1989-10-22,OH,Commercial,2021-08-23
P02585,Female,2002-06-17,TX,Commercial,2022-10-29
P02586,Male,1981-01-03,CA,Commercial,2023-12-20
P02587,Male,2006-11-29,NC,Commercial,2021-12-06
P02588,Female,2011-10-19,FL,Commercial,2023-09-20
P02589,Female,2006-04-13,TX,Commercial,2022-02-21
P02590,Male,2023-12-29,FL,Commercial,2020-11-03
P02591,Male,1945-10-17,NY,Medicare,2022-02-15
P02592,Female,2007-01-22,IL,Medicaid,2020-08-12
P02593,Male,1939-12-26,CA,Medicare,2022-07-12
P02594,Male,1995-07-29,NC,Commercial,2021-12-29
P02595,Female,2001-09-02,GA,Commercial,2019-08-18
P02596,Female,2009-08-08,NY,Medicaid,2022-10-15
P02597,Male,1970-09-28,OH,Commercial,2021-07-01
P02598,Female,1990-09-22,FL,Commercial,2020-06-04
P02599,Male,1994-03-29,FL,Medicaid,2022-03-12
P02600,Male,1981-12-22,GA,Medicaid,2022-06-25
P02601,Male,1971-11-15,GA,Commercial,2020-07-07
P02602,Male,1938-09-26,AZ,Medicare,2023-08-19
P02603,Male,1993-03-05,FL,Commercial,2022-09-04
P02604,Female,1949-08-10,FL,Medicare,2021-12-15
P02605,Female,1965-12-19,FL,Commercial,2022-12-01
P02606,Male,1961-06-25,GA,Commercial,2021-04-23
P02607,Female,1937-05-17,TX,Medicare,2020-11-27
P02608,Male,1966-07-17,FL,Commercial,2019-03-06
P02609,Female,1947-11-30,FL,Medicare,2020-12-29
P02610,Female,1983-02-15,FL,Commercial,2021-01-16
P02611,Female,1981-02-21,OH,Medicaid,2020-05-17
P02612,Male,2010-02-02,NY,Medicaid,2022-12-17
P02613,Female,2023-01-15,OH,Commercial,2021-08-26
P02614,Female,1937-09-07,FL,Medicare,2019-11-05
P02615,Female,1966-07-31,TX,Commercial,2023-02-15
P02616,Female,2012-01-16,AZ,Commercial,2022-07-19
P02617,Male,1984-07-20,FL,Commercial,2022-11-26
P02618,Male,2014-02-19,TX,Medicaid,2019-03-18
P02619,Male,1987-05-10,GA,Medicaid,2022-03-26
P02620,Male,2003-01-28,FL,Medicaid,2022-05-18
P02621,Female,1975-12-29,CA,Medicaid,2019-12-06
P02622,Male,1986-04-18,CA,Medicaid,2019-06-17
P02623,Male,1991-03-15,TX,Commercial,2023-12-23
P02624,Male,1979-10-21,NY,Medicaid,2019-08-11
P02625,Female,1956-04-07,TX,Medicare,2020-06-20
P02626,Female,2023-10-22,NY,Commercial,2019-09-08
P02627,Female,1935-02-05,PA,Medicare,2023-07-27
P02628,Female,1973-02-03,NC,Commercial,2023-10-22
P02629,Female,1992-12-30,GA,Commercial,2022-04-29
P02630,Male,2012-06-29,GA,Commercial,2019-10-03
P02631,Female,2023-08-15,NC,Commercial,2021-07-06
P02632,Female,2004-02-10,GA,Commercial,2020-05-25
P02633,Male,1974-09-06,IL,Medicaid,2022-10-11
P02634,Male,1935-04-14,PA,Medicare,2022-05-01
P02635,Female,1937-11-19,GA,Medicare,2019-08-13
P02636,Female,2002-10-15,OH,Commercial,2021-07-21
P02637,Male,1996-01-07,FL,Commercial,2020-02-09
P02638,Male,1974-08-13,FL,Commercial,2020-10-21
P02639,Male,1984-03-27,AZ,Medicaid,2023-02-15
P02640,Female,2021-01-12,OH,Commercial,2019-04-16
P02641,Male,1955-01-14,NY,Medicare,2019-04-11
P02642,Male,1939-12-25,PA,Medicare,2020-02-08
P02643,Female,1955-10-09,FL,Medicare,2021-08-28
P02644,Female,2022-04-15,NC,Medicaid,2021-11-10
P02645,Male,2019-01-28,AZ,Commercial,2022-07-07
P02646,Male,1973-01-08,PA,Medicaid,2020-10-11
P02647,Female,1950-04-13,TX,Medicare,2022-06-15
P02648,Male,1941-11-23,TX,Medicare,2023-01-27
P02649,Male,1933-04-04,IL,Medicare,2023-09-13
P02650,Female,1981-09-23,GA,Medicaid,2021-11-19
P02651,Female,2015-03-12,IL,Medicaid,2019-12-05
P02652,Female,1985-06-15,TX,Commercial,2020-01-18
P02653,Male,2017-10-25,FL,Medicaid,2019-10-04
P02654,Female,1945-02-27,GA,Medicare,2020-12-20
P02655,Male,1996-01-06,NY,Commercial,2019-09-01
P02656,Male,2007-07-01,FL,Medicaid,2020-02-02
P02657,Male,1960-03-10,TX,Commercial,2019-12-21
P02658,Male,1957-12-10,IL,Medicare,2021-06-15
P02659,Male,1972-09-24,FL,Commercial,2023-07-30
P02660,Male,1990-11-15,CA,Commercial,2022-02-07
P02661,Female,1979-09-20,TX,Medicaid,2019-10-08
P02662,Female,2007-08-17,CA,Commercial,2020-04-16
P02663,Female,1966-07-27,NY,Commercial,2023-12-10
P02664,Male,1994-09-05,PA,Commercial,2023-07-14
P02665,Female,1996-06-16,TX,Commercial,2020-09-17
P02666,Female,1994-10-12,NY,Medicaid,2019-02-11
P02667,Female,2004-08-27,FL,Medicaid,2020-05-07
P02668,Male,2003-03-01,NY,Commercial,2019-04-07
P02669,Female,1949-06-09,FL,Medicare,2023-09-02
P02670,Female,1992-12-22,CA,Commercial,2019-08-09
P02671,Male,1954-09-03,TX,Medicare,2023-05-12
P02672,Male,1999-03-05,OH,Commercial,2019-08-02
P02673,Male,1959-10-28,TX,Commercial,2019-02-18
P02674,Male,2016-01-30,CA,Commercial,2021-06-13
P02675,Male,1938-09-15,FL,Medicare,2021-05-05
P02676,Female,1944-05-16,NC,Medicare,2021-07-07
P02677,Female,2022-07-11,AZ,Commercial,2021-03-28
P02678,Male,1978-05-17,NY,Medicaid,2019-11-27
P02679,Female,1942-03-15,FL,Medicare,2022-08-06
P02680,Male,2021-11-07,CA,Commercial,2022-08-03
P02681,Male,1968-08-25,FL,Medicaid,2019-03-01
P02682,Female,2016-06-07,NY,Medicaid,2019-10-03
P02683,Male,2004-09-27,FL,Commercial,2021-04-20
P02684,Female,1958-08-17,NY,Medicare,2022-12-31
P02685,Female,2014-02-11,PA,Commercial,2019-03-25
P02686,Female,1937-10-09,FL,Medicare,2019-08-11
P02687,Male,1969-10-23,NY,Commercial,2022-05-12
P02688,Male,1953-06-02,GA,Medicare,2021-04-19
P02689,Female,1974-11-25,GA,Commercial,2021-11-27
P02690,Male,1942-12-31,CA,Medicare,2019-10-16
P02691,Female,1964-02-18,OH,Medicaid,2020-07-26
P02692,Female,1968-09-22,PA,Commercial,2021-07-16
P02693,Male,1983-11-19,GA,Medicaid,2019-03-02
P02694,Male,1970-05-06,FL,Medicaid,2020-12-17
P02695,Male,2004-07-09,NY,Medicaid,2021-08-01
P02696,Male,1973-07-18,CA,Commercial,2019-05-16
P02697,Female,2009-07-24,NC,Medicaid,2021-10-03
P02698,Male,1984-11-08,OH,Commercial,2021-11-29
P02699,Female,1964-02-22,PA,Commercial,2022-01-22
P02700,Male,1976-12-31,FL,Medicaid,2022-11-25
P02701,Female,1957-07-08,AZ,Medicare,2022-08-10
P02702,Female,1938-09-24,AZ,Medicare,2023-07-19
P02703,Male,1966-05-11,FL,Commercial,2020-05-13
P02704,Female,1966-06-14,TX,Medicaid,2021-01-20
P02705,Male,1941-08-13,OH,Medicare,2019-05-06
P02706,Male,1976-06-19,NY,Commercial,2020-12-12
P02707,Female,1972-10-10,FL,Medicaid,2023-08-08
P02708,Male,1976-11-14,TX,Commercial,2020-11-25
P02709,Male,2015-02-05,CA,Commercial,2023-02-16
P02710,Male,1941-05-22,PA,Medicare,2023-10-26
P02711,Female,2012-05-07,PA,Medicaid,2020-09-09
P02712,Male,1987-01-02,IL,Commercial,2023-11-12
P02713,Female,2001-02-04,NY,Commercial,2021-12-16
P02714,Male,2010-06-01,OH,Commercial,2019-07-12
P02715,Male,2005-03-17,FL,Medicaid,2022-09-21
P02716,Female,2018-06-22,NY,Commercial,2020-07-11
P02717,Male,1944-10-06,IL,Medicare,2022-02-13
P02718,Female,1996-05-18,PA,Medicaid,2023-06-09
P02719,Male,1997-02-01,CA,Commercial,2023-01-07
P02720,Male,1957-02-13,FL,Medicare,2023-08-18
P02721,Male,1939-07-01,FL,Medicare,2023-04-01
P02722,Female,2012-01-21,NC,Medicaid,2023-03-12
P02723,Female,1968-10-20,TX,Commercial,2019-08-04
P02724,Female,2022-12-17,TX,Commercial,2019-12-21
P02725,Female,2020-08-06,PA,Commercial,2022-03-28
P02726,Female,1942-10-18,FL,Medicare,2020-05-22
P02727,Male,1944-01-17,TX,Medicare,2022-12-25
P02728,Female,1960-11-19,GA,Commercial,2020-10-23
P02729,Male,1989-06-19,FL,Commercial,2022-12-28
P02730,Female,1999-03-26,GA,Medicaid,2020-10-19
P02731,Female,1969-11-21,FL,Commercial,2022-03-20
P02732,Male,2008-12-15,NY,Commercial,2019-09-17
P02733,Female,1948-06-12,TX,Medicare,2019-10-31
P02734,Male,1997-02-05,NY,Commercial,2022-05-03
P02735,Male,2003-12-27,PA,Commercial,2023-10-18
P02736,Male,2004-12-24,NY,Commercial,2022-05-23
P02737,Male,2023-01-29,CA,Commercial,2022-08-05
P02738,Male,1939-05-27,CA,Medicare,2021-11-16
P02739,Male,1957-04-19,NY,Medicare,2021-02-17
P02740,Female,1938-09-22,TX,Medicare,2019-01-21
P02741,Female,1981-09-08,IL,Commercial,2023-09-09
P02742,Male,2022-07-13,TX,Medicaid,2021-03-25
P02743,Female,1966-10-14,CA,Commercial,2023-02-22
P02744,Male,1956-07-23,CA,Medicare,2021-04-08
P02745,Male,1979-01-18,PA,Commercial,2020-10-26
P02746,Female,1940-04-02,NY,Medicare,2019-12-16
P02747,Female,1974-02-17,NY,Commercial,2021-03-16
P02748,Male,1979-07-04,NY,Commercial,2023-02-11
P02749,Female,2000-03-19,OH,Commercial,2019-06-09
P02750,Female,1963-08-01,TX,Commercial,2021-12-23
P02751,Male,1981-05-20,IL,Commercial,2021-08-09
P02752,Male,1953-04-09,PA,Medicare,2020-10-18
P02753,Male,1970-03-05,FL,Medicaid,2022-09-05
P02754,Female,2010-01-28,TX,Commercial,2019-01-24
P02755,Female,1959-11-24,IL,Medicaid,2023-10-12
P02756,Male,1954-03-17,GA,Medicare,2023-03-26
P02757,Female,2011-04-17,TX,Medicaid,2019-01-21
P02758,Male,1950-04-07,GA,Medicare,2021-09-29
P02759,Male,1955-12-27,FL,Medicare,2019-07-16
P02760,Female,1954-07-06,NY,Medicare,2019-06-24
P02761,Male,1936-01-16,OH,Medicare,2019-01-20
P02762,Male,2007-02-07,CA,Medicaid,2020-05-17
P02763,Male,2001-10-08,FL,Commercial,2020-08-03
P02764,Male,1994-07-07,NY,Commercial,2020-12-07
P02765,Female,1982-02-19,TX,Commercial,2020-08-02
P02766,Male,2009-01-26,CA,Medicaid,2022-09-19
P02767,Male,1978-09-02,TX,Commercial,2019-12-06
P02768,Male,1934-03-13,AZ,Medicare,2023-01-25
P02769,Female,2002-03-02,PA,Medicaid,2021-08-09
P02770,Male,1981-11-07,NC,Medicaid,2022-02-18
P02771,Female,2006-12-20,NY,Commercial,2020-03-13
P02772,Female,1945-12-14,CA,Medicare,2022-09-23
P02773,Female,1984-11-08,NY,Medicaid,2022-12-21
P02774,Female,2007-04-06,OH,Commercial,2019-12-18
P02775,Female,1950-08-11,IL,Medicare,2021-07-27
P02776,Female,1968-04-25,AZ,Commercial,2020-05-26
P02777,Female,1952-11-29,CA,Medicare,2019-08-12
P02778,Female,1952-05-26,NC,Medicare,2019-10-30
P02779,Female,2001-04-04,TX,Commercial,2022-01-02
P02780,Female,1959-01-10,FL,Commercial,2023-02-23
P02781,Female,1976-09-06,NC,Commercial,2019-03-16
P02782,Female,1972-06-15,IL,Commercial,2022-06-15
P02783,Female,1948-07-08,PA,Medicare,2020-02-28
P02784,Male,1967-08-28,PA,Commercial,2020-02-29
P02785,Female,1989-05-12,TX,Commercial,2021-10-16
P02786,Male,1944-06-08,NC,Medicare,2023-03-09
P02787,Female,1955-03-03,CA,Medicare,2021-08-23
P02788,Female,1953-12-21,CA,Medicare,2023-04-11
P02789,Female,2017-10-12,FL,Medicaid,2022-03-30
P02790,Female,2019-06-04,CA,Commercial,2022-02-01
P02791,Male,1982-06-05,GA,Medicaid,2021-05-31
P02792,Male,1964-02-06,NC,Commercial,2023-01-26
P02793,Male,1950-04-29,IL,Medicare,2019-10-11
P02794,Female,2015-12-31,NC,Medicaid,2023-08-11
P02795,Female,1992-07-06,GA,Medicaid,2019-01-29
P02796,Male,1936-02-27,NY,Medicare,2022-06-10
P02797,Female,1958-02-16,CA,Medicare,2021-07-22
P02798,Female,1984-03-14,NC,Commercial,2019-08-18
P02799,Female,1934-07-10,FL,Medicare,2020-09-25
P02800,Male,1941-11-23,NY,Medicare,2023-09-20
P02801,Male,2023-10-16,PA,Medicaid,2020-12-25
P02802,Female,2009-02-25,FL,Commercial,2021-03-04
P02803,Female,2012-08-29,NC,Commercial,2019-05-05
P02804,Male,1941-03-28,IL,Medicare,2021-03-10
P02805,Female,2017-12-18,OH,Commercial,2019-01-17
P02806,Female,2000-07-05,IL,Commercial,2021-05-08
P02807,Female,2016-01-20,OH,Commercial,2023-01-15
P02808,Female,1946-10-03,NY,Medicare,2021-06-23
P02809,Female,1993-12-20,NY,Commercial,2019-06-02
P02810,Male,2019-09-18,FL,Commercial,2023-12-01
P02811,Male,2021-12-08,FL,Commercial,2022-01-03
P02812,Male,1992-05-22,CA,Medicaid,2023-10-07
P02813,Female,1939-10-24,GA,Medicare,2019-10-18
P02814,Female,2012-10-03,TX,Commercial,2021-06-13
P02815,Male,2002-05-31,OH,Commercial,2020-06-04
P02816,Female,1955-09-05,FL,Medicare,2019-03-01
P02817,Female,1993-05-08,GA,Commercial,2019-11-05
P02818,Female,1940-01-27,NC,Medicare,2021-12-18
P02819,Female,1998-01-26,FL,Commercial,2019-05-01
P02820,Female,2011-04-10,NY,Medicaid,2021-08-23
P02821,Female,1963-01-13,FL,Commercial,2019-02-11
P02822,Male,1950-04-07,OH,Medicare,2019-02-04
P02823,Female,2003-12-08,CA,Commercial,2022-11-23
P02824,Male,2008-01-18,CA,Medicaid,2020-02-10
P02825,Male,2015-06-09,GA,Medicaid,2020-07-07
P02826,Female,1952-12-29,NC,Medicare,2020-02-26
P02827,Male,1964-05-19,TX,Commercial,2023-03-01
P02828,Male,2006-10-03,CA,Commercial,2021-06-24
P02829,Female,1982-06-19,FL,Medicaid,2023-03-31
P02830,Male,1936-05-05,FL,Medicare,2019-07-08
P02831,Male,1964-12-21,FL,Commercial,2019-08-22
P02832,Male,2004-07-25,GA,Commercial,2021-02-05
P02833,Female,2017-12-11,FL,Commercial,2023-05-10
P02834,Female,1966-11-20,FL,Medicaid,2020-09-20
P02835,Female,1947-10-16,PA,Medicare,2021-10-22
P02836,Female,1939-03-22,CA,Medicare,2020-01-25
P02837,Female,1942-08-03,CA,Medicare,2023-07-04
P02838,Male,2008-12-14,GA,Commercial,2021-12-20
P02839,Female,2006-04-03,FL,Commercial,2022-03-13
P02840,Female,1989-06-16,AZ,Commercial,2019-03-29
P02841,Female,1957-11-10,FL,Medicare,2022-07-06
P02842,Female,1998-06-09,PA,Commercial,2019-01-24
P02843,Male,1972-10-02,NC,Commercial,2019-05-25
P02844,Male,1972-05-13,TX,Commercial,2021-01-25
P02845,Female,2016-01-21,OH,Commercial,2023-02-17
P02846,Female,1944-09-07,OH,Medicare,2022-11-22
P02847,Female,2013-04-03,PA,Commercial,2023-12-01
P02848,Male,1989-12-23,CA,Commercial,2020-02-17
P02849,Female,1951-08-06,GA,Medicare,2020-05-17
P02850,Female,1994-02-10,CA,Commercial,2022-05-24
P02851,Female,2015-12-05,FL,Commercial,2020-05-07
P02852,Female,2001-01-26,TX,Commercial,2021-02-12
P02853,Female,2022-11-27,CA,Medicaid,2019-12-03
P02854,Male,1960-07-09,GA,Commercial,2023-07-27
P02855,Female,1952-10-26,PA,Medicare,2023-01-04
P02856,Female,1992-12-24,AZ,Medicaid,2019-12-20
P02857,Female,1952-08-26,FL,Medicare,2022-02-26
P02858,Female,2012-06-02,GA,Commercial,2019-03-18
P02859,Male,1949-04-12,NY,Medicare,2019-08-08
P02860,Male,1961-09-07,FL,Commercial,2023-07-14
P02861,Male,1992-07-05,FL,Commercial,2021-12-26
P02862,Male,1946-10-26,IL,Medicare,2020-05-06
P02863,Male,1970-04-09,FL,Commercial,2023-04-28
P02864,Male,1995-11-01,GA,Commercial,2019-09-13
P02865,Female,1965-02-20,TX,Commercial,2023-07-06
P02866,Male,2001-10-27,FL,Commercial,2023-06-16
P02867,Male,1991-05-04,PA,Commercial,2021-04-15
P02868,Male,1947-09-03,PA,Medicare,2022-10-08
P02869,Female,1985-01-02,TX,Medicaid,2020-10-22
P02870,Male,1970-09-20,GA,Commercial,2022-01-16
P02871,Female,1954-01-19,IL,Medicare,2022-08-25
P02872,Male,1991-03-02,NC,Commercial,2019-10-27
P02873,Female,1980-07-14,NY,Commercial,2023-03-16
P02874,Male,2002-07-04,TX,Commercial,2021-07-15
P02875,Female,1967-08-25,NY,Commercial,2023-02-28
P02876,Male,2004-07-28,GA,Commercial,2023-04-27
P02877,Male,2004-07-14,NY,Commercial,2022-12-23
P02878,Female,2002-11-08,NC,Commercial,2022-09-21
P02879,Female,1944-09-05,TX,Medicare,2021-12-11
P02880,Female,2016-02-16,NC,Commercial,2021-09-01
P02881,Female,2014-01-08,NC,Commercial,2023-04-23
P02882,Female,1973-12-11,OH,Commercial,2023-10-22
P02883,Male,1954-04-08,CA,Medicare,2023-07-13
P02884,Male,2017-10-05,FL,Commercial,2020-11-06
P02885,Female,1945-05-07,NC,Medicare,2019-02-19
P02886,Male,1998-05-19,PA,Commercial,2023-11-16
P02887,Female,2021-02-14,FL,Commercial,2023-10-30
P02888,Male,1969-04-19,IL,Medicaid,2020-02-06
P02889,Female,2016-03-06,IL,Commercial,2020-05-18
P02890,Male,1997-03-14,NC,Commercial,2020-05-02
P02891,Female,2010-05-09,FL,Commercial,2023-02-20
P02892,Female,2004-08-04,CA,Medicaid,2019-09-05
P02893,Female,1955-08-31,TX,Medicare,2020-11-19
P02894,Male,1944-08-27,TX,Medicare,2023-03-20
P02895,Male,1963-08-24,FL,Medicaid,2023-06-04
P02896,Male,2015-09-18,NC,Commercial,2020-12-28
P02897,Male,2011-09-10,CA,Medicaid,2020-02-10
P02898,Female,1966-06-07,NY,Commercial,2020-02-06
P02899,Male,1949-09-24,TX,Medicare,2021-01-24
P02900,Male,2019-08-27,TX,Commercial,2021-06-04
P02901,Female,2015-04-18,NY,Commercial,2020-07-11
P02902,Female,1997-09-03,NY,Medicaid,2023-05-08
P02903,Female,1987-11-24,FL,Commercial,2022-03-07
P02904,Female,1982-12-25,TX,Medicaid,2023-07-05
P02905,Female,2014-03-27,FL,Commercial,2019-10-24
P02906,Male,1938-01-19,OH,Medicare,2020-12-22
P02907,Male,2007-04-27,NY,Medicaid,2020-02-13
P02908,Female,1989-12-09,OH,Commercial,2021-07-07
P02909,Male,2003-06-10,TX,Medicaid,2019-05-10
P02910,Male,1945-09-24,FL,Medicare,2019-05-11
P02911,Male,1957-09-05,GA,Medicare,2020-12-03
P02912,Male,1987-01-30,GA,Commercial,2019-11-02
P02913,Male,1943-03-07,TX,Medicare,2020-09-15
P02914,Female,1953-04-07,OH,Medicare,2020-05-21
P02915,Male,2019-07-03,FL,Commercial,2022-10-07
P02916,Female,1972-06-03,TX,Commercial,2019-02-04
P02917,Female,1961-01-31,FL,Commercial,2023-01-30
P02918,Female,1986-05-04,TX,Medicaid,2020-07-13
P02919,Male,2021-06-03,CA,Commercial,2020-12-20
P02920,Male,1933-11-26,FL,Medicare,2023-07-17
P02921,Female,2005-01-02,FL,Medicaid,2020-02-18
P02922,Male,2020-03-11,NC,Commercial,2023-08-13
P02923,Female,2014-08-20,TX,Commercial,2021-06-16
P02924,Male,1958-10-01,TX,Medicare,2019-12-05
P02925,Female,1996-01-13,NC,Commercial,2023-05-18
P02926,Male,1951-01-17,FL,Medicare,2022-03-14
P02927,Male,1954-07-31,PA,Medicare,2021-06-18
P02928,Female,1954-10-08,OH,Medicare,2019-05-21
P02929,Male,2005-03-15,TX,Commercial,2022-02-03
P02930,Male,1933-05-17,Unknown,Medicare,2023-05-31
P02931,Female,1953-02-06,TX,Medicare,2023-05-07
P02932,Male,2019-06-16,OH,Commercial,2023-01-04
P02933,Male,1933-06-13,FL,Medicare,2019-09-03
P02934,Female,2010-11-09,NC,Medicaid,2020-02-20
P02935,Female,1937-05-25,TX,Medicare,2021-11-30
P02936,Male,1976-08-21,OH,Commercial,2019-10-08
P02937,Male,1989-10-18,AZ,Commercial,2019-05-31
P02938,Male,2014-03-21,GA,Commercial,2019-09-02
P02939,Male,1968-08-27,NY,Commercial,2023-12-24
P02940,Male,2008-10-15,CA,Commercial,2023-07-05
P02941,Female,1980-01-16,CA,Medicaid,2020-05-18
P02942,Female,1981-01-14,FL,Commercial,2022-02-04
P02943,Female,1970-07-04,CA,Medicaid,2023-03-18
P02944,Female,1976-09-15,NC,Commercial,2020-10-09
P02945,Male,1978-11-02,IL,Commercial,2022-03-24
P02946,Male,2020-05-17,NC,Commercial,2019-05-31
P02947,Female,1963-05-24,CA,Commercial,2021-02-13
P02948,Male,1956-05-20,GA,Medicare,2022-10-22
P02949,Female,2007-03-27,FL,Medicaid,2019-05-02
P02950,Female,1995-07-14,CA,Medicaid,2021-01-01
P02951,Male,2005-04-26,CA,Commercial,2022-07-10
P02952,Female,1933-05-06,PA,Medicare,2023-04-15
P02953,Male,2020-03-16,NY,Commercial,2021-03-25
P02954,Female,1994-04-04,FL,Medicaid,2020-04-08
P02955,Female,1935-12-19,GA,Medicare,2019-10-29
P02956,Male,1981-05-20,NY,Commercial,2023-05-14
P02957,Male,1990-01-09,TX,Commercial,2021-11-04
P02958,Male,1974-06-10,FL,Commercial,2019-01-03
P02959,Male,2013-06-21,FL,Commercial,2020-09-12
P02960,Male,1962-05-24,TX,Medicaid,2023-07-17
P02961,Male,1934-06-10,TX,Medicare,2019-06-03
P02962,Female,2001-08-07,AZ,Medicaid,2020-07-30
P02963,Female,1988-01-04,PA,Commercial,2021-09-14
P02964,Male,1949-12-06,FL,Medicare,2020-02-13
P02965,Male,1971-03-10,OH,Commercial,2020-10-05
P02966,Female,1933-11-03,NY,Medicare,2022-09-18
P02967,Female,1963-10-18,IL,Commercial,2020-01-09
P02968,Female,2014-05-24,CA,Commercial,2022-09-23
P02969,Female,1943-05-14,GA,Medicare,2022-11-10
P02970,Female,1998-01-27,FL,Commercial,2021-01-09
P02971,Male,1984-09-15,AZ,Commercial,2023-11-28
P02972,Male,1952-12-22,IL,Medicare,2020-11-07
P02973,Male,2015-09-30,NY,Commercial,2021-04-02
P02974,Male,2001-06-16,CA,Medicaid,2020-05-27
P02975,Female,1956-08-23,CA,Medicare,2023-03-17
P02976,Male,2014-09-30,OH,Medicaid,2021-02-06
P02977,Male,1955-02-02,NY,Medicare,2021-10-18
P02978,Male,1934-06-09,FL,Medicare,2023-02-17
P02979,Female,1939-05-01,TX,Medicare,2021-09-29
P02980,Male,1959-04-03,CA,Medicaid,2019-05-21
P02981,Female,1943-08-05,TX,Medicare,2019-11-19
P02982,Female,2011-04-08,PA,Commercial,2023-03-03
P02983,Female,2012-01-15,IL,Commercial,2019-10-09
P02984,Female,1934-04-11,GA,Medicare,2021-03-06
P02985,Male,1990-09-14,IL,Commercial,2023-10-07
P02986,Female,1970-03-22,NC,Commercial,2019-05-28
P02987,Female,1961-10-06,CA,Commercial,2021-05-17
P02988,Male,1943-12-06,FL,Medicare,2019-06-10
P02989,Male,2007-07-23,TX,Commercial,2023-07-06
P02990,Male,1956-06-29,AZ,Medicare,2023-03-01
P02991,Female,1955-07-14,CA,Medicare,2019-07-01
P02992,Female,1995-09-28,CA,Medicaid,2022-10-23
P02993,Male,2004-09-23,FL,Commercial,2021-04-04
P02994,Male,1957-01-29,TX,Medicare,2020-12-29
P02995,Female,1943-09-17,NY,Medicare,2019-04-07
P02996,Male,1996-03-21,CA,Commercial,2022-04-26
P02997,Male,1939-09-29,PA,Medicare,2020-03-27
P02998,Male,2017-11-22,NY,Commercial,2020-05-08
P02999,Female,1966-12-08,GA,Medicaid,2020-07-01
P03000,Male,1978-10-04,GA,Commercial,2021-05-23
P03001,Male,1964-02-28,FL,Medicaid,2023-08-25
P03002,Female,1941-07-18,FL,Medicare,2022-09-03
P03003,Female,1983-04-23,TX,Commercial,2021-03-14
P03004,Female,1942-01-14,OH,Medicare,2021-12-12
P03005,Female,1981-12-14,TX,Commercial,2023-01-30
P03006,Female,1942-11-21,PA,Medicare,2020-07-19
P03007,Female,1953-01-30,IL,Medicare,2021-09-12
P03008,Female,2008-06-07,FL,Commercial,2020-01-30
P03009,Male,2022-05-20,NC,Commercial,2021-04-06
P03010,Male,1943-08-30,FL,Medicare,2022-02-26
P03011,Male,2012-03-05,FL,Commercial,2023-06-17
P03012,Female,1980-05-10,GA,Medicaid,2023-06-24
P03013,Female,1947-09-29,FL,Medicare,2021-06-20
P03014,Male,1944-05-09,NC,Medicare,2022-03-28
P03015,Male,1998-12-30,NC,Commercial,2020-05-31
P03016,Female,1954-10-05,CA,Medicare,2020-11-07
P03017,Male,1996-10-18,CA,Medicaid,2022-08-01
P03018,Male,2006-03-20,OH,Commercial,2020-03-16
P03019,Male,2005-04-07,OH,Commercial,2021-03-05
P03020,Male,1970-11-28,PA,Commercial,2019-08-10
P03021,Female,1995-02-05,NC,Commercial,2019-03-29
P03022,Male,1943-03-09,TX,Medicare,2019-03-13
P03023,Male,1973-07-26,NY,Commercial,2023-05-15
P03024,Male,1947-10-16,NY,Medicare,2021-05-10
P03025,Male,2000-07-31,FL,Commercial,2023-11-10
P03026,Male,1975-05-31,PA,Commercial,2019-08-09
P03027,Male,2002-05-16,IL,Commercial,2020-06-28
P03028,Female,1990-08-27,AZ,Medicaid,2022-09-10
P03029,Male,1946-11-24,GA,Medicare,2020-12-19
P03030,Male,2010-05-23,FL,Commercial,2021-03-16
P03031,Male,1945-04-18,FL,Medicare,2021-04-15
P03032,Female,1968-09-25,OH,Commercial,2021-04-22
P03033,Female,2004-05-12,CA,Commercial,2019-01-31
P03034,Male,2001-06-07,OH,Commercial,2020-02-29
P03035,Female,1985-07-02,IL,Medicaid,2021-12-28
P03036,Female,1949-12-29,GA,Medicare,2020-02-21
P03037,Male,1950-09-10,TX,Medicare,2023-04-19
P03038,Female,1996-08-17,OH,Commercial,2022-07-30
P03039,Female,1961-03-02,GA,Commercial,2023-06-01
P03040,Male,1955-03-06,NY,Medicare,2019-07-30
P03041,Male,1986-02-16,NY,Commercial,2023-11-19
P03042,Female,1984-07-16,CA,Medicaid,2019-07-20
P03043,Female,1937-09-03,AZ,Medicare,2019-11-05
P03044,Female,1969-07-02,FL,Commercial,2019-04-07
P03045,Male,1936-03-18,NY,Medicare,2020-03-05
P03046,Female,1988-05-19,AZ,Medicaid,2021-09-18
P03047,Female,1988-05-26,TX,Commercial,2019-12-12
P03048,Male,1945-07-26,OH,Medicare,2019-01-25
P03049,Male,1960-04-21,IL,Medicaid,2019-07-18
P03050,Female,2006-02-18,GA,Commercial,2020-01-30
P03051,Male,1969-05-02,FL,Medicaid,2020-03-03
P03052,Male,2017-08-06,FL,Commercial,2020-09-26
P03053,Female,1956-02-29,FL,Medicare,2019-07-19
P03054,Male,1945-01-21,TX,Medicare,2021-11-04
P03055,Female,1958-03-16,FL,Medicare,2021-07-02
P03056,Female,2017-02-14,TX,Commercial,2019-10-17
P03057,Female,1945-09-26,OH,Medicare,2022-09-10
P03058,Female,1984-07-31,GA,Commercial,2020-03-08
P03059,Male,1967-10-02,NY,Commercial,2023-06-14
P03060,Male,1985-08-20,FL,Commercial,2021-01-28
P03061,Male,1948-04-08,NC,Medicare,2023-10-30
P03062,Male,1972-04-29,TX,Commercial,2019-01-08
P03063,Female,1994-12-30,FL,Commercial,2019-10-18
P03064,Male,2019-04-01,AZ,Medicaid,2022-10-03
P03065,Male,2000-10-22,Unknown,Commercial,2023-04-02
P03066,Female,2010-10-25,CA,Commercial,2020-10-17
P03067,Male,1959-06-17,NC,Commercial,2019-07-01
P03068,Male,1964-10-05,TX,Commercial,2022-05-25
P03069,Female,1956-01-15,GA,Medicare,2019-03-14
P03070,Female,1986-11-08,NY,Commercial,2021-09-18
P03071,Female,2023-11-07,PA,Commercial,2021-10-17
P03072,Male,1994-03-29,AZ,Medicaid,2022-04-23
P03073,Male,2013-09-18,CA,Medicaid,2022-08-26
P03074,Male,1936-04-15,TX,Medicare,2022-05-01
P03075,Male,2019-04-28,NC,Medicaid,2023-02-20
P03076,Female,1965-10-23,NC,Medicaid,2022-02-13
P03077,Male,2008-06-03,GA,Commercial,2022-07-22
P03078,Female,1940-06-19,TX,Medicare,2023-09-20
P03079,Male,1953-11-27,FL,Medicare,2022-03-11
P03080,Female,1965-03-28,TX,Commercial,2023-10-21
P03081,Female,2017-02-22,OH,Commercial,2023-02-05
P03082,Female,2016-01-21,TX,Commercial,2020-05-19
P03083,Female,1936-11-29,CA,Medicare,2023-11-17
P03084,Female,1934-10-27,TX,Medicare,2022-06-13
P03085,Female,1951-03-06,FL,Medicare,2020-08-01
P03086,Male,2013-09-11,OH,Commercial,2023-11-24
P03087,Male,2014-05-17,CA,Commercial,2020-04-26
P03088,Female,2006-08-26,PA,Commercial,2023-08-06
P03089,Female,1958-10-13,NC,Medicare,2023-09-23
P03090,Male,2017-05-17,PA,Medicaid,2023-01-09
P03091,Male,1982-10-17,FL,Medicaid,2019-09-14
P03092,Male,1971-11-13,CA,Medicaid,2023-10-06
P03093,Male,2014-06-21,TX,Medicaid,2023-07-05
P03094,Female,1960-10-22,OH,Medicaid,2019-04-11
P03095,Female,1959-10-23,CA,Commercial,2020-12-14
P03096,Male,2004-03-22,FL,Commercial,2021-02-28
P03097,Male,2016-06-22,NY,Commercial,2023-10-20
P03098,Male,2002-06-17,OH,Commercial,2022-01-12
P03099,Male,2007-11-10,GA,Commercial,2021-02-14
P03100,Female,2005-11-03,CA,Commercial,2021-05-04
P03101,Female,1963-08-12,PA,Medicaid,2021-05-25
P03102,Female,2013-08-12,FL,Commercial,2023-06-10
P03103,Male,2003-07-21,CA,Medicaid,2019-01-23
P03104,Male,1956-11-12,IL,Medicare,2020-06-30
P03105,Female,1954-02-07,FL,Medicare,2022-10-18
P03106,Female,1942-08-21,Unknown,Medicare,2019-02-27
P03107,Male,2004-03-09,CA,Commercial,2022-06-30
P03108,Female,1956-08-07,CA,Medicare,2023-05-08
P03109,Male,1969-07-12,Unknown,Commercial,2019-07-17
P03110,Female,1963-11-22,CA,Medicaid,2023-03-29
P03111,Male,1967-04-30,CA,Commercial,2023-09-12
P03112,Male,2016-12-10,NY,Commercial,2020-11-10
P03113,Female,1940-04-03,FL,Medicare,2022-09-07
P03114,Male,1949-02-13,CA,Medicare,2023-03-30
P03115,Male,2013-08-22,FL,Commercial,2023-06-29
P03116,Female,1942-02-11,AZ,Medicare,2023-05-16
P03117,Female,1984-04-20,FL,Commercial,2019-03-15
P03118,Male,1945-12-31,FL,Medicare,2020-08-26
P03119,Male,2007-10-19,OH,Commercial,2019-10-16
P03120,Male,1977-05-11,FL,Commercial,2020-11-28
P03121,Female,2017-04-19,TX,Commercial,2021-04-15
P03122,Male,2022-11-27,IL,Commercial,2022-11-30
P03123,Male,1982-04-26,OH,Commercial,2019-03-03
P03124,Female,2019-03-12,GA,Commercial,2019-11-21
P03125,Female,2006-11-28,GA,Commercial,2021-05-12
P03126,Female,1972-02-14,CA,Commercial,2023-06-23
P03127,Male,1947-06-21,NY,Medicare,2020-03-15
P03128,Female,1999-05-21,FL,Commercial,2022-05-05
P03129,Male,1937-12-13,FL,Medicare,2022-12-16
P03130,Female,1980-05-22,OH,Medicaid,2020-04-23
P03131,Male,1961-07-19,TX,Commercial,2019-10-27
P03132,Female,1975-08-19,OH,Medicaid,2020-12-07
P03133,Male,2000-03-22,FL,Commercial,2023-08-20
P03134,Male,1996-10-01,CA,Commercial,2021-01-01
P03135,Male,1941-12-10,NY,Medicare,2019-05-31
P03136,Male,1937-07-02,TX,Medicare,2020-07-28
P03137,Female,2006-04-04,CA,Medicaid,2022-09-04
P03138,Female,1998-11-13,FL,Commercial,2020-10-09
P03139,Female,1958-01-06,PA,Medicare,2022-10-04
P03140,Female,1967-05-01,OH,Commercial,2019-08-20
P03141,Male,2016-01-26,GA,Commercial,2019-10-11
P03142,Female,2002-07-13,CA,Commercial,2021-02-27
P03143,Male,2020-11-17,IL,Medicaid,2023-04-30
P03144,Female,2019-10-29,TX,Commercial,2021-12-30
P03145,Male,1999-07-03,TX,Medicaid,2023-05-26
P03146,Female,1948-05-31,OH,Medicare,2020-03-04
P03147,Male,1952-04-08,FL,Medicare,2020-08-07
P03148,Male,1940-03-16,NC,Medicare,2022-09-15
P03149,Male,1998-03-28,GA,Medicaid,2019-09-22
P03150,Male,1988-05-31,NC,Commercial,2020-03-16
P03151,Female,1967-12-26,TX,Commercial,2019-04-29
P03152,Male,1944-06-21,FL,Medicare,2022-08-09
P03153,Female,1970-03-07,PA,Commercial,2023-02-17
P03154,Female,1997-02-25,CA,Commercial,2021-08-08
P03155,Female,2020-03-02,TX,Commercial,2022-09-05
P03156,Male,1959-12-29,NC,Commercial,2020-04-22
P03157,Male,1959-07-27,NY,Commercial,2021-11-16
P03158,Female,1968-05-20,FL,Commercial,2020-11-12
P03159,Male,1992-10-02,CA,Medicaid,2023-02-22
P03160,Female,2005-08-04,AZ,Commercial,2023-07-29
P03161,Female,2012-11-26,GA,Medicaid,2019-04-26
P03162,Female,1999-10-23,PA,Medicaid,2021-10-09
P03163,Female,2002-12-29,CA,Commercial,2023-04-22
P03164,Male,1957-01-08,FL,Medicare,2019-12-12
P03165,Female,1934-02-21,NC,Medicare,2023-05-04
P03166,Female,1953-08-06,NY,Medicare,2019-01-08
P03167,Female,2009-12-30,OH,Commercial,2022-01-27
P03168,Male,1982-08-31,CA,Commercial,2021-09-02
P03169,Male,1978-07-26,FL,Commercial,2022-09-15
P03170,Female,1937-10-31,FL,Medicare,2023-07-29
P03171,Male,1962-05-04,TX,Medicaid,2021-12-16
P03172,Female,1936-01-02,NY,Medicare,2022-03-04
P03173,Male,1958-02-26,IL,Medicare,2021-10-06
P03174,Female,1993-02-22,PA,Medicaid,2021-07-21
P03175,Female,1953-03-03,OH,Medicare,2020-11-07
P03176,Female,1973-12-06,NY,Commercial,2023-08-20
P03177,Female,1963-06-14,FL,Medicaid,2022-03-11
P03178,Female,1981-06-08,OH,Commercial,2019-09-07
P03179,Male,2010-11-25,FL,Commercial,2019-03-31
P03180,Female,1955-11-09,FL,Medicare,2021-04-23
P03181,Female,1972-06-08,GA,Medicaid,2022-03-04
P03182,Male,2021-04-14,IL,Commercial,2021-12-03
P03183,Male,1985-10-16,OH,Commercial,2020-02-04
P03184,Male,1981-07-08,FL,Commercial,2022-01-07
P03185,Female,1989-12-04,IL,Commercial,2019-04-13
P03186,Male,1982-11-21,OH,Commercial,2023-11-11
P03187,Male,1951-06-04,CA,Medicare,2020-12-22
P03188,Male,2015-06-12,FL,Medicaid,2021-05-30
P03189,Female,1986-04-02,TX,Commercial,2021-09-29
P03190,Female,1972-02-03,TX,Commercial,2021-08-17
P03191,Female,1970-10-23,CA,Commercial,2023-03-18
P03192,Male,1993-08-29,CA,Commercial,2022-04-10
P03193,Male,1953-02-22,GA,Medicare,2022-03-28
P03194,Female,1954-12-13,TX,Medicare,2020-09-16
P03195,Female,1937-03-04,NY,Medicare,2021-01-05
P03196,Male,1970-01-20,PA,Commercial,2021-12-12
P03197,Female,1941-11-25,FL,Medicare,2021-06-01
P03198,Male,2001-11-10,NC,Commercial,2021-02-22
P03199,Male,1987-04-27,AZ,Commercial,2023-10-07
P03200,Female,1983-07-12,Unknown,Medicaid,2019-07-31
P03201,Male,1954-01-05,NY,Medicare,2019-07-18
P03202,Male,1983-06-17,NC,Medicaid,2022-03-08
P03203,Female,2011-05-07,PA,Medicaid,2020-03-14
P03204,Female,1953-10-06,OH,Medicare,2022-01-05
P03205,Male,1961-09-04,FL,Medicaid,2023-08-31
P03206,Female,1996-10-28,FL,Commercial,2019-09-04
P03207,Female,2010-11-08,FL,Commercial,2022-08-31
P03208,Female,2009-11-20,FL,Commercial,2022-03-19
P03209,Male,2017-02-09,NC,Commercial,2021-02-15
P03210,Female,2011-12-07,GA,Commercial,2021-10-22
P03211,Female,1973-06-26,NC,Commercial,2022-09-03
P03212,Female,1934-06-29,NC,Medicare,2020-01-01
P03213,Female,1947-12-12,NY,Medicare,2022-03-23
P03214,Male,1945-02-27,FL,Medicare,2021-01-16
P03215,Male,1980-07-02,TX,Commercial,2020-09-04
P03216,Female,1945-11-15,FL,Medicare,2019-05-03
P03217,Male,1963-11-16,IL,Commercial,2021-08-10
P03218,Male,1998-04-20,TX,Commercial,2021-08-26
P03219,Male,1984-05-19,FL,Commercial,2019-06-10
P03220,Male,2004-08-03,FL,Commercial,2021-08-10
P03221,Female,1966-08-06,CA,Commercial,2022-07-07
P03222,Male,1964-12-19,CA,Medicaid,2023-10-15
P03223,Male,1952-12-20,AZ,Medicare,2022-05-19
P03224,Male,1940-06-19,GA,Medicare,2023-01-06
P03225,Female,2008-08-21,FL,Commercial,2022-06-24
P03226,Female,1984-10-01,OH,Medicaid,2021-04-21
P03227,Female,1947-08-16,TX,Medicare,2021-05-19
P03228,Female,1978-05-25,TX,Commercial,2023-01-25
P03229,Female,1951-09-16,IL,Medicare,2021-09-07
P03230,Female,1967-08-27,CA,Commercial,2021-09-26
P03231,Female,2012-09-19,TX,Commercial,2023-10-15
P03232,Female,2015-05-03,AZ,Commercial,2022-08-02
P03233,Male,1955-12-13,GA,Medicare,2020-05-22
P03234,Female,2018-01-30,FL,Commercial,2023-11-25
P03235,Female,1997-06-12,GA,Commercial,2022-07-01
P03236,Male,1959-10-04,FL,Commercial,2021-08-17
P03237,Female,1994-03-29,TX,Medicaid,2023-03-04
P03238,Female,2023-01-23,PA,Commercial,2020-10-09
P03239,Male,1960-12-10,AZ,Commercial,2020-06-04
P03240,Female,1977-10-18,NC,Commercial,2022-04-24
P03241,Male,2002-11-09,IL,Medicaid,2022-11-07
P03242,Female,1954-12-06,TX,Medicare,2020-02-14
P03243,Female,1984-04-06,TX,Medicaid,2022-12-05
P03244,Female,1988-10-22,FL,Commercial,2023-04-10
P03245,Female,1961-08-14,NY,Commercial,2023-11-02
P03246,Male,1934-03-09,TX,Medicare,2023-07-19
P03247,Female,2007-05-23,FL,Commercial,2019-08-25
P03248,Female,1959-04-29,IL,Medicaid,2019-05-01
P03249,Female,1961-11-26,FL,Medicaid,2021-04-10
P03250,Male,2020-01-12,NC,Commercial,2019-05-25
P03251,Male,2004-12-01,FL,Medicaid,2020-06-20
P03252,Male,1940-04-16,NY,Medicare,2021-12-21
P03253,Male,1966-05-12,NC,Commercial,2020-06-09
P03254,Male,1977-08-03,GA,Commercial,2021-11-26
P03255,Female,1986-03-01,FL,Commercial,2019-03-13
P03256,Male,2004-02-10,CA,Medicaid,2019-10-01
P03257,Female,2017-12-06,CA,Commercial,2019-10-13
P03258,Female,1965-01-16,TX,Commercial,2021-05-08
P03259,Male,1947-10-05,TX,Medicare,2021-05-31
P03260,Male,1994-03-18,FL,Commercial,2023-06-02
P03261,Male,1960-03-07,GA,Commercial,2020-09-27
P03262,Female,1938-06-11,IL,Medicare,2023-06-06
P03263,Female,2007-02-20,FL,Commercial,2021-04-20
P03264,Female,1968-03-05,NY,Commercial,2023-05-07
P03265,Male,2005-06-24,NC,Commercial,2021-08-16
P03266,Female,1962-10-27,OH,Commercial,2020-02-07
P03267,Female,1968-07-26,FL,Commercial,2022-06-18
P03268,Female,1950-02-06,CA,Medicare,2020-12-29
P03269,Male,1994-10-19,CA,Medicaid,2022-09-14
P03270,Female,1975-01-02,FL,Commercial,2022-07-03
P03271,Female,1992-10-26,FL,Medicaid,2023-02-02
P03272,Female,1958-05-03,PA,Medicare,2023-03-12
P03273,Female,1933-05-12,NY,Medicare,2022-02-22
P03274,Female,1944-10-21,FL,Medicare,2023-05-21
P03275,Male,1941-07-12,CA,Medicare,2019-07-19
P03276,Female,2007-11-10,TX,Medicaid,2020-04-18
P03277,Female,2004-08-20,FL,Commercial,2022-11-23
P03278,Female,1943-01-16,GA,Medicare,2019-07-30
P03279,Female,1990-12-12,TX,Commercial,2022-03-06
P03280,Male,2014-02-16,CA,Commercial,2021-05-07
P03281,Female,1937-04-28,TX,Medicare,2020-07-05
P03282,Male,2015-04-03,FL,Commercial,2020-02-21
P03283,Female,2003-09-21,CA,Commercial,2023-12-18
P03284,Female,1975-01-20,NC,Commercial,2022-08-03
P03285,Female,2020-09-30,NY,Commercial,2022-04-27
P03286,Male,1935-07-02,FL,Medicare,2021-01-28
P03287,Female,1933-12-18,FL,Medicare,2019-08-23
P03288,Female,2014-02-10,IL,Commercial,2021-10-24
P03289,Male,2020-04-18,FL,Commercial,2021-09-08
P03290,Female,2009-11-02,TX,Commercial,2023-07-25
P03291,Female,2014-05-04,NC,Commercial,2021-05-16
P03292,Female,1946-10-26,OH,Medicare,2021-07-26
P03293,Female,1945-07-22,IL,Medicare,2020-10-27
P03294,Female,1983-06-28,TX,Commercial,2019-10-09
P03295,Male,1974-01-26,AZ,Commercial,2021-03-02
P03296,Male,1974-09-01,FL,Medicaid,2023-09-29
P03297,Male,1952-12-27,PA,Medicare,2019-12-02
P03298,Female,2017-07-27,GA,Commercial,2021-08-14
P03299,Female,1959-01-28,IL,Commercial,2021-07-28
P03300,Male,1994-03-15,PA,Commercial,2019-08-22
P03301,Female,1988-12-10,OH,Medicaid,2021-01-20
P03302,Male,1972-12-12,CA,Commercial,2020-01-21
P03303,Male,1991-03-31,GA,Commercial,2019-08-09
P03304,Female,2006-04-12,NY,Medicaid,2021-07-15
P03305,Female,1951-06-12,FL,Medicare,2019-02-04
P03306,Male,2013-11-29,NC,Commercial,2023-02-23
P03307,Male,2018-09-20,FL,Commercial,2019-08-25
P03308,Female,1999-02-26,GA,Commercial,2019-10-06
P03309,Female,1958-11-11,GA,Medicare,2023-07-04
P03310,Female,2002-10-19,OH,Commercial,2023-03-28
P03311,Male,1985-07-19,TX,Medicaid,2023-10-26
P03312,Female,2011-04-08,NY,Medicaid,2022-08-14
P03313,Male,1956-03-04,GA,Medicare,2019-01-18
P03314,Male,1947-05-30,TX,Medicare,2023-05-20
P03315,Male,2003-07-06,NY,Commercial,2023-11-01
P03316,Female,1992-08-13,FL,Commercial,2021-09-16
P03317,Female,1940-12-16,NC,Medicare,2022-03-27
P03318,Male,1984-09-25,NY,Commercial,2020-11-09
P03319,Male,1998-10-14,AZ,Commercial,2020-12-21
P03320,Female,2016-12-11,GA,Commercial,2019-11-14
P03321,Male,1963-04-05,TX,Commercial,2021-12-05
P03322,Male,1984-08-25,IL,Commercial,2021-09-12
P03323,Male,1949-06-28,IL,Medicare,2023-11-21
P03324,Male,1987-10-20,NY,Medicaid,2019-02-25
P03325,Male,1943-05-31,FL,Medicare,2022-12-08
P03326,Female,1963-11-13,TX,Medicaid,2021-01-09
P03327,Female,2011-04-29,CA,Commercial,2019-08-08
P03328,Male,1997-04-06,GA,Medicaid,2020-12-24
P03329,Male,1945-09-09,FL,Medicare,2020-11-16
P03330,Male,1973-10-15,NY,Commercial,2023-02-16
P03331,Female,1987-03-23,FL,Medicaid,2020-06-17
P03332,Male,2004-10-11,PA,Commercial,2023-01-20
P03333,Male,1974-10-27,FL,Commercial,2020-07-18
P03334,Male,1986-08-29,AZ,Commercial,2021-02-13
P03335,Male,1989-01-13,NY,Commercial,2021-07-22
P03336,Female,1963-07-17,AZ,Commercial,2020-05-26
P03337,Male,1949-09-27,OH,Medicare,2020-05-28
P03338,Male,1983-06-28,FL,Medicaid,2022-12-24
P03339,Female,2021-08-26,GA,Commercial,2022-02-15
P03340,Female,1936-05-03,FL,Medicare,2021-08-01
P03341,Male,1988-07-24,NC,Commercial,2023-03-31
P03342,Male,1967-06-01,FL,Medicaid,2022-03-22
P03343,Female,2002-07-25,NC,Commercial,2023-10-18
P03344,Male,1963-07-10,PA,Commercial,2021-10-23
P03345,Male,1945-07-21,TX,Medicare,2022-12-22
P03346,Male,1934-08-10,NC,Medicare,2022-11-22
P03347,Male,1944-01-15,IL,Medicare,2019-11-30
P03348,Female,1945-09-25,OH,Medicare,2023-04-20
P03349,Male,1957-03-13,FL,Medicare,2023-05-26
P03350,Male,1988-04-16,GA,Commercial,2022-05-27
P03351,Male,1967-06-23,NY,Commercial,2023-11-20
P03352,Female,1959-09-08,GA,Commercial,2019-08-30
P03353,Female,1979-07-09,NY,Commercial,2019-01-26
P03354,Female,1992-02-25,AZ,Commercial,2019-12-24
P03355,Male,1984-10-26,NY,Commercial,2020-01-04
P03356,Female,2002-06-01,GA,Commercial,2023-06-30
P03357,Male,1947-03-28,FL,Medicare,2021-03-25
P03358,Male,1989-05-14,IL,Commercial,2023-07-25
P03359,Female,1955-11-10,GA,Medicare,2022-07-02
P03360,Female,1948-06-29,FL,Medicare,2021-07-16
P03361,Male,2016-10-26,CA,Commercial,2020-08-06
P03362,Female,2012-01-28,NY,Commercial,2022-08-13
P03363,Male,1951-08-26,TX,Medicare,2022-09-21
P03364,Male,1958-07-31,CA,Medicare,2019-11-21
P03365,Female,2015-02-23,CA,Commercial,2022-11-18
P03366,Male,2022-07-29,FL,Commercial,2021-07-28
P03367,Male,1935-10-23,TX,Medicare,2022-07-27
P03368,Male,1951-02-10,NC,Medicare,2019-09-28
P03369,Male,2013-05-09,TX,Commercial,2021-04-30
P03370,Male,2002-05-25,AZ,Commercial,2023-06-18
P03371,Male,1960-12-04,GA,Medicaid,2023-04-06
P03372,Female,2013-07-21,NY,Commercial,2019-02-26
P03373,Male,1959-07-18,NC,Medicaid,2019-04-21
P03374,Male,1990-09-27,CA,Commercial,2020-03-03
P03375,Male,1940-06-08,FL,Medicare,2023-08-13
P03376,Female,2002-10-03,NY,Commercial,2020-05-06
P03377,Female,2002-07-13,AZ,Commercial,2020-09-13
P03378,Male,1998-03-14,TX,Medicaid,2019-04-22
P03379,Male,2015-04-08,FL,Commercial,2021-07-28
P03380,Male,2003-09-21,FL,Medicaid,2021-08-26
P03381,Female,1965-10-17,TX,Commercial,2020-11-03
P03382,Male,2023-12-30,FL,Medicaid,2023-04-05
P03383,Male,1986-08-27,PA,Medicaid,2020-04-11
P03384,Male,1954-12-24,AZ,Medicare,2021-07-09
P03385,Male,2014-11-15,IL,Commercial,2023-01-24
P03386,Female,1939-01-09,Unknown,Medicare,2019-12-06
P03387,Male,1941-02-22,NY,Medicare,2022-09-06
P03388,Female,2009-06-10,TX,Medicaid,2019-09-16
P03389,Male,1960-03-24,FL,Commercial,2022-08-22
P03390,Female,2011-07-07,CA,Commercial,2021-07-24
P03391,Male,2015-05-27,FL,Commercial,2021-10-26
P03392,Female,1949-01-30,FL,Medicare,2020-05-05
P03393,Female,2002-12-03,PA,Medicaid,2023-01-27
P03394,Male,2013-08-25,OH,Commercial,2022-10-08
P03395,Female,1952-11-18,IL,Medicare,2023-01-15
P03396,Female,2001-03-16,TX,Medicaid,2022-11-07
P03397,Male,1989-03-06,PA,Commercial,2021-09-27
P03398,Female,2008-04-12,TX,Commercial,2021-01-27
P03399,Male,1950-05-23,FL,Medicare,2019-09-08
P03400,Male,1953-07-10,NY,Medicare,2021-11-23
P03401,Female,2020-12-23,CA,Commercial,2021-12-14
P03402,Female,1967-03-25,TX,Medicaid,2023-03-14
P03403,Male,1943-02-09,OH,Medicare,2023-07-05
P03404,Male,2004-01-14,TX,Medicaid,2020-03-13
P03405,Female,1986-08-29,IL,Medicaid,2020-11-03
P03406,Male,2017-10-19,FL,Medicaid,2021-05-05
P03407,Female,1958-05-07,NC,Medicare,2021-10-13
P03408,Female,1990-12-25,IL,Commercial,2021-05-27
P03409,Female,1945-12-10,CA,Medicare,2019-10-11
P03410,Male,2015-03-08,PA,Commercial,2023-01-21
P03411,Female,1950-01-16,NC,Medicare,2021-07-05
P03412,Female,1973-08-06,FL,Commercial,2022-10-18
P03413,Male,1947-06-30,NC,Medicare,2023-06-24
P03414,Female,2019-06-17,CA,Commercial,2020-07-16
P03415,Male,1987-11-12,FL,Commercial,2020-06-24
P03416,Male,1993-10-11,TX,Commercial,2019-09-30
P03417,Female,1940-09-14,FL,Medicare,2023-11-23
P03418,Female,1938-02-27,GA,Medicare,2023-02-12
P03419,Female,1988-07-25,AZ,Commercial,2021-02-17
P03420,Female,2013-04-12,IL,Medicaid,2019-12-11
P03421,Female,1975-10-23,NC,Medicaid,2019-04-22
P03422,Female,2010-01-18,TX,Commercial,2020-01-24
P03423,Female,1945-02-12,TX,Medicare,2019-06-25
P03424,Male,1984-07-11,FL,Commercial,2019-12-06
P03425,Female,2000-10-10,TX,Commercial,2022-06-04
P03426,Female,1936-01-10,OH,Medicare,2021-02-04
P03427,Female,1990-03-12,NY,Commercial,2020-10-29
P03428,Female,1998-06-28,NY,Medicaid,2022-03-30
P03429,Male,2011-09-26,FL,Medicaid,2019-07-30
P03430,Male,1981-05-19,IL,Medicaid,2020-02-24
P03431,Female,1942-08-18,GA,Medicare,2021-06-02
P03432,Male,1946-04-29,TX,Medicare,2021-08-09
P03433,Female,2016-03-03,TX,Medicaid,2020-01-16
P03434,Male,1982-07-06,TX,Commercial,2022-11-23
P03435,Female,1964-12-14,CA,Commercial,2022-11-29
P03436,Male,1956-06-09,CA,Medicare,2021-12-28
P03437,Female,2009-02-21,CA,Commercial,2023-05-14
P03438,Female,1984-10-11,FL,Commercial,2021-09-18
P03439,Male,2014-01-15,AZ,Commercial,2021-11-03
P03440,Female,1958-08-21,NC,Medicare,2021-06-23
P03441,Male,1982-04-26,IL,Commercial,2021-09-11
P03442,Male,1989-04-19,FL,Commercial,2019-07-08
P03443,Female,2022-10-26,IL,Commercial,2022-08-19
P03444,Male,2008-12-17,NC,Commercial,2021-12-12
P03445,Female,2011-01-20,NY,Medicaid,2020-04-24
P03446,Male,1979-04-21,FL,Commercial,2022-07-31
P03447,Female,1957-05-15,GA,Medicare,2020-09-20
P03448,Female,1949-09-12,PA,Medicare,2019-03-12
P03449,Female,2017-11-22,TX,Commercial,2022-02-15
P03450,Male,1968-09-23,NC,Medicaid,2022-10-17
P03451,Male,1935-06-16,NC,Medicare,2023-01-20
P03452,Male,1938-04-22,OH,Medicare,2023-12-12
P03453,Female,1967-09-07,TX,Commercial,2022-08-01
P03454,Female,1994-10-14,IL,Commercial,2019-10-04
P03455,Male,1972-10-01,GA,Medicaid,2022-09-24
P03456,Male,1952-01-15,PA,Medicare,2019-03-27
P03457,Female,1973-05-15,TX,Medicaid,2019-03-29
P03458,Male,2022-01-04,GA,Medicaid,2020-08-05
P03459,Male,2018-12-29,TX,Commercial,2019-02-06
P03460,Male,1934-07-17,OH,Medicare,2021-12-19
P03461,Male,1973-07-18,CA,Commercial,2019-03-23
P03462,Female,1951-08-08,FL,Medicare,2021-04-14
P03463,Female,2003-08-12,FL,Commercial,2023-08-07
P03464,Male,1996-12-03,NC,Commercial,2019-11-05
P03465,Male,1938-12-20,GA,Medicare,2019-04-03
P03466,Female,1933-03-22,GA,Medicare,2019-07-31
P03467,Female,1948-07-24,OH,Medicare,2021-12-02
P03468,Female,1974-11-02,TX,Commercial,2023-06-28
P03469,Female,1999-08-28,FL,Commercial,2021-01-28
P03470,Male,1969-01-25,TX,Medicaid,2019-08-31
P03471,Female,2018-07-14,CA,Commercial,2019-10-20
P03472,Female,1971-01-05,CA,Commercial,2020-12-01
P03473,Male,1942-11-03,FL,Medicare,2020-01-27
P03474,Female,1990-11-17,NY,Commercial,2023-11-04
P03475,Female,1947-06-10,TX,Medicare,2020-11-20
P03476,Male,1999-04-27,NY,Commercial,2023-06-18
P03477,Female,2000-01-08,FL,Medicaid,2020-04-04
P03478,Female,1962-07-14,GA,Medicaid,2023-10-10
P03479,Female,2022-10-19,CA,Medicaid,2021-01-11
P03480,Female,1941-06-17,FL,Medicare,2019-04-06
P03481,Male,1959-09-11,AZ,Commercial,2023-06-11
P03482,Male,1945-10-27,AZ,Medicare,2021-11-14
P03483,Female,1982-11-29,TX,Medicaid,2023-10-19
P03484,Female,1949-04-11,NC,Medicare,2020-06-05
P03485,Female,1955-05-12,CA,Medicare,2019-05-19
P03486,Male,1944-11-01,FL,Medicare,2023-12-29
P03487,Male,1933-06-11,TX,Medicare,2021-04-10
P03488,Male,1942-02-11,AZ,Medicare,2020-01-15
P03489,Female,1968-03-08,FL,Commercial,2023-11-16
P03490,Male,1988-07-19,CA,Commercial,2021-08-05
P03491,Male,1958-12-11,CA,Medicare,2023-05-11
P03492,Female,1967-05-15,FL,Commercial,2019-05-22
P03493,Female,2010-06-26,NY,Medicaid,2021-06-16
P03494,Female,1941-01-29,IL,Medicare,2021-05-26
P03495,Male,1979-06-14,FL,Commercial,2019-01-08
P03496,Female,1995-04-07,FL,Medicaid,2020-01-23
P03497,Female,1948-06-22,GA,Medicare,2022-06-08
P03498,Male,1937-06-17,OH,Medicare,2020-11-09
P03499,Male,1978-09-07,CA,Commercial,2022-07-09
P03500,Female,1986-08-07,NY,Medicaid,2021-05-27
P03501,Female,1966-09-14,OH,Commercial,2019-12-11
P03502,Female,1934-07-16,AZ,Medicare,2019-04-07
P03503,Female,1989-01-18,FL,Commercial,2019-04-01
P03504,Male,1935-08-30,PA,Medicare,2021-07-11
P03505,Male,1949-07-15,TX,Medicare,2019-07-13
P03506,Male,1950-01-20,FL,Medicare,2019-07-18
P03507,Male,1972-11-06,GA,Commercial,2021-04-09
P03508,Male,2017-09-30,TX,Medicaid,2023-10-28
P03509,Female,1935-07-05,IL,Medicare,2023-05-29
P03510,Female,2005-08-04,NY,Commercial,2020-09-19
P03511,Male,2013-08-29,CA,Medicaid,2019-11-08
P03512,Male,1947-03-23,FL,Medicare,2019-06-13
P03513,Male,1968-07-02,FL,Medicaid,2022-10-15
P03514,Male,1962-08-21,IL,Medicaid,2019-07-05
P03515,Female,1998-07-10,PA,Medicaid,2019-11-15
P03516,Female,1945-02-11,NY,Medicare,2021-07-30
P03517,Female,1936-01-07,GA,Medicare,2022-02-18
P03518,Male,2011-10-05,FL,Commercial,2021-08-23
P03519,Male,1939-12-18,AZ,Medicare,2020-08-17
P03520,Male,1952-12-20,FL,Medicare,2019-12-14
P03521,Female,1945-07-22,GA,Medicare,2023-02-22
P03522,Female,1994-05-16,NC,Medicaid,2022-04-30
P03523,Female,2010-12-13,IL,Commercial,2023-05-27
P03524,Female,1990-06-29,FL,Commercial,2019-04-27
P03525,Male,1958-08-08,OH,Medicare,2021-12-20
P03526,Male,2006-01-25,TX,Commercial,2022-10-01
P03527,Male,1997-05-25,NC,Commercial,2022-12-26
P03528,Male,2003-07-31,FL,Commercial,2023-08-19
P03529,Female,2004-05-31,PA,Medicaid,2021-08-24
P03530,Male,1981-11-12,NC,Commercial,2020-02-23
P03531,Male,1999-07-12,AZ,Commercial,2022-05-22
P03532,Female,1983-09-03,NY,Commercial,2021-12-24
P03533,Male,2022-10-26,IL,Commercial,2020-10-27
P03534,Female,1980-08-10,CA,Commercial,2022-03-23
P03535,Male,1934-05-12,NY,Medicare,2020-04-23
P03536,Female,1942-06-02,FL,Medicare,2022-05-26
P03537,Female,1967-01-15,PA,Commercial,2021-10-09
P03538,Male,1940-09-22,TX,Medicare,2019-02-07
P03539,Female,1978-04-20,CA,Commercial,2019-10-28
P03540,Female,2001-06-14,CA,Commercial,2021-02-22
P03541,Male,1965-02-16,OH,Medicaid,2022-01-16
P03542,Female,1949-02-03,CA,Medicare,2019-01-17
P03543,Male,1964-04-17,CA,Medicaid,2021-09-09
P03544,Male,1998-07-30,NY,Commercial,2022-04-14
P03545,Female,2003-06-21,CA,Commercial,2021-01-09
P03546,Male,1984-05-08,NY,Commercial,2021-12-07
P03547,Female,1970-03-12,OH,Commercial,2019-07-23
P03548,Female,1990-10-09,PA,Medicaid,2022-12-11
P03549,Female,1976-02-17,NY,Commercial,2023-10-02
P03550,Male,1967-03-15,FL,Medicaid,2021-11-07
P03551,Female,1975-11-30,TX,Medicaid,2019-04-07
P03552,Female,1956-09-24,PA,Medicare,2023-09-10
P03553,Male,2007-10-07,IL,Commercial,2019-12-19
P03554,Male,1955-06-04,GA,Medicare,2023-12-31
P03555,Female,1986-10-16,IL,Commercial,2021-03-20
P03556,Female,1941-09-13,GA,Medicare,2021-09-27
P03557,Female,2004-10-23,IL,Commercial,2023-03-16
P03558,Female,2013-12-07,IL,Medicaid,2020-04-10
P03559,Male,1950-07-17,NY,Medicare,2023-02-16
P03560,Female,1937-09-06,AZ,Medicare,2021-10-26
P03561,Female,1948-06-30,CA,Medicare,2021-03-19
P03562,Female,1954-10-15,TX,Medicare,2021-05-31
P03563,Male,2007-09-19,PA,Medicaid,2023-11-05
P03564,Male,1959-02-10,FL,Commercial,2021-10-10
P03565,Female,1990-03-13,GA,Medicaid,2020-09-24
P03566,Male,1977-09-25,GA,Medicaid,2021-05-15
P03567,Male,1990-11-02,CA,Medicaid,2020-05-09
P03568,Female,2023-01-11,NC,Commercial,2020-02-16
P03569,Female,2006-04-27,PA,Medicaid,2023-02-08
P03570,Female,1969-07-05,IL,Commercial,2019-12-27
P03571,Male,1957-04-20,PA,Medicare,2019-07-13
P03572,Female,1978-10-12,NC,Commercial,2019-10-25
P03573,Female,1974-07-28,IL,Commercial,2019-10-01
P03574,Male,1987-08-12,GA,Commercial,2022-12-10
P03575,Male,1986-04-12,NC,Commercial,2020-09-29
P03576,Male,2008-10-26,FL,Commercial,2021-09-18
P03577,Female,2007-07-07,FL,Medicaid,2019-02-01
P03578,Female,2014-03-02,GA,Commercial,2019-11-07
P03579,Male,1941-10-21,FL,Medicare,2023-03-13
P03580,Male,1983-11-19,AZ,Commercial,2019-04-19
P03581,Male,1942-03-07,NY,Medicare,2020-07-08
P03582,Male,1952-02-17,IL,Medicare,2021-04-16
P03583,Female,1984-07-27,NY,Commercial,2021-10-09
P03584,Female,1955-12-16,NC,Medicare,2021-07-16
P03585,Male,1979-06-18,TX,Medicaid,2020-02-25
P03586,Male,2006-09-13,AZ,Medicaid,2020-03-07
P03587,Female,2005-05-31,FL,Commercial,2021-03-30
P03588,Female,1982-11-10,NC,Commercial,2019-01-18
P03589,Male,1944-03-13,AZ,Medicare,2022-11-04
P03590,Female,2007-04-26,OH,Commercial,2021-11-15
P03591,Male,1985-05-10,PA,Medicaid,2021-01-04
P03592,Male,1982-06-28,GA,Commercial,2023-03-06
P03593,Female,2007-10-13,NY,Medicaid,2021-07-05
P03594,Male,2020-01-24,FL,Commercial,2019-11-01
P03595,Male,1974-09-25,TX,Commercial,2020-08-17
P03596,Female,1998-08-20,FL,Medicaid,2020-06-14
P03597,Female,1982-01-27,OH,Medicaid,2023-03-12
P03598,Male,2012-12-17,AZ,Medicaid,2023-04-12
P03599,Female,2003-11-17,NC,Medicaid,2021-10-17
P03600,Male,1984-03-28,PA,Commercial,2022-05-21
P03601,Female,2015-08-20,NY,Commercial,2023-12-14
P03602,Male,2003-06-04,FL,Commercial,2021-03-28
P03603,Male,1944-06-03,NC,Medicare,2020-03-26
P03604,Female,1973-03-04,GA,Commercial,2020-05-07
P03605,Male,2001-05-19,NY,Medicaid,2023-06-27
P03606,Female,2016-07-29,IL,Commercial,2020-02-07
P03607,Female,2022-06-14,TX,Commercial,2022-02-06
P03608,Female,1987-04-07,GA,Commercial,2023-03-23
P03609,Female,1978-08-15,FL,Commercial,2021-08-23
P03610,Female,1985-10-30,NC,Commercial,2022-12-02
P03611,Female,1953-07-07,GA,Medicare,2020-08-22
P03612,Female,2022-01-01,CA,Commercial,2020-04-13
P03613,Female,1945-11-21,TX,Medicare,2020-05-17
P03614,Female,2021-10-29,OH,Medicaid,2023-06-04
P03615,Male,1953-01-02,IL,Medicare,2022-04-05
P03616,Female,1957-03-04,GA,Medicare,2021-07-06
P03617,Male,2019-11-20,OH,Commercial,2019-01-30
P03618,Female,1984-10-15,Unknown,Commercial,2021-04-10
P03619,Female,1999-04-24,FL,Commercial,2020-09-26
P03620,Female,1961-03-21,TX,Medicaid,2022-04-22
P03621,Female,1938-04-08,TX,Medicare,2022-07-11
P03622,Male,2018-02-20,AZ,Commercial,2020-01-09
P03623,Male,1978-06-30,OH,Commercial,2019-11-01
P03624,Female,1978-02-15,IL,Medicaid,2023-09-22
P03625,Female,1941-05-28,FL,Medicare,2021-04-23
P03626,Male,1942-07-11,NC,Medicare,2020-02-13
P03627,Female,2000-05-13,CA,Medicaid,2023-03-19
P03628,Male,1957-07-28,FL,Medicare,2020-10-09
P03629,Male,1950-05-24,OH,Medicare,2021-08-20
P03630,Female,1990-03-02,PA,Commercial,2021-06-20
P03631,Female,1972-01-17,IL,Commercial,2021-01-13
P03632,Female,1961-06-03,IL,Medicaid,2019-08-23
P03633,Male,1953-12-29,FL,Medicare,2023-07-27
P03634,Male,1991-05-20,IL,Commercial,2022-12-28
P03635,Female,1938-10-01,IL,Medicare,2022-04-12
P03636,Male,1969-10-06,NC,Commercial,2020-01-01
P03637,Female,1967-02-14,FL,Medicaid,2021-01-16
P03638,Female,2006-07-22,TX,Commercial,2023-01-24
P03639,Male,2023-03-19,FL,Medicaid,2023-11-19
P03640,Male,1936-08-19,FL,Medicare,2019-01-20
P03641,Female,2008-05-24,IL,Commercial,2023-04-25
P03642,Male,1959-05-04,AZ,Commercial,2023-11-03
P03643,Female,2021-02-08,IL,Medicaid,2021-12-21
P03644,Male,1964-10-21,GA,Commercial,2021-03-28
P03645,Male,1979-06-11,CA,Commercial,2022-09-16
P03646,Male,1945-08-05,NY,Medicare,2023-03-01
P03647,Male,2021-07-15,NY,Commercial,2023-07-28
P03648,Female,1968-02-26,TX,Commercial,2021-12-18
P03649,Male,2016-11-12,IL,Commercial,2019-03-31
P03650,Male,2017-06-15,OH,Medicaid,2023-04-06
P03651,Female,1972-08-12,PA,Commercial,2021-02-20
P03652,Male,1979-02-08,FL,Commercial,2023-01-13
P03653,Male,2015-10-15,TX,Commercial,2020-08-20
P03654,Male,2001-10-08,CA,Commercial,2023-09-12
P03655,Male,1980-11-28,CA,Commercial,2022-12-27
P03656,Female,1981-07-24,IL,Commercial,2023-12-18
P03657,Female,2000-12-28,FL,Commercial,2020-10-05
P03658,Female,1997-07-02,FL,Commercial,2020-05-29
P03659,Male,2018-10-11,IL,Medicaid,2023-02-22
P03660,Male,2023-08-08,NY,Commercial,2021-09-26
P03661,Male,1961-05-25,NY,Commercial,2022-07-15
P03662,Female,2008-04-26,IL,Medicaid,2023-10-10
P03663,Male,1963-12-10,OH,Medicaid,2023-10-25
P03664,Female,1953-11-07,NC,Medicare,2019-04-24
P03665,Female,1959-09-08,FL,Commercial,2020-10-07
P03666,Male,1996-06-25,CA,Commercial,2020-09-04
P03667,Male,1971-02-13,NY,Commercial,2022-07-11
P03668,Male,1969-11-11,CA,Commercial,2022-09-06
P03669,Male,2001-12-07,CA,Commercial,2020-01-12
P03670,Female,1936-05-16,FL,Medicare,2021-10-23
P03671,Female,2002-01-08,TX,Commercial,2023-06-29
P03672,Male,1958-03-03,NY,Medicare,2021-07-23
P03673,Female,1961-06-08,NY,Commercial,2021-05-25
P03674,Male,1971-12-25,FL,Commercial,2021-02-25
P03675,Female,1948-06-04,IL,Medicare,2021-04-27
P03676,Female,1999-07-19,TX,Medicaid,2019-09-20
P03677,Male,2016-07-21,NY,Commercial,2022-10-13
P03678,Male,1936-07-05,NC,Medicare,2021-01-20
P03679,Female,2015-06-11,NC,Commercial,2019-07-26
P03680,Female,1990-04-13,TX,Commercial,2019-02-10
P03681,Female,1946-10-22,FL,Medicare,2019-03-07
P03682,Female,2016-12-04,GA,Commercial,2020-05-15
P03683,Male,1965-12-13,FL,Commercial,2023-06-21
P03684,Female,1985-08-05,GA,Commercial,2019-01-23
P03685,Female,2020-06-29,CA,Commercial,2023-11-04
P03686,Male,1977-03-20,NY,Commercial,2021-04-01
P03687,Male,2023-07-27,FL,Commercial,2021-10-08
P03688,Female,1984-06-20,NC,Medicaid,2020-08-11
P03689,Male,1945-01-09,FL,Medicare,2020-02-03
P03690,Female,1975-04-03,IL,Commercial,2020-04-25
P03691,Female,1999-04-24,CA,Commercial,2022-11-14
P03692,Male,1944-08-21,CA,Medicare,2020-03-25
P03693,Female,1998-11-06,GA,Commercial,2020-03-20
P03694,Male,1937-01-30,NY,Medicare,2023-11-18
P03695,Male,1946-06-12,TX,Medicare,2020-10-25
P03696,Male,2010-12-03,AZ,Commercial,2023-05-14
P03697,Female,2001-07-08,FL,Commercial,2021-03-12
P03698,Female,1967-11-29,NY,Commercial,2022-11-12
P03699,Male,2003-01-08,OH,Commercial,2022-03-18
P03700,Male,2008-06-22,CA,Commercial,2022-08-24
P03701,Male,1969-03-20,CA,Medicaid,2019-09-11
P03702,Female,1992-07-13,IL,Commercial,2019-06-24
P03703,Male,1948-12-24,TX,Medicare,2020-01-06
P03704,Female,1940-05-12,FL,Medicare,2020-05-23
P03705,Female,1984-05-07,IL,Commercial,2022-03-09
P03706,Male,2006-10-09,FL,Commercial,2023-04-15
P03707,Male,1976-04-14,OH,Commercial,2021-02-28
P03708,Female,1954-10-10,FL,Medicare,2021-11-14
P03709,Female,1989-04-23,FL,Commercial,2022-08-04
P03710,Male,1956-04-02,TX,Medicare,2022-10-15
P03711,Male,2023-11-12,PA,Medicaid,2023-03-14
P03712,Female,1956-09-16,FL,Medicare,2019-11-09
P03713,Male,2014-11-02,GA,Medicaid,2022-05-25
P03714,Male,1941-04-10,GA,Medicare,2019-06-02
P03715,Female,1961-10-07,FL,Medicaid,2020-08-27
P03716,Male,2003-05-13,FL,Medicaid,2023-03-08
P03717,Male,1949-08-01,IL,Medicare,2023-09-09
P03718,Male,1990-12-01,NC,Medicaid,2021-12-02
P03719,Female,2010-02-12,TX,Medicaid,2023-08-06
P03720,Male,1967-04-17,GA,Commercial,2019-03-30
P03721,Male,1956-09-27,FL,Medicare,2019-06-21
P03722,Male,1955-02-14,TX,Medicare,2020-09-19
P03723,Female,2011-04-18,TX,Medicaid,2022-07-16
P03724,Female,1969-03-08,IL,Commercial,2019-08-31
P03725,Male,2014-10-27,GA,Medicaid,2020-10-08
P03726,Female,1957-12-28,TX,Medicare,2022-03-20
P03727,Male,1969-12-09,NC,Medicaid,2019-08-10
P03728,Female,1995-06-19,TX,Commercial,2022-12-15
P03729,Male,1940-03-19,OH,Medicare,2021-03-01
P03730,Female,1957-02-01,NC,Medicare,2020-07-19
P03731,Male,1984-01-16,FL,Medicaid,2019-06-20
P03732,Male,2015-05-28,PA,Medicaid,2023-04-26
P03733,Female,1944-05-15,TX,Medicare,2022-07-26
P03734,Female,1958-09-17,FL,Medicare,2019-10-22
P03735,Male,2000-01-01,NC,Commercial,2021-07-04
P03736,Male,1970-10-21,OH,Medicaid,2020-03-25
P03737,Male,1979-12-12,FL,Commercial,2020-02-20
P03738,Female,1954-04-25,TX,Medicare,2022-06-24
P03739,Male,1956-07-01,IL,Medicare,2022-05-07
P03740,Male,1964-03-25,NC,Commercial,2021-07-05
P03741,Female,2010-11-07,NY,Commercial,2023-11-12
P03742,Female,2000-02-02,NY,Commercial,2020-01-04
P03743,Female,1998-04-13,CA,Medicaid,2023-06-05
P03744,Male,1937-02-04,CA,Medicare,2019-05-01
P03745,Male,1993-05-09,FL,Commercial,2020-02-10
P03746,Female,1941-08-30,TX,Medicare,2022-03-30
P03747,Female,1981-05-17,NY,Commercial,2023-08-23
P03748,Female,1965-05-25,NC,Medicaid,2020-01-21
P03749,Female,2001-10-26,OH,Commercial,2021-10-05
P03750,Male,1989-11-24,CA,Commercial,2023-01-12
P03751,Male,2017-05-08,CA,Commercial,2021-11-09
P03752,Female,1949-11-27,TX,Medicare,2019-06-28
P03753,Female,1986-11-25,PA,Commercial,2020-07-24
P03754,Female,1937-12-05,IL,Medicare,2020-07-28
P03755,Male,1961-05-18,PA,Commercial,2021-06-06
P03756,Female,2006-01-27,PA,Commercial,2023-03-29
P03757,Female,2013-07-03,IL,Commercial,2019-04-04
P03758,Male,1973-11-06,GA,Commercial,2020-04-21
P03759,Male,2018-06-27,NY,Medicaid,2021-06-05
P03760,Male,2002-07-08,NY,Commercial,2020-05-20
P03761,Female,2011-05-30,NY,Medicaid,2022-03-10
P03762,Female,1978-07-26,PA,Commercial,2020-04-17
P03763,Male,1969-06-20,TX,Commercial,2019-03-02
P03764,Male,2011-09-05,FL,Commercial,2022-04-12
P03765,Male,1996-02-05,GA,Commercial,2023-12-17
P03766,Male,1942-06-18,FL,Medicare,2020-04-21
P03767,Female,1947-09-10,TX,Medicare,2019-09-29
P03768,Male,2001-12-30,FL,Commercial,2019-11-15
P03769,Female,1949-04-28,FL,Medicare,2019-02-17
P03770,Female,1953-08-15,NY,Medicare,2022-04-08
P03771,Female,2023-10-03,CA,Medicaid,2019-06-01
P03772,Female,1986-07-10,CA,Medicaid,2022-12-18
P03773,Female,1952-07-07,FL,Medicare,2021-01-25
P03774,Female,1959-03-14,AZ,Medicaid,2019-07-26
P03775,Female,1944-06-16,FL,Medicare,2019-06-06
P03776,Male,1965-04-20,NC,Commercial,2020-11-25
P03777,Male,1938-05-09,IL,Medicare,2021-04-10
P03778,Female,1978-02-24,IL,Commercial,2021-09-13
P03779,Female,1958-12-29,NY,Medicare,2019-09-01
P03780,Male,2014-08-16,GA,Medicaid,2019-08-10
P03781,Female,1987-04-15,PA,Commercial,2022-10-21
P03782,Male,1964-11-10,CA,Medicaid,2023-04-28
P03783,Female,1987-07-24,OH,Medicaid,2019-12-08
P03784,Male,1965-08-07,TX,Commercial,2019-12-14
P03785,Female,1958-03-12,IL,Medicare,2023-07-03
P03786,Male,1966-01-14,IL,Medicaid,2021-07-20
P03787,Female,1983-11-24,NC,Medicaid,2021-06-21
P03788,Female,1992-10-14,IL,Commercial,2023-10-16
P03789,Female,2010-03-24,NY,Commercial,2020-09-07
P03790,Female,1944-10-29,FL,Medicare,2019-02-21
P03791,Male,2005-07-03,CA,Commercial,2022-12-11
P03792,Female,1974-01-21,CA,Commercial,2020-02-12
P03793,Female,1993-01-10,NY,Commercial,2023-08-07
P03794,Male,1998-01-19,GA,Commercial,2022-12-06
P03795,Female,1934-11-12,CA,Medicare,2021-03-06
P03796,Male,1938-11-07,FL,Medicare,2019-05-22
P03797,Male,1948-10-28,OH,Medicare,2019-07-31
P03798,Female,1940-03-26,IL,Medicare,2019-04-30
P03799,Male,1993-10-27,FL,Commercial,2019-01-25
P03800,Male,1987-07-29,PA,Commercial,2020-01-02
P03801,Female,1981-03-08,FL,Commercial,2022-03-09
P03802,Male,2002-07-05,NY,Commercial,2023-05-14
P03803,Female,2019-01-23,IL,Commercial,2019-11-23
P03804,Female,1979-07-03,FL,Commercial,2023-01-26
P03805,Male,1987-08-16,FL,Commercial,2021-05-26
P03806,Male,1981-01-12,AZ,Commercial,2020-03-26
P03807,Male,1935-06-16,FL,Medicare,2023-10-30
P03808,Female,1945-10-25,TX,Medicare,2019-06-09
P03809,Male,1962-05-14,NY,Medicaid,2022-06-27
P03810,Female,1943-03-25,FL,Medicare,2022-12-05
P03811,Male,1958-02-28,FL,Medicare,2022-02-22
P03812,Female,1963-12-30,PA,Commercial,2021-09-12
P03813,Male,1958-11-22,NY,Medicare,2021-09-24
P03814,Female,1997-05-16,TX,Commercial,2023-03-25
P03815,Female,1988-04-05,NC,Commercial,2023-01-21
P03816,Female,1994-05-07,TX,Commercial,2021-08-12
P03817,Female,1959-08-15,TX,Commercial,2022-11-14
P03818,Female,1994-03-31,AZ,Commercial,2020-10-16
P03819,Female,1937-06-03,OH,Medicare,2019-07-06
P03820,Female,2000-01-29,CA,Medicaid,2023-11-29
P03821,Male,1949-08-19,NY,Medicare,2023-10-28
P03822,Male,1956-03-31,PA,Medicare,2020-10-15
P03823,Male,1943-11-10,CA,Medicare,2023-11-10
P03824,Male,2023-04-09,TX,Commercial,2020-10-21
P03825,Male,1934-04-08,TX,Medicare,2021-07-21
P03826,Female,1935-10-01,FL,Medicare,2021-09-23
P03827,Female,2000-12-09,AZ,Commercial,2020-12-21
P03828,Female,2017-01-03,CA,Commercial,2019-07-12
P03829,Female,1962-12-04,TX,Medicaid,2023-05-14
P03830,Male,1950-07-14,TX,Medicare,2023-04-30
P03831,Male,1992-01-01,IL,Commercial,2020-07-09
P03832,Male,1951-08-02,TX,Medicare,2023-09-30
P03833,Male,1974-03-07,OH,Commercial,2021-11-10
P03834,Male,2019-07-02,PA,Commercial,2021-07-11
P03835,Female,2004-10-05,IL,Commercial,2022-01-17
P03836,Female,1987-08-11,TX,Commercial,2021-05-04
P03837,Male,1949-11-28,OH,Medicare,2023-06-08
P03838,Male,2002-05-29,TX,Commercial,2022-09-02
P03839,Female,1938-12-30,IL,Medicare,2023-12-23
P03840,Female,1962-08-26,FL,Commercial,2019-03-14
P03841,Male,1946-12-09,CA,Medicare,2019-11-05
P03842,Male,1953-10-05,NY,Medicare,2022-09-25
P03843,Male,1942-12-07,PA,Medicare,2023-10-27
P03844,Male,1945-01-27,GA,Medicare,2022-08-26
P03845,Female,1995-03-26,FL,Medicaid,2019-03-24
P03846,Male,1943-01-28,PA,Medicare,2019-12-13
P03847,Male,1940-04-26,TX,Medicare,2020-09-16
P03848,Male,1957-07-03,TX,Medicare,2019-05-23
P03849,Male,1973-10-29,FL,Commercial,2023-02-13
P03850,Male,1980-01-15,IL,Commercial,2021-04-28
P03851,Female,2023-02-01,CA,Commercial,2020-01-14
P03852,Male,1990-08-02,NC,Commercial,2023-11-28
P03853,Male,1961-10-10,IL,Commercial,2021-10-30
P03854,Female,1998-08-12,PA,Commercial,2022-03-24
P03855,Male,1940-08-10,NY,Medicare,2023-02-13
P03856,Female,2002-01-31,FL,Commercial,2022-11-19
P03857,Male,2011-12-08,NC,Medicaid,2019-03-02
P03858,Female,1978-05-14,CA,Commercial,2021-06-13
P03859,Female,1946-03-26,FL,Medicare,2023-08-06
P03860,Female,1985-03-28,IL,Commercial,2020-08-04
P03861,Male,1985-10-22,TX,Commercial,2021-01-18
P03862,Female,1968-08-03,TX,Commercial,2022-01-15
P03863,Male,1938-08-29,NY,Medicare,2022-01-07
P03864,Male,1988-08-05,IL,Commercial,2021-04-26
P03865,Female,2020-11-30,FL,Medicaid,2019-05-12
P03866,Female,1986-12-01,TX,Commercial,2020-03-16
P03867,Female,1957-12-23,NY,Medicare,2022-01-01
P03868,Male,1992-01-14,AZ,Commercial,2022-10-09
P03869,Male,1952-08-01,TX,Medicare,2023-06-17
P03870,Female,1974-10-09,TX,Commercial,2023-01-09
P03871,Female,1995-03-16,IL,Commercial,2023-04-26
P03872,Male,1997-07-04,NC,Commercial,2019-12-23
P03873,Female,1992-08-20,FL,Commercial,2021-02-15
P03874,Female,1968-11-20,FL,Commercial,2023-10-26
P03875,Female,1992-08-13,CA,Medicaid,2019-05-17
P03876,Male,2002-05-09,NY,Commercial,2023-04-02
P03877,Female,1985-05-18,FL,Commercial,2020-10-11
P03878,Male,1978-08-11,NY,Medicaid,2023-12-10
P03879,Female,1964-05-22,IL,Commercial,2021-01-22
P03880,Female,1965-03-26,OH,Commercial,2021-03-24
P03881,Male,1942-01-26,CA,Medicare,2019-06-18
P03882,Female,1974-06-22,FL,Medicaid,2021-01-01
P03883,Female,1938-10-09,TX,Medicare,2021-07-23
P03884,Female,2001-11-14,AZ,Commercial,2021-05-07
P03885,Male,1987-11-05,CA,Medicaid,2020-11-02
P03886,Male,1978-12-28,GA,Commercial,2021-12-06
P03887,Male,1990-06-11,NC,Medicaid,2020-06-08
P03888,Female,2010-10-15,FL,Medicaid,2021-05-11
P03889,Female,2023-10-11,TX,Medicaid,2019-02-28
P03890,Female,2020-04-11,GA,Commercial,2023-01-13
P03891,Female,1996-09-06,IL,Commercial,2020-05-11
P03892,Female,1958-03-04,NC,Medicare,2019-11-16
P03893,Female,1939-11-12,NY,Medicare,2020-05-31
P03894,Male,1937-08-29,TX,Medicare,2019-02-07
P03895,Male,1977-12-13,PA,Medicaid,2021-10-31
P03896,Male,1952-06-19,FL,Medicare,2021-04-20
P03897,Male,1966-11-16,FL,Commercial,2023-03-27
P03898,Female,1962-10-05,PA,Commercial,2022-02-17
P03899,Male,1968-04-07,PA,Commercial,2023-03-16
P03900,Female,1995-02-14,GA,Commercial,2020-01-17
P03901,Male,2010-06-15,FL,Commercial,2020-02-04
P03902,Female,1965-01-13,NC,Medicaid,2023-01-14
P03903,Male,1943-03-31,FL,Medicare,2019-12-28
P03904,Male,1933-04-01,CA,Medicare,2022-05-26
P03905,Female,1961-01-04,NC,Commercial,2020-05-10
P03906,Female,1937-11-29,CA,Medicare,2019-04-22
P03907,Male,1990-10-08,TX,Medicaid,2019-11-10
P03908,Female,1969-07-25,PA,Medicaid,2023-01-27
P03909,Female,1951-05-21,IL,Medicare,2023-02-07
P03910,Female,1960-01-05,NC,Medicaid,2023-06-11
P03911,Female,1942-11-25,Unknown,Medicare,2019-10-18
P03912,Male,1983-10-10,AZ,Commercial,2021-04-09
P03913,Male,1970-09-14,NY,Medicaid,2023-03-23
P03914,Male,2009-05-01,FL,Commercial,2021-01-24
P03915,Female,2009-01-18,FL,Commercial,2021-05-09
P03916,Male,1998-01-23,TX,Commercial,2021-01-07
P03917,Male,1957-04-03,FL,Medicare,2020-10-30
P03918,Female,1947-03-25,OH,Medicare,2023-03-07
P03919,Male,1955-08-03,FL,Medicare,2022-01-25
P03920,Female,2013-05-23,TX,Commercial,2020-05-25
P03921,Female,2002-10-30,PA,Commercial,2019-06-17
P03922,Male,1963-07-01,FL,Medicaid,2022-10-16
P03923,Male,1985-09-16,CA,Commercial,2021-02-23
P03924,Male,2010-01-26,IL,Medicaid,2019-04-07
P03925,Female,1984-08-19,FL,Commercial,2020-12-30
P03926,Female,1955-08-10,TX,Medicare,2022-11-11
P03927,Female,1956-08-06,FL,Medicare,2021-01-31
P03928,Female,1992-02-07,NC,Medicaid,2023-12-01
P03929,Female,1984-01-26,TX,Commercial,2021-07-23
P03930,Male,1969-07-27,IL,Medicaid,2021-03-01
P03931,Male,1944-01-03,NC,Medicare,2023-09-20
P03932,Female,1958-03-30,CA,Medicare,2022-12-27
P03933,Female,1956-02-27,Unknown,Medicare,2019-01-23
P03934,Female,1996-02-01,FL,Commercial,2020-11-10
P03935,Male,1992-09-01,OH,Commercial,2021-09-17
P03936,Female,1978-06-14,NC,Commercial,2022-11-09
P03937,Female,2019-09-19,NC,Commercial,2023-05-20
P03938,Female,1954-09-09,CA,Medicare,2021-11-11
P03939,Female,2008-07-15,FL,Commercial,2021-04-11
P03940,Female,1971-12-14,PA,Commercial,2023-02-08
P03941,Male,1970-10-14,CA,Commercial,2020-01-01
P03942,Female,1970-03-11,OH,Commercial,2021-11-10
P03943,Female,2017-11-01,PA,Commercial,2023-09-22
P03944,Female,1956-05-18,CA,Medicare,2023-04-27
P03945,Female,2003-03-28,AZ,Commercial,2019-09-12
P03946,Male,2022-09-26,FL,Medicaid,2022-04-25
P03947,Male,2007-07-18,FL,Commercial,2022-02-20
P03948,Female,1995-02-15,TX,Commercial,2023-01-03
P03949,Male,1966-03-02,GA,Medicaid,2019-12-19
P03950,Female,2012-01-31,CA,Commercial,2019-12-04
P03951,Female,1968-05-16,GA,Commercial,2022-10-16
P03952,Female,1970-02-11,NC,Medicaid,2020-05-10
P03953,Male,2013-08-08,IL,Medicaid,2021-09-28
P03954,Male,1940-05-26,OH,Medicare,2023-03-03
P03955,Female,1994-05-02,TX,Commercial,2020-01-10
P03956,Male,1937-01-09,AZ,Medicare,2023-08-03
P03957,Female,1972-08-19,OH,Medicaid,2019-08-20
P03958,Female,1960-02-16,PA,Medicaid,2023-11-16
P03959,Female,2003-06-30,GA,Commercial,2022-05-22
P03960,Female,1964-11-23,NC,Commercial,2022-11-14
P03961,Female,1961-05-06,FL,Commercial,2022-10-29
P03962,Male,1985-01-07,GA,Commercial,2021-08-08
P03963,Female,1941-07-19,FL,Medicare,2020-03-31
P03964,Female,2006-06-14,NC,Commercial,2022-01-02
P03965,Female,2015-01-28,FL,Commercial,2021-06-04
P03966,Female,1971-01-31,NY,Commercial,2019-02-24
P03967,Female,2003-08-08,CA,Commercial,2021-07-07
P03968,Female,1978-03-29,TX,Commercial,2020-01-17
P03969,Female,2006-05-15,TX,Commercial,2022-01-29
P03970,Female,1960-05-09,PA,Commercial,2023-08-12
P03971,Female,1973-04-13,IL,Medicaid,2022-09-22
P03972,Male,1999-09-04,PA,Commercial,2023-03-17
P03973,Male,1942-09-11,OH,Medicare,2019-06-21
P03974,Female,2020-12-22,GA,Commercial,2023-11-14
P03975,Male,2015-02-23,FL,Commercial,2019-11-23
P03976,Male,1959-09-22,NY,Commercial,2023-04-24
P03977,Male,1970-04-29,IL,Commercial,2023-04-02
P03978,Male,1969-04-25,GA,Commercial,2021-05-10
P03979,Female,1982-04-19,GA,Commercial,2023-08-07
P03980,Male,1950-02-19,OH,Medicare,2023-08-14
P03981,Female,2017-02-18,CA,Commercial,2020-02-16
P03982,Female,1976-12-31,TX,Commercial,2023-09-14
P03983,Male,1946-02-28,PA,Medicare,2021-01-07
P03984,Male,2023-10-18,CA,Commercial,2023-05-31
P03985,Female,2022-05-10,IL,Commercial,2023-07-29
P03986,Male,1987-05-01,TX,Commercial,2020-08-28
P03987,Male,1969-12-12,NY,Commercial,2022-01-16
P03988,Male,2000-09-19,FL,Commercial,2023-11-27
P03989,Male,1959-02-03,TX,Medicaid,2020-08-06
P03990,Male,1999-11-11,FL,Medicaid,2019-02-27
P03991,Male,1976-10-08,FL,Medicaid,2021-03-14
P03992,Male,2008-12-02,GA,Commercial,2022-02-06
P03993,Female,1984-11-01,NY,Commercial,2019-10-15
P03994,Male,2006-05-13,GA,Commercial,2022-04-27
P03995,Male,1973-02-27,FL,Commercial,2020-12-09
P03996,Male,1994-05-28,NY,Commercial,2021-08-18
P03997,Female,2021-09-19,FL,Commercial,2020-05-16
P03998,Female,2007-02-22,FL,Commercial,2021-05-31
P03999,Female,2001-08-19,AZ,Commercial,2021-08-05
P04000,Female,1993-09-08,NY,Commercial,2021-11-26
P04001,Male,1958-06-30,OH,Medicare,2022-07-11
P04002,Male,1986-11-12,FL,Commercial,2021-07-28
P04003,Male,1961-08-23,NY,Medicaid,2023-09-13
P04004,Female,1977-03-15,FL,Commercial,2022-04-21
P04005,Male,1944-05-23,TX,Medicare,2023-08-15
P04006,Male,1979-01-06,PA,Commercial,2022-05-24
P04007,Male,1961-03-23,IL,Commercial,2022-03-31
P04008,Female,2008-08-22,NY,Commercial,2023-11-13
P04009,Male,2008-03-27,GA,Commercial,2022-07-10
P04010,Female,1951-02-20,NC,Medicare,2020-08-23
P04011,Female,1969-05-15,CA,Commercial,2019-02-26
P04012,Male,1969-03-28,NY,Commercial,2020-12-01
P04013,Male,1997-07-01,NY,Medicaid,2020-06-11
P04014,Female,1967-02-03,NY,Commercial,2020-08-29
P04015,Male,1953-10-06,TX,Medicare,2019-04-14
P04016,Male,1933-07-30,NY,Medicare,2019-04-20
P04017,Male,1964-09-30,FL,Commercial,2023-06-07
P04018,Female,1961-11-25,CA,Commercial,2021-08-21
P04019,Female,1998-05-21,NY,Commercial,2019-06-20
P04020,Male,1950-11-18,TX,Medicare,2019-08-06
P04021,Male,2013-10-10,TX,Commercial,2021-05-01
P04022,Female,1965-03-28,CA,Commercial,2021-10-13
P04023,Female,2003-10-06,NY,Commercial,2023-09-17
P04024,Female,1994-02-19,FL,Medicaid,2021-08-13
P04025,Female,1958-12-14,TX,Medicare,2021-06-21
P04026,Male,1972-07-18,FL,Medicaid,2020-11-02
P04027,Female,1956-12-07,TX,Medicare,2021-05-24
P04028,Female,1954-12-10,NY,Medicare,2022-12-03
P04029,Female,1977-03-18,TX,Commercial,2019-03-02
P04030,Male,1972-12-07,TX,Medicaid,2022-12-01
P04031,Female,1935-02-10,GA,Medicare,2022-02-02
P04032,Female,1996-05-27,TX,Commercial,2021-06-15
P04033,Male,1933-07-08,FL,Medicare,2022-07-15
P04034,Male,1942-01-30,AZ,Medicare,2023-08-29
P04035,Female,1983-08-13,CA,Commercial,2020-12-12
P04036,Female,2005-08-08,CA,Commercial,2022-10-27
P04037,Male,1992-08-04,FL,Commercial,2019-08-11
P04038,Female,2000-05-08,IL,Medicaid,2020-01-15
P04039,Male,2007-02-26,CA,Commercial,2021-11-11
P04040,Male,1970-06-17,TX,Medicaid,2021-09-07
P04041,Female,1974-09-20,NC,Commercial,2019-04-04
P04042,Male,1954-02-10,TX,Medicare,2023-11-14
P04043,Male,2018-05-27,IL,Commercial,2022-02-09
P04044,Female,2007-03-04,FL,Medicaid,2023-09-13
P04045,Female,2009-07-27,PA,Commercial,2023-04-24
P04046,Male,1977-10-20,AZ,Commercial,2019-05-29
P04047,Male,1965-01-21,NY,Commercial,2023-06-30
P04048,Female,1999-04-29,PA,Commercial,2019-03-22
P04049,Female,2002-09-10,FL,Commercial,2020-02-01
P04050,Male,1953-02-25,CA,Medicare,2020-10-18
P04051,Female,1959-12-29,TX,Medicaid,2020-04-17
P04052,Female,1955-01-27,TX,Medicare,2023-01-29
P04053,Female,1954-06-03,NY,Medicare,2023-06-02
P04054,Male,1990-05-30,CA,Commercial,2022-03-01
P04055,Male,1964-12-27,CA,Medicaid,2020-03-07
P04056,Female,1976-10-28,GA,Medicaid,2022-06-23
P04057,Female,1990-04-12,TX,Commercial,2023-02-15
P04058,Male,1976-06-11,GA,Medicaid,2020-01-30
P04059,Male,2023-11-16,CA,Commercial,2020-10-31
P04060,Female,1975-05-03,FL,Medicaid,2021-04-26
P04061,Female,2017-04-03,TX,Medicaid,2021-12-10
P04062,Male,1944-09-23,AZ,Medicare,2020-02-09
P04063,Female,2001-04-24,AZ,Commercial,2020-05-01
P04064,Female,1939-01-11,NY,Medicare,2022-03-15
P04065,Male,2008-07-08,GA,Commercial,2023-05-10
P04066,Male,1940-10-09,CA,Medicare,2019-08-29
P04067,Female,1966-01-14,NY,Commercial,2023-04-27
P04068,Male,1956-02-03,FL,Medicare,2021-11-09
P04069,Male,1975-07-19,AZ,Medicaid,2019-07-11
P04070,Male,1986-07-29,TX,Commercial,2021-12-01
P04071,Male,1983-03-03,TX,Commercial,2019-11-06
P04072,Male,1934-12-31,NY,Medicare,2021-07-23
P04073,Female,1980-09-09,IL,Commercial,2020-04-12
P04074,Female,1964-06-16,OH,Commercial,2021-01-16
P04075,Male,1972-05-07,GA,Commercial,2022-08-08
P04076,Female,2004-05-16,NC,Commercial,2019-07-15
P04077,Male,1940-08-18,PA,Medicare,2021-08-31
P04078,Female,1945-02-17,NC,Medicare,2021-09-18
P04079,Male,1999-05-09,FL,Commercial,2020-09-17
P04080,Male,2003-06-18,NY,Commercial,2019-05-10
P04081,Female,2016-01-24,PA,Commercial,2019-08-25
P04082,Male,1988-11-27,FL,Commercial,2022-01-13
P04083,Male,1953-04-16,NY,Medicare,2022-11-05
P04084,Male,1970-01-27,NC,Commercial,2022-05-19
P04085,Male,1950-05-04,CA,Medicare,2022-09-09
P04086,Female,1976-06-08,FL,Medicaid,2022-07-12
P04087,Female,1949-08-20,GA,Medicare,2021-11-06
P04088,Female,1941-09-23,CA,Medicare,2023-11-24
P04089,Female,1960-06-15,GA,Commercial,2021-05-04
P04090,Female,1971-02-07,TX,Commercial,2019-10-05
P04091,Male,2001-07-16,TX,Commercial,2021-11-07
P04092,Male,1946-11-17,FL,Medicare,2023-08-10
P04093,Female,2023-07-09,NY,Medicaid,2022-01-20
P04094,Female,1959-11-27,AZ,Commercial,2022-05-01
P04095,Female,1976-01-25,TX,Commercial,2021-01-12
P04096,Female,1963-06-20,GA,Commercial,2022-10-01
P04097,Male,1933-10-14,GA,Medicare,2022-07-01
P04098,Female,1933-05-17,NY,Medicare,2020-04-13
P04099,Male,1958-06-18,NY,Medicare,2023-02-15
P04100,Male,2020-06-28,PA,Medicaid,2019-05-06
P04101,Male,1972-05-29,CA,Commercial,2022-07-07
P04102,Male,1958-01-26,TX,Medicare,2019-12-03
P04103,Male,1942-02-22,TX,Medicare,2023-08-05
P04104,Female,1969-09-27,CA,Commercial,2022-05-28
P04105,Female,1992-10-05,GA,Medicaid,2022-02-12
P04106,Female,1962-01-04,TX,Commercial,2021-09-22
P04107,Female,1937-05-10,GA,Medicare,2023-07-18
P04108,Female,1948-12-24,NY,Medicare,2022-10-08
P04109,Male,2015-06-22,CA,Medicaid,2019-08-15
P04110,Female,1937-11-18,PA,Medicare,2019-05-21
P04111,Female,2012-12-21,GA,Commercial,2021-10-19
P04112,Female,2020-10-25,IL,Medicaid,2023-05-30
P04113,Female,1941-09-30,NY,Medicare,2022-08-17
P04114,Male,1958-12-02,NC,Medicare,2019-03-31
P04115,Female,1935-03-03,CA,Medicare,2019-05-31
P04116,Female,1999-07-26,PA,Commercial,2019-12-09
P04117,Female,1939-06-14,NC,Medicare,2019-09-10
P04118,Male,2016-02-20,FL,Medicaid,2020-06-12
P04119,Female,1964-03-01,TX,Commercial,2020-11-20
P04120,Male,2017-03-07,IL,Commercial,2020-02-19
P04121,Male,1998-10-21,NY,Medicaid,2020-10-09
P04122,Female,1936-04-04,PA,Medicare,2022-04-22
P04123,Female,1963-01-03,PA,Medicaid,2020-10-18
P04124,Male,2010-12-29,TX,Commercial,2022-07-11
P04125,Female,1998-02-18,PA,Medicaid,2020-11-17
P04126,Male,1975-02-20,TX,Commercial,2022-02-04
P04127,Male,1947-02-28,FL,Medicare,2021-07-26
P04128,Female,1999-08-10,NC,Commercial,2023-02-04
P04129,Female,1951-10-21,PA,Medicare,2019-03-22
P04130,Male,1995-04-09,NY,Medicaid,2020-04-09
P04131,Male,1942-05-18,FL,Medicare,2023-06-20
P04132,Female,1934-04-10,CA,Medicare,2021-08-18
P04133,Male,2000-09-29,NC,Commercial,2021-09-24
P04134,Female,1948-10-28,CA,Medicare,2019-07-30
P04135,Male,1951-02-06,TX,Medicare,2020-03-24
P04136,Male,1974-06-26,TX,Commercial,2019-08-12
P04137,Female,1954-02-24,CA,Medicare,2021-09-02
P04138,Female,1982-01-27,FL,Medicaid,2023-03-23
P04139,Female,1951-07-18,PA,Medicare,2020-05-25
P04140,Male,1956-09-26,FL,Medicare,2022-11-28
P04141,Female,1993-02-08,NY,Commercial,2020-10-27
P04142,Female,1945-04-15,PA,Medicare,2021-12-13
P04143,Male,2020-05-02,NY,Commercial,2022-04-03
P04144,Female,1979-01-17,OH,Commercial,2023-05-30
P04145,Female,1975-10-04,GA,Commercial,2020-01-02
P04146,Male,1991-08-23,NY,Commercial,2020-07-22
P04147,Male,2021-12-17,NC,Commercial,2022-04-17
P04148,Male,1938-08-12,IL,Medicare,2020-04-25
P04149,Female,1973-07-22,CA,Commercial,2019-01-27
P04150,Male,1994-07-19,GA,Commercial,2020-05-25
P04151,Male,2017-11-06,FL,Commercial,2019-04-05
P04152,Female,1939-03-12,PA,Medicare,2021-08-26
P04153,Male,1959-07-07,CA,Commercial,2022-02-13
P04154,Female,2006-07-24,FL,Commercial,2019-10-16
P04155,Female,1944-02-20,NY,Medicare,2020-09-09
P04156,Male,2000-07-07,FL,Commercial,2020-12-22
P04157,Female,1977-02-09,FL,Medicaid,2020-10-17
P04158,Male,1996-10-11,IL,Commercial,2019-01-14
P04159,Female,1999-02-25,CA,Commercial,2020-07-26
P04160,Female,1986-01-05,GA,Commercial,2019-12-05
P04161,Female,1949-04-02,IL,Medicare,2023-10-28
P04162,Female,1991-02-10,AZ,Commercial,2020-05-23
P04163,Male,2007-04-06,IL,Medicaid,2022-06-01
P04164,Male,2016-05-26,OH,Commercial,2023-05-21
P04165,Male,1942-03-28,AZ,Medicare,2022-08-15
P04166,Female,2001-01-15,FL,Commercial,2019-11-04
P04167,Female,1984-05-25,PA,Commercial,2019-12-01
P04168,Female,1999-04-26,TX,Commercial,2022-06-23
P04169,Female,1955-12-04,FL,Medicare,2023-01-16
P04170,Female,1978-01-15,FL,Commercial,2021-11-28
P04171,Female,1997-03-23,FL,Medicaid,2022-05-06
P04172,Female,1937-11-03,OH,Medicare,2021-09-09
P04173,Male,1975-09-18,IL,Medicaid,2020-02-01
P04174,Female,2023-10-11,FL,Commercial,2022-05-07
P04175,Female,1935-09-07,PA,Medicare,2023-02-19
P04176,Female,1937-02-11,OH,Medicare,2023-06-18
P04177,Male,1940-07-15,FL,Medicare,2020-07-30
P04178,Male,1991-08-01,NC,Medicaid,2023-01-03
P04179,Female,1954-03-22,FL,Medicare,2022-11-27
P04180,Male,2011-08-19,GA,Medicaid,2019-12-27
P04181,Male,1941-02-11,NY,Medicare,2023-07-16
P04182,Female,1991-04-01,IL,Commercial,2020-09-28
P04183,Female,1938-09-29,FL,Medicare,2023-12-12
P04184,Male,1986-05-15,TX,Commercial,2019-04-17
P04185,Female,1999-07-09,CA,Medicaid,2020-06-08
P04186,Female,1963-08-29,OH,Medicaid,2019-11-25
P04187,Male,1959-02-05,IL,Commercial,2020-09-02
P04188,Female,1981-08-08,NY,Commercial,2021-12-28
P04189,Male,1987-11-20,PA,Commercial,2019-01-11
P04190,Male,2021-08-04,CA,Commercial,2020-01-28
P04191,Male,1983-06-27,GA,Commercial,2023-07-23
P04192,Male,1941-11-15,CA,Medicare,2021-02-14
P04193,Male,1939-04-05,TX,Medicare,2021-04-16
P04194,Female,1972-10-09,NC,Medicaid,2022-07-28
P04195,Male,2021-11-28,GA,Commercial,2021-09-21
P04196,Female,1933-06-18,GA,Medicare,2019-02-17
P04197,Female,1973-11-03,IL,Commercial,2023-07-28
P04198,Male,1963-03-22,IL,Medicaid,2019-05-13
P04199,Male,1990-12-07,NY,Commercial,2020-07-02
P04200,Female,1989-08-01,OH,Commercial,2023-06-11
P04201,Female,1961-12-13,AZ,Commercial,2022-06-23
P04202,Female,2017-08-14,FL,Medicaid,2019-10-23
P04203,Male,1992-01-26,CA,Commercial,2020-06-26
P04204,Female,1938-05-08,GA,Medicare,2023-08-13
P04205,Female,1948-06-19,OH,Medicare,2023-04-07
P04206,Female,1934-11-04,FL,Medicare,2019-05-12
P04207,Male,1985-09-08,OH,Commercial,2023-03-20
P04208,Male,1959-08-16,GA,Commercial,2020-11-18
P04209,Male,1991-06-04,NY,Commercial,2019-01-11
P04210,Male,1967-10-18,PA,Commercial,2023-03-03
P04211,Female,1956-01-02,FL,Medicare,2023-10-12
P04212,Female,2003-05-09,IL,Commercial,2019-12-02
P04213,Female,2006-09-09,GA,Commercial,2019-04-04
P04214,Female,1974-11-20,NY,Commercial,2021-06-04
P04215,Male,1954-05-28,NC,Medicare,2022-11-02
P04216,Female,2009-07-21,FL,Commercial,2023-09-15
P04217,Male,1946-04-30,CA,Medicare,2019-06-13
P04218,Female,1999-05-29,NY,Commercial,2020-01-05
P04219,Female,2014-05-12,CA,Medicaid,2019-07-11
P04220,Male,1949-03-02,NC,Medicare,2020-01-24
P04221,Male,1968-06-23,TX,Commercial,2021-11-02
P04222,Female,1961-04-11,GA,Commercial,2021-08-05
P04223,Male,2008-08-22,FL,Commercial,2022-02-03
P04224,Male,1995-01-22,IL,Commercial,2020-05-07
P04225,Female,1991-08-06,TX,Commercial,2023-07-03
P04226,Female,1991-04-28,GA,Medicaid,2023-10-20
P04227,Male,1947-01-02,FL,Medicare,2019-03-14
P04228,Female,2009-08-26,OH,Commercial,2022-05-31
P04229,Female,1947-11-25,NY,Medicare,2023-10-30
P04230,Female,1997-10-08,FL,Commercial,2020-08-21
P04231,Male,2018-10-04,IL,Medicaid,2022-01-03
P04232,Male,2019-12-12,IL,Commercial,2022-11-07
P04233,Female,1942-06-16,IL,Medicare,2021-10-30
P04234,Male,1934-09-21,CA,Medicare,2021-10-01
P04235,Male,1988-11-26,TX,Commercial,2020-12-11
P04236,Female,2022-11-12,FL,Commercial,2019-05-07
P04237,Male,1969-09-23,TX,Commercial,2019-08-08
P04238,Male,1979-08-20,CA,Medicaid,2019-11-15
P04239,Male,1947-01-11,GA,Medicare,2021-07-17
P04240,Male,1950-04-19,NY,Medicare,2021-03-19
P04241,Female,1958-04-15,CA,Medicare,2023-05-05
P04242,Female,1993-04-23,Unknown,Medicaid,2021-02-13
P04243,Female,2014-03-13,FL,Commercial,2020-08-24
P04244,Male,1953-09-06,PA,Medicare,2019-07-28
P04245,Female,1950-11-25,NY,Medicare,2023-10-09
P04246,Male,1997-06-29,CA,Commercial,2019-09-09
P04247,Male,2001-12-31,IL,Medicaid,2021-05-30
P04248,Female,1988-10-13,FL,Commercial,2023-07-24
P04249,Male,2002-04-01,IL,Commercial,2019-01-10
P04250,Female,1982-07-01,OH,Medicaid,2021-09-04
P04251,Female,1991-04-24,AZ,Commercial,2021-12-12
P04252,Male,1962-06-28,TX,Commercial,2023-01-18
P04253,Female,1970-06-16,FL,Commercial,2023-08-21
P04254,Female,1958-09-13,FL,Medicare,2023-08-03
P04255,Male,2021-10-13,OH,Medicaid,2022-09-01
P04256,Male,1985-09-28,FL,Commercial,2022-07-17
P04257,Male,2002-03-15,TX,Commercial,2021-09-08
P04258,Female,1965-01-08,AZ,Commercial,2020-12-13
P04259,Female,1997-12-02,NY,Medicaid,2019-01-17
P04260,Female,2005-06-18,GA,Commercial,2020-01-13
P04261,Female,2001-07-13,OH,Medicaid,2021-07-29
P04262,Male,1967-06-10,GA,Medicaid,2019-06-11
P04263,Female,2016-10-07,NY,Commercial,2021-03-20
P04264,Male,1961-12-29,FL,Medicaid,2021-11-21
P04265,Female,1946-10-18,NY,Medicare,2022-12-01
P04266,Male,1946-10-26,FL,Medicare,2021-11-22
P04267,Female,1988-12-12,OH,Commercial,2023-10-19
P04268,Female,1986-08-23,TX,Medicaid,2023-03-28
P04269,Female,1950-04-26,TX,Medicare,2019-04-13
P04270,Male,1944-01-14,AZ,Medicare,2023-01-11
P04271,Male,1981-05-06,PA,Medicaid,2021-03-03
P04272,Male,1992-10-29,CA,Commercial,2023-06-28
P04273,Female,1994-08-21,IL,Medicaid,2020-12-30
P04274,Male,1985-09-12,GA,Medicaid,2019-02-15
P04275,Male,1993-10-15,CA,Commercial,2021-09-18
P04276,Female,1960-01-05,IL,Commercial,2023-05-14
P04277,Male,2021-05-06,CA,Commercial,2023-11-21
P04278,Male,2007-07-10,TX,Medicaid,2020-03-22
P04279,Male,1968-07-25,PA,Commercial,2023-06-28
P04280,Male,1957-09-06,FL,Medicare,2022-06-01
P04281,Female,2001-08-01,FL,Commercial,2019-10-15
P04282,Female,1991-05-15,NC,Commercial,2021-04-26
P04283,Female,1949-01-27,FL,Medicare,2019-08-22
P04284,Female,2012-07-03,FL,Commercial,2019-08-23
P04285,Female,1962-10-25,TX,Medicaid,2020-09-12
P04286,Female,1982-01-16,TX,Commercial,2019-04-29
P04287,Male,2021-09-08,NY,Medicaid,2023-10-27
P04288,Male,1972-12-01,Unknown,Commercial,2022-10-20
P04289,Male,1997-06-16,CA,Medicaid,2022-08-14
P04290,Male,1945-03-18,NC,Medicare,2019-06-13
P04291,Female,1968-09-28,FL,Commercial,2020-11-23
P04292,Female,1969-09-21,TX,Commercial,2022-09-29
P04293,Male,2015-09-18,AZ,Commercial,2022-12-17
P04294,Male,1958-03-12,TX,Medicare,2019-12-25
P04295,Female,2006-01-16,GA,Medicaid,2019-09-17
P04296,Male,1964-02-26,AZ,Commercial,2023-12-05
P04297,Female,1973-10-10,TX,Commercial,2022-03-06
P04298,Male,1948-02-26,NY,Medicare,2021-04-30
P04299,Male,1940-09-09,GA,Medicare,2022-10-30
P04300,Female,1941-02-18,CA,Medicare,2020-05-17
P04301,Male,1987-01-05,GA,Commercial,2020-03-19
P04302,Female,1946-04-13,CA,Medicare,2019-10-23
P04303,Female,1995-01-18,OH,Medicaid,2020-01-28
P04304,Female,1995-11-11,CA,Commercial,2019-10-19
P04305,Male,2004-05-06,FL,Commercial,2022-03-05
P04306,Male,1964-12-13,FL,Commercial,2022-07-05
P04307,Male,1955-05-08,PA,Medicare,2022-06-04
P04308,Male,2020-08-29,IL,Commercial,2019-09-28
P04309,Female,1963-01-12,FL,Medicaid,2020-10-04
P04310,Male,1949-07-04,TX,Medicare,2022-05-21
P04311,Female,1956-03-28,CA,Medicare,2020-05-25
P04312,Male,1950-09-12,PA,Medicare,2022-11-01
P04313,Female,1985-12-04,IL,Commercial,2022-09-02
P04314,Male,1975-04-06,NC,Medicaid,2023-12-30
P04315,Male,1979-10-13,FL,Commercial,2019-03-05
P04316,Female,1938-04-12,OH,Medicare,2022-10-28
P04317,Male,1996-07-15,PA,Medicaid,2020-03-30
P04318,Male,1950-01-11,TX,Medicare,2023-05-30
P04319,Female,1960-08-25,NY,Medicaid,2023-10-28
P04320,Female,1962-08-07,FL,Commercial,2020-08-18
P04321,Male,2014-04-05,TX,Medicaid,2023-07-06
P04322,Female,1955-03-21,PA,Medicare,2023-04-12
P04323,Female,1958-11-16,FL,Medicare,2022-05-09
P04324,Male,1983-04-06,OH,Commercial,2021-01-28
P04325,Male,1981-07-05,FL,Commercial,2023-11-29
P04326,Female,1949-01-05,GA,Medicare,2023-05-16
P04327,Male,1989-05-15,CA,Commercial,2022-04-25
P04328,Male,1944-03-24,FL,Medicare,2020-06-25
P04329,Male,1965-08-28,NC,Medicaid,2023-07-08
P04330,Female,2017-09-19,TX,Medicaid,2022-07-29
P04331,Female,1982-03-20,OH,Commercial,2023-01-15
P04332,Female,2000-12-26,AZ,Medicaid,2022-06-17
P04333,Male,1965-06-03,TX,Commercial,2022-09-18
P04334,Male,1988-01-13,FL,Commercial,2020-10-20
P04335,Male,1984-01-05,PA,Medicaid,2023-09-01
P04336,Female,1974-04-14,GA,Commercial,2019-04-24
P04337,Female,2008-07-03,FL,Commercial,2022-10-12
P04338,Male,1988-03-10,PA,Commercial,2019-01-18
P04339,Female,1955-12-27,GA,Medicare,2020-05-10
P04340,Male,1973-03-17,CA,Medicaid,2022-03-20
P04341,Male,2009-10-23,GA,Commercial,2022-06-29
P04342,Male,1969-04-07,NC,Commercial,2019-04-10
P04343,Female,1934-08-26,CA,Medicare,2019-01-09
P04344,Male,2006-04-01,NY,Commercial,2020-12-10
P04345,Female,1937-05-25,CA,Medicare,2023-10-08
P04346,Female,1983-01-27,GA,Medicaid,2019-06-22
P04347,Female,1933-03-19,FL,Medicare,2021-08-14
P04348,Female,1987-02-02,OH,Medicaid,2023-11-12
P04349,Female,1952-11-06,IL,Medicare,2019-12-30
P04350,Female,2009-08-15,OH,Medicaid,2023-11-02
P04351,Female,2004-07-25,NC,Commercial,2022-02-22
P04352,Female,1992-12-20,NY,Commercial,2023-08-18
P04353,Female,1948-12-23,CA,Medicare,2021-10-26
P04354,Male,1988-12-17,NC,Commercial,2019-12-25
P04355,Female,1976-03-26,FL,Medicaid,2023-05-11
P04356,Female,1939-07-22,TX,Medicare,2023-04-25
P04357,Female,1966-04-01,GA,Medicaid,2019-03-23
P04358,Female,1994-03-02,TX,Commercial,2023-02-13
P04359,Male,1994-12-18,OH,Commercial,2023-06-10
P04360,Male,1941-02-25,Unknown,Medicare,2021-01-28
P04361,Female,2018-10-10,NC,Commercial,2022-08-15
P04362,Female,1936-08-06,AZ,Medicare,2019-03-21
P04363,Female,1950-01-14,IL,Medicare,2023-03-09
P04364,Female,1969-09-12,PA,Medicaid,2021-03-03
P04365,Male,1936-01-23,PA,Medicare,2019-05-27
P04366,Male,1986-06-30,TX,Commercial,2020-05-05
P04367,Male,1971-12-28,NC,Commercial,2023-11-10
P04368,Male,1957-03-03,NC,Medicare,2023-01-24
P04369,Male,2013-12-15,AZ,Commercial,2023-05-18
P04370,Female,1964-05-13,CA,Commercial,2019-06-08
P04371,Male,1988-07-17,TX,Commercial,2022-12-29
P04372,Male,2013-11-10,PA,Commercial,2023-09-22
P04373,Female,1940-06-27,OH,Medicare,2022-02-02
P04374,Male,2002-08-21,FL,Commercial,2022-08-03
P04375,Female,1933-11-26,CA,Medicare,2023-03-09
P04376,Female,1995-06-13,CA,Commercial,2021-09-25
P04377,Male,1950-12-15,CA,Medicare,2019-07-03
P04378,Female,1976-06-18,IL,Commercial,2022-11-15
P04379,Female,1964-10-10,CA,Medicaid,2019-02-05
P04380,Female,1969-03-03,PA,Commercial,2020-09-07
P04381,Male,1956-01-20,TX,Medicare,2022-02-03
P04382,Male,2020-01-26,FL,Commercial,2020-08-11
P04383,Male,2014-01-23,Unknown,Commercial,2022-04-06
P04384,Male,1972-11-25,NY,Commercial,2022-12-11
P04385,Female,2001-06-28,PA,Medicaid,2022-10-30
P04386,Male,1977-10-11,CA,Medicaid,2023-12-17
P04387,Female,1994-11-26,NY,Commercial,2020-10-05
P04388,Female,1965-08-10,NY,Commercial,2023-08-19
P04389,Male,1938-07-28,AZ,Medicare,2023-01-04
P04390,Female,1958-09-14,FL,Medicare,2024-01-01
P04391,Male,2007-11-21,GA,Commercial,2023-09-05
P04392,Female,1935-08-05,CA,Medicare,2019-06-24
P04393,Male,1948-11-05,NC,Medicare,2023-11-19
P04394,Female,1956-12-17,TX,Medicare,2020-11-23
P04395,Male,2008-07-20,FL,Commercial,2022-05-13
P04396,Male,2003-12-08,NY,Commercial,2023-04-24
P04397,Female,2013-01-13,FL,Commercial,2022-07-04
P04398,Male,1942-02-28,FL,Medicare,2023-07-17
P04399,Male,2010-01-28,TX,Commercial,2022-06-09
P04400,Female,1937-11-24,FL,Medicare,2019-12-01
P04401,Male,1938-07-15,TX,Medicare,2020-11-25
P04402,Female,1942-03-06,OH,Medicare,2019-12-13
P04403,Male,1983-06-05,FL,Commercial,2020-07-09
P04404,Female,1964-09-11,NY,Commercial,2019-05-15
P04405,Male,1961-03-03,NY,Commercial,2023-06-18
P04406,Female,1948-09-10,FL,Medicare,2023-03-17
P04407,Male,1994-01-10,NC,Medicaid,2021-12-12
P04408,Male,1976-11-25,FL,Commercial,2021-05-23
P04409,Male,2011-04-19,IL,Medicaid,2020-02-01
P04410,Male,1966-12-27,CA,Commercial,2023-05-25
P04411,Male,2011-02-02,GA,Commercial,2023-06-14
P04412,Female,2016-08-24,IL,Commercial,2020-01-10
P04413,Female,1957-12-24,TX,Medicare,2021-04-04
P04414,Male,1974-03-02,GA,Commercial,2021-12-10
P04415,Male,2015-01-13,TX,Commercial,2022-11-22
P04416,Female,1953-01-30,CA,Medicare,2020-07-11
P04417,Male,1933-07-07,NC,Medicare,2019-12-29
P04418,Female,2020-12-09,NC,Commercial,2023-11-07
P04419,Male,1961-10-09,IL,Commercial,2023-09-25
P04420,Female,1949-12-20,AZ,Medicare,2020-02-12
P04421,Male,2008-12-15,FL,Commercial,2019-08-03
P04422,Female,1972-11-04,IL,Commercial,2022-11-09
P04423,Female,1946-06-09,FL,Medicare,2020-06-22
P04424,Male,1990-03-27,AZ,Commercial,2019-10-16
P04425,Female,1936-06-01,GA,Medicare,2023-06-09
P04426,Female,2018-10-18,GA,Commercial,2023-01-27
P04427,Male,1963-05-27,TX,Commercial,2023-05-09
P04428,Male,2006-10-08,FL,Commercial,2020-01-21
P04429,Male,1983-07-17,PA,Commercial,2020-02-24
P04430,Female,2002-02-10,FL,Commercial,2023-05-02
P04431,Female,2004-11-12,TX,Commercial,2023-02-17
P04432,Male,2003-02-16,IL,Medicaid,2020-09-08
P04433,Male,1987-09-25,CA,Medicaid,2019-07-09
P04434,Male,1966-05-01,CA,Commercial,2020-02-09
P04435,Female,1945-09-27,AZ,Medicare,2023-03-02
P04436,Male,1958-11-02,FL,Medicare,2022-01-27
P04437,Male,1968-07-20,TX,Medicaid,2023-09-02
P04438,Female,1976-08-14,FL,Commercial,2022-10-13
P04439,Male,1960-06-29,FL,Commercial,2021-03-09
P04440,Female,2023-10-07,GA,Commercial,2022-04-13
P04441,Male,2000-01-09,CA,Commercial,2020-12-20
P04442,Female,1996-04-30,GA,Commercial,2022-07-09
P04443,Male,1989-02-28,NC,Medicaid,2021-03-09
P04444,Male,2003-03-23,NC,Medicaid,2020-11-02
P04445,Female,2007-04-12,TX,Commercial,2023-01-11
P04446,Male,1968-11-10,NY,Commercial,2023-10-12
P04447,Female,2008-05-31,FL,Commercial,2022-04-25
P04448,Female,1961-02-07,OH,Commercial,2023-10-18
P04449,Male,1939-11-27,TX,Medicare,2023-03-16
P04450,Male,1996-07-16,PA,Commercial,2022-07-25
P04451,Female,1984-10-25,NY,Medicaid,2022-04-24
P04452,Female,1960-03-16,NC,Medicaid,2022-08-14
P04453,Female,1937-01-26,TX,Medicare,2023-09-26
P04454,Female,1939-12-14,TX,Medicare,2023-02-12
P04455,Female,1943-03-15,TX,Medicare,2019-08-05
P04456,Female,2002-08-22,CA,Commercial,2020-06-02
P04457,Male,1968-01-15,NY,Commercial,2021-10-13
P04458,Female,1957-12-26,OH,Medicare,2023-11-19
P04459,Male,2011-10-24,FL,Commercial,2022-03-19
P04460,Female,2000-04-13,IL,Medicaid,2019-05-21
P04461,Female,1970-03-22,IL,Commercial,2019-12-16
P04462,Female,1964-12-03,GA,Commercial,2020-03-20
P04463,Female,1984-11-03,FL,Commercial,2022-10-05
P04464,Male,2009-08-30,CA,Medicaid,2021-12-27
P04465,Female,1998-12-19,FL,Commercial,2023-11-10
P04466,Female,1972-03-21,GA,Commercial,2019-09-17
P04467,Female,1985-05-01,NY,Commercial,2023-06-09
P04468,Male,1951-04-03,CA,Medicare,2020-11-29
P04469,Female,2005-07-13,FL,Medicaid,2022-08-05
P04470,Female,2011-05-13,IL,Commercial,2021-02-25
P04471,Female,1993-06-05,FL,Medicaid,2019-11-14
P04472,Male,1995-04-23,FL,Commercial,2022-06-09
P04473,Male,1942-07-20,FL,Medicare,2023-12-02
P04474,Female,1962-05-08,IL,Commercial,2020-09-08
P04475,Female,1981-05-10,PA,Commercial,2021-05-05
P04476,Female,1954-05-11,FL,Medicare,2023-04-22
P04477,Male,1945-02-16,NC,Medicare,2023-10-05
P04478,Female,1982-08-26,FL,Commercial,2021-05-19
P04479,Male,1961-02-14,FL,Medicaid,2020-12-08
P04480,Male,2023-12-22,FL,Medicaid,2023-06-04
P04481,Female,2001-07-07,PA,Commercial,2021-01-03
P04482,Male,1951-07-24,TX,Medicare,2021-10-11
P04483,Male,1949-02-18,CA,Medicare,2023-04-26
P04484,Female,2019-12-16,FL,Commercial,2020-12-03
P04485,Female,1985-10-13,IL,Medicaid,2020-10-10
P04486,Female,1970-07-13,AZ,Commercial,2023-03-24
P04487,Female,1939-03-10,GA,Medicare,2020-08-20
P04488,Male,2008-07-15,CA,Commercial,2022-11-22
P04489,Male,1978-05-12,NC,Commercial,2021-01-07
P04490,Male,1950-10-27,AZ,Medicare,2019-12-09
P04491,Female,1944-01-22,NY,Medicare,2019-04-27
P04492,Female,1984-03-20,GA,Medicaid,2022-09-22
P04493,Female,1979-12-17,TX,Medicaid,2022-04-23
P04494,Male,1986-04-18,CA,Commercial,2023-07-11
P04495,Female,2017-11-14,NY,Commercial,2019-02-28
P04496,Female,1997-06-10,FL,Commercial,2022-05-08
P04497,Male,2005-04-17,OH,Commercial,2019-12-30
P04498,Male,2023-01-29,PA,Commercial,2019-05-01
P04499,Female,2021-12-06,NY,Medicaid,2021-08-16
P04500,Male,1934-09-18,NY,Medicare,2020-07-14
P04501,Female,2017-04-24,NY,Commercial,2021-08-23
P04502,Male,1975-09-28,NY,Commercial,2021-02-15
P04503,Male,1956-04-15,Unknown,Medicare,2022-10-03
P04504,Male,2008-10-26,TX,Commercial,2019-10-21
P04505,Female,1959-11-03,NY,Commercial,2023-05-22
P04506,Male,1977-06-16,AZ,Commercial,2020-09-14
P04507,Female,1987-04-25,FL,Commercial,2019-05-29
P04508,Female,2023-10-19,TX,Commercial,2019-12-13
P04509,Male,1948-02-17,NY,Medicare,2020-03-18
P04510,Female,1964-02-18,PA,Commercial,2020-09-19
P04511,Male,1954-12-02,NY,Medicare,2019-04-12
P04512,Female,1951-09-12,GA,Medicare,2019-09-07
P04513,Female,1971-06-13,NY,Medicaid,2022-08-18
P04514,Male,2023-07-06,GA,Commercial,2020-11-19
P04515,Female,1971-09-30,CA,Commercial,2021-11-10
P04516,Male,1994-06-21,NC,Commercial,2022-09-05
P04517,Male,1978-01-14,NY,Commercial,2019-11-30
P04518,Male,1997-09-10,CA,Commercial,2023-10-18
P04519,Male,1938-10-13,FL,Medicare,2023-05-12
P04520,Female,1969-04-06,CA,Commercial,2023-06-23
P04521,Male,1960-06-06,AZ,Commercial,2022-12-29
P04522,Female,1988-04-23,NY,Commercial,2021-06-10
P04523,Female,1956-05-10,OH,Medicare,2019-04-18
P04524,Female,1984-03-29,CA,Medicaid,2019-02-23
P04525,Female,1955-04-10,NC,Medicare,2019-07-04
P04526,Male,1957-05-24,TX,Medicare,2020-03-16
P04527,Female,1958-07-19,AZ,Medicare,2021-09-14
P04528,Male,1952-07-17,GA,Medicare,2020-02-16
P04529,Female,1997-09-26,FL,Commercial,2022-08-30
P04530,Female,1951-07-22,FL,Medicare,2020-09-07
P04531,Male,1938-05-25,CA,Medicare,2023-12-17
P04532,Female,1983-04-15,CA,Commercial,2019-06-28
P04533,Female,1956-03-24,CA,Medicare,2019-02-23
P04534,Male,1969-08-16,FL,Commercial,2020-04-29
P04535,Male,1952-04-08,CA,Medicare,2023-02-17
P04536,Female,1969-07-25,FL,Commercial,2022-09-17
P04537,Female,1945-08-23,OH,Medicare,2020-04-21
P04538,Male,1982-11-02,GA,Medicaid,2021-07-04
P04539,Female,2010-09-25,TX,Commercial,2021-04-07
P04540,Female,1989-04-27,TX,Commercial,2021-12-25
P04541,Female,1979-10-15,TX,Commercial,2019-10-29
P04542,Female,1964-12-03,NC,Commercial,2023-03-06
P04543,Male,1962-09-23,AZ,Medicaid,2021-10-17
P04544,Male,1971-01-05,NY,Commercial,2022-11-22
P04545,Female,1987-11-08,TX,Commercial,2020-07-18
P04546,Male,1966-11-09,GA,Commercial,2022-07-30
P04547,Male,2017-08-06,CA,Medicaid,2022-07-04
P04548,Male,1959-08-15,NY,Commercial,2023-02-19
P04549,Male,1947-01-31,OH,Medicare,2019-09-08
P04550,Male,1997-10-06,CA,Commercial,2022-12-01
P04551,Female,1965-08-01,TX,Commercial,2019-08-30
P04552,Female,1955-09-17,AZ,Medicare,2019-06-04
P04553,Male,1968-10-01,FL,Commercial,2019-03-09
P04554,Male,1939-09-06,NC,Medicare,2022-04-15
P04555,Female,1984-09-29,TX,Commercial,2020-09-23
P04556,Female,1946-04-13,FL,Medicare,2019-11-13
P04557,Male,1947-03-19,FL,Medicare,2023-08-12
P04558,Female,1957-10-28,CA,Medicare,2023-09-06
P04559,Male,1980-07-03,FL,Commercial,2022-12-20
P04560,Male,1933-09-26,PA,Medicare,2019-02-05
P04561,Female,1962-02-18,TX,Medicaid,2023-07-21
P04562,Male,1994-11-25,TX,Commercial,2020-03-07
P04563,Male,2011-08-05,NC,Commercial,2019-10-24
P04564,Female,2012-09-02,GA,Medicaid,2019-06-22
P04565,Female,1978-08-21,FL,Commercial,2021-05-12
P04566,Female,1947-01-23,NY,Medicare,2021-05-17
P04567,Male,1940-06-17,NY,Medicare,2020-04-17
P04568,Male,1978-08-15,NY,Commercial,2020-10-30
P04569,Female,1943-03-13,NY,Medicare,2020-01-27
P04570,Male,1953-03-23,NC,Medicare,2022-03-14
P04571,Male,1960-11-09,PA,Commercial,2019-05-04
P04572,Female,2013-07-16,TX,Medicaid,2021-11-04
P04573,Female,1997-08-03,OH,Commercial,2022-10-06
P04574,Male,1987-07-21,FL,Commercial,2020-04-01
P04575,Female,2000-08-26,NY,Medicaid,2020-11-24
P04576,Male,2017-03-06,TX,Commercial,2023-10-02
P04577,Male,1994-01-02,NY,Medicaid,2023-03-04
P04578,Male,2001-12-22,FL,Commercial,2023-10-27
P04579,Female,2010-02-22,FL,Commercial,2021-02-14
P04580,Female,1999-02-20,GA,Commercial,2019-08-19
P04581,Male,1954-08-20,GA,Medicare,2022-05-23
P04582,Female,1951-07-08,TX,Medicare,2023-06-15
P04583,Female,1992-11-24,NY,Medicaid,2019-10-01
P04584,Female,1996-08-25,GA,Medicaid,2020-05-26
P04585,Male,1944-10-06,CA,Medicare,2021-04-12
P04586,Female,1937-02-04,TX,Medicare,2023-01-02
P04587,Male,1936-11-22,FL,Medicare,2020-08-23
P04588,Female,1967-08-30,GA,Medicaid,2022-03-04
P04589,Male,1937-07-09,CA,Medicare,2022-10-11
P04590,Male,1996-01-10,CA,Medicaid,2022-07-15
P04591,Male,2019-03-09,OH,Commercial,2023-09-11
P04592,Male,1966-01-24,GA,Commercial,2021-07-21
P04593,Male,1946-09-09,CA,Medicare,2020-03-28
P04594,Male,2015-09-26,NY,Commercial,2019-11-15
P04595,Female,2012-06-06,PA,Commercial,2020-05-20
P04596,Male,2000-08-29,NC,Medicaid,2019-08-18
P04597,Female,1973-12-26,FL,Commercial,2019-03-10
P04598,Female,2017-03-10,AZ,Commercial,2022-11-22
P04599,Female,2016-11-27,TX,Commercial,2021-11-01
P04600,Female,1987-10-22,AZ,Commercial,2022-04-25
P04601,Female,1937-01-21,GA,Medicare,2020-07-31
P04602,Male,1961-04-08,NY,Medicaid,2019-10-27
P04603,Male,1975-05-12,CA,Medicaid,2019-07-22
P04604,Female,1944-11-14,FL,Medicare,2023-07-22
P04605,Female,1948-10-01,NC,Medicare,2021-06-06
P04606,Male,1983-10-18,FL,Commercial,2023-06-02
P04607,Female,1986-05-11,FL,Medicaid,2022-05-09
P04608,Male,2005-07-02,GA,Commercial,2021-08-09
P04609,Female,1999-08-23,AZ,Commercial,2020-11-26
P04610,Male,1963-04-04,AZ,Medicaid,2020-01-20
P04611,Female,1989-03-23,NY,Medicaid,2019-01-12
P04612,Male,1993-04-06,NY,Commercial,2022-04-28
P04613,Female,1955-11-24,GA,Medicare,2021-03-16
P04614,Female,2006-05-23,TX,Commercial,2023-08-28
P04615,Male,2009-10-16,AZ,Commercial,2023-06-12
P04616,Male,1959-09-24,OH,Commercial,2019-03-02
P04617,Female,1971-01-09,NC,Commercial,2019-04-25
P04618,Female,1940-08-02,GA,Medicare,2019-04-24
P04619,Male,1962-03-19,OH,Commercial,2022-09-11
P04620,Female,1955-10-04,AZ,Medicare,2020-09-29
P04621,Male,1980-01-12,AZ,Commercial,2022-11-10
P04622,Female,2021-09-21,CA,Medicaid,2020-08-05
P04623,Female,1947-10-27,FL,Medicare,2021-07-31
P04624,Female,2012-09-05,AZ,Medicaid,2019-05-04
P04625,Male,2008-10-29,CA,Commercial,2022-02-19
P04626,Female,1944-05-27,FL,Medicare,2020-10-13
P04627,Female,2010-11-09,FL,Medicaid,2020-09-15
P04628,Male,1992-10-17,CA,Commercial,2020-01-24
P04629,Female,1964-04-19,PA,Commercial,2023-09-29
P04630,Male,1961-12-16,IL,Commercial,2021-09-08
P04631,Female,1995-07-25,IL,Commercial,2021-09-28
P04632,Male,2018-04-23,CA,Commercial,2022-11-11
P04633,Female,2005-07-22,AZ,Commercial,2019-12-25
P04634,Male,1983-12-25,FL,Commercial,2019-11-04
P04635,Male,1955-11-05,FL,Medicare,2023-08-06
P04636,Male,1977-01-11,FL,Commercial,2020-08-01
P04637,Male,1959-03-26,OH,Commercial,2019-09-12
P04638,Female,1933-08-26,IL,Medicare,2022-07-22
P04639,Female,1983-02-17,PA,Commercial,2020-11-04
P04640,Female,1989-12-29,IL,Commercial,2020-11-20
P04641,Male,2011-12-15,CA,Commercial,2023-11-29
P04642,Female,1986-02-12,OH,Commercial,2019-12-03
P04643,Male,1963-04-30,TX,Commercial,2020-04-02
P04644,Male,1979-05-28,OH,Commercial,2022-08-26
P04645,Female,1975-08-29,OH,Commercial,2022-06-07
P04646,Female,1967-03-09,TX,Medicaid,2020-03-01
P04647,Male,1998-05-24,FL,Medicaid,2019-12-30
P04648,Female,2002-07-26,GA,Commercial,2023-08-22
P04649,Female,1960-08-15,IL,Commercial,2022-03-17
P04650,Female,1994-08-24,CA,Commercial,2020-11-17
P04651,Male,1976-06-05,TX,Medicaid,2023-05-14
P04652,Male,1982-05-06,IL,Medicaid,2019-01-04
P04653,Female,2015-03-14,TX,Commercial,2022-12-16
P04654,Female,2003-08-06,TX,Commercial,2019-09-03
P04655,Male,2002-09-30,OH,Commercial,2023-09-06
P04656,Female,2012-06-11,TX,Medicaid,2019-08-17
P04657,Male,1973-06-02,NY,Medicaid,2023-10-20
P04658,Male,1961-09-21,NC,Commercial,2020-08-08
P04659,Male,1954-12-05,TX,Medicare,2022-03-15
P04660,Male,2011-09-02,TX,Commercial,2021-09-12
P04661,Male,1939-12-07,FL,Medicare,2023-06-17
P04662,Male,2008-12-02,PA,Medicaid,2020-08-14
P04663,Male,2019-01-14,NY,Commercial,2020-11-22
P04664,Female,1983-03-22,PA,Commercial,2022-05-25
P04665,Male,1940-12-19,CA,Medicare,2021-08-23
P04666,Male,2018-08-26,GA,Commercial,2021-03-29
P04667,Female,1982-09-30,TX,Medicaid,2020-07-25
P04668,Male,2021-01-10,TX,Commercial,2021-04-22
P04669,Female,1969-07-25,NC,Medicaid,2023-09-16
P04670,Female,2019-09-29,CA,Commercial,2021-04-14
P04671,Female,1995-05-15,CA,Commercial,2022-04-05
P04672,Female,2015-07-12,OH,Commercial,2021-12-11
P04673,Female,1997-10-24,GA,Commercial,2022-02-24
P04674,Male,1996-09-11,IL,Commercial,2022-03-29
P04675,Male,1941-11-15,NY,Medicare,2022-10-27
P04676,Male,1970-04-22,NC,Commercial,2022-05-09
P04677,Male,1959-01-12,GA,Commercial,2020-06-10
P04678,Female,2001-03-11,GA,Commercial,2022-11-17
P04679,Male,1963-08-17,NC,Commercial,2020-03-17
P04680,Female,1996-07-07,TX,Medicaid,2021-10-23
P04681,Male,2016-12-09,PA,Medicaid,2020-12-13
P04682,Female,1984-08-20,NC,Commercial,2023-06-01
P04683,Female,1946-12-20,NC,Medicare,2022-12-19
P04684,Female,1933-04-04,TX,Medicare,2019-07-01
P04685,Male,1985-02-03,IL,Medicaid,2019-11-07
P04686,Female,1995-10-24,IL,Commercial,2023-08-27
P04687,Female,2014-04-29,GA,Commercial,2019-06-28
P04688,Male,1998-05-27,NY,Commercial,2019-10-26
P04689,Female,1996-08-01,IL,Medicaid,2023-04-26
P04690,Male,1948-04-08,FL,Medicare,2022-10-18
P04691,Male,1964-04-27,GA,Commercial,2023-02-11
P04692,Female,1998-09-24,AZ,Commercial,2019-09-27
P04693,Female,1946-03-15,NY,Medicare,2019-09-26
P04694,Female,2023-05-07,AZ,Medicaid,2020-05-27
P04695,Male,2003-09-09,TX,Commercial,2022-10-02
P04696,Male,1944-04-07,NY,Medicare,2019-05-27
P04697,Female,1965-05-12,NY,Commercial,2019-10-08
P04698,Male,1960-11-19,NY,Commercial,2019-08-27
P04699,Female,1951-11-02,IL,Medicare,2022-03-16
P04700,Female,1937-09-04,NC,Medicare,2020-07-01
P04701,Female,2006-12-15,IL,Medicaid,2020-08-17
P04702,Male,2023-08-06,TX,Commercial,2023-03-31
P04703,Female,2017-07-16,AZ,Commercial,2021-02-02
P04704,Male,1975-03-24,NC,Commercial,2021-04-04
P04705,Female,1985-10-30,FL,Commercial,2021-01-30
P04706,Male,1986-06-07,TX,Commercial,2022-04-21
P04707,Male,1966-05-03,GA,Commercial,2020-08-28
P04708,Female,2017-07-20,GA,Commercial,2019-07-30
P04709,Female,2018-02-03,IL,Commercial,2020-12-24
P04710,Male,1963-09-07,AZ,Commercial,2019-08-24
P04711,Female,1944-08-05,FL,Medicare,2020-02-23
P04712,Female,1973-12-30,FL,Commercial,2022-06-07
P04713,Male,1939-08-05,GA,Medicare,2020-04-28
P04714,Female,2014-12-24,PA,Medicaid,2020-08-24
P04715,Male,1950-01-06,CA,Medicare,2019-04-15
P04716,Female,1961-10-05,CA,Commercial,2022-04-24
P04717,Female,2016-03-10,CA,Commercial,2023-03-09
P04718,Male,1941-11-19,AZ,Medicare,2020-08-12
P04719,Male,1935-09-23,GA,Medicare,2020-11-04
P04720,Female,1994-11-18,FL,Commercial,2020-12-07
P04721,Female,1983-08-20,CA,Commercial,2020-04-21
P04722,Female,1937-05-26,AZ,Medicare,2021-06-13
P04723,Female,1963-08-01,NC,Commercial,2023-11-07
P04724,Male,1944-05-25,IL,Medicare,2019-08-12
P04725,Female,2010-03-12,IL,Commercial,2022-08-13
P04726,Male,1961-12-15,GA,Commercial,2022-10-09
P04727,Female,1999-07-31,NC,Medicaid,2019-12-08
P04728,Female,1986-05-29,PA,Commercial,2020-01-07
P04729,Male,1945-06-23,FL,Medicare,2021-06-23
P04730,Male,2007-11-09,CA,Commercial,2020-07-22
P04731,Female,1991-10-18,GA,Commercial,2023-08-07
P04732,Female,1973-08-16,PA,Medicaid,2022-08-06
P04733,Female,2023-05-09,GA,Commercial,2022-10-15
P04734,Female,1967-01-05,TX,Commercial,2021-11-23
P04735,Male,2012-08-19,NC,Medicaid,2022-03-21
P04736,Female,1947-06-25,CA,Medicare,2023-08-29
P04737,Female,1958-09-11,FL,Medicare,2020-07-24
P04738,Female,1963-12-20,GA,Commercial,2021-01-06
P04739,Male,1981-08-08,IL,Commercial,2022-02-08
P04740,Female,1933-08-27,AZ,Medicare,2019-07-26
P04741,Male,1968-11-07,NC,Commercial,2022-03-14
P04742,Female,1982-05-01,FL,Commercial,2023-05-31
P04743,Female,1938-09-28,OH,Medicare,2019-10-07
P04744,Female,2001-10-11,CA,Commercial,2023-05-06
P04745,Male,1969-08-11,TX,Commercial,2023-08-24
P04746,Female,1963-01-14,GA,Commercial,2021-08-18
P04747,Male,1982-05-13,FL,Commercial,2021-02-09
P04748,Female,1952-07-29,FL,Medicare,2022-08-06
P04749,Male,2010-03-07,CA,Medicaid,2019-10-23
P04750,Female,2013-12-24,TX,Commercial,2022-08-14
P04751,Female,1989-08-31,NY,Commercial,2019-03-10
P04752,Male,1938-06-17,NY,Medicare,2020-10-23
P04753,Female,1970-07-06,CA,Commercial,2023-01-30
P04754,Female,2005-04-29,CA,Commercial,2021-12-14
P04755,Male,2013-04-19,NY,Medicaid,2023-08-16
P04756,Male,1952-07-18,FL,Medicare,2019-10-13
P04757,Male,2014-01-26,FL,Commercial,2020-10-06
P04758,Female,1965-01-27,CA,Medicaid,2021-11-10
P04759,Male,2018-07-11,TX,Commercial,2020-08-10
P04760,Male,1992-02-06,TX,Medicaid,2020-12-05
P04761,Male,1947-05-13,TX,Medicare,2021-01-02
P04762,Male,1941-11-11,FL,Medicare,2022-01-05
P04763,Male,1971-11-19,FL,Medicaid,2022-03-31
P04764,Male,1943-12-03,NC,Medicare,2022-09-21
P04765,Female,1974-10-15,NY,Commercial,2020-01-27
P04766,Female,1978-09-09,CA,Commercial,2021-08-24
P04767,Female,1935-12-07,FL,Medicare,2021-08-29
P04768,Female,1937-05-24,PA,Medicare,2020-05-27
P04769,Male,1960-08-03,TX,Commercial,2021-05-07
P04770,Female,1939-05-27,CA,Medicare,2019-03-30
P04771,Female,1957-07-01,NY,Medicare,2022-10-19
P04772,Male,1982-09-23,NY,Commercial,2023-10-17
P04773,Male,1974-05-21,OH,Commercial,2021-11-24
P04774,Male,1989-01-18,FL,Commercial,2021-05-06
P04775,Female,1997-09-07,FL,Commercial,2019-11-25
P04776,Female,1997-09-10,FL,Commercial,2020-10-28
P04777,Female,1960-06-26,AZ,Commercial,2019-04-23
P04778,Female,2002-03-13,IL,Commercial,2023-07-29
P04779,Female,1968-06-21,NC,Commercial,2021-04-26
P04780,Male,1953-03-03,NY,Medicare,2019-11-10
P04781,Female,1981-12-04,FL,Commercial,2021-06-29
P04782,Female,1979-11-27,PA,Medicaid,2022-08-16
P04783,Male,1980-08-05,FL,Medicaid,2020-02-29
P04784,Female,1934-10-08,GA,Medicare,2019-08-19
P04785,Female,1979-12-24,PA,Medicaid,2022-09-16
P04786,Female,1995-10-15,GA,Medicaid,2021-03-29
P04787,Female,1985-09-24,PA,Commercial,2019-12-25
P04788,Female,1944-01-31,OH,Medicare,2023-03-30
P04789,Female,1980-03-21,PA,Commercial,2023-12-12
P04790,Female,1942-08-25,NC,Medicare,2020-04-22
P04791,Male,1961-01-16,Unknown,Commercial,2020-03-30
P04792,Male,2009-03-01,Unknown,Commercial,2023-03-21
P04793,Female,1985-10-01,PA,Commercial,2021-01-07
P04794,Male,1981-07-10,OH,Medicaid,2020-05-27
P04795,Female,1978-01-29,PA,Commercial,2019-03-11
P04796,Female,2015-07-19,AZ,Commercial,2019-12-19
P04797,Female,1974-08-18,NC,Commercial,2022-11-26
P04798,Female,2011-02-06,IL,Commercial,2021-02-15
P04799,Female,1997-05-04,GA,Medicaid,2020-05-03
P04800,Male,1938-07-24,AZ,Medicare,2022-08-25
P04801,Female,2006-02-17,IL,Commercial,2023-03-10
P04802,Female,2015-04-05,FL,Commercial,2021-10-25
P04803,Female,1980-08-27,CA,Commercial,2020-05-28
P04804,Male,2005-07-30,NY,Commercial,2021-05-13
P04805,Female,1970-12-14,PA,Medicaid,2020-12-24
P04806,Male,1945-11-24,FL,Medicare,2020-09-03
P04807,Female,2001-01-17,NY,Commercial,2019-03-25
P04808,Male,1943-12-13,NY,Medicare,2020-11-01
P04809,Female,2009-03-01,TX,Commercial,2023-04-30
P04810,Female,1953-10-16,AZ,Medicare,2022-01-01
P04811,Female,1955-06-18,NY,Medicare,2023-02-25
P04812,Female,1953-04-12,TX,Medicare,2020-03-19
P04813,Female,1956-01-05,PA,Medicare,2019-01-08
P04814,Female,2003-08-18,FL,Medicaid,2020-02-24
P04815,Male,1970-01-28,GA,Commercial,2022-10-10
P04816,Male,1982-07-19,GA,Commercial,2020-07-10
P04817,Female,1980-02-19,IL,Commercial,2023-11-24
P04818,Male,1942-11-24,IL,Medicare,2022-08-23
P04819,Male,1946-09-25,CA,Medicare,2022-06-27
P04820,Male,1952-05-18,TX,Medicare,2021-08-28
P04821,Female,1939-04-19,NY,Medicare,2022-05-27
P04822,Female,2001-03-13,CA,Commercial,2021-11-03
P04823,Male,1939-08-24,CA,Medicare,2023-12-14
P04824,Male,1958-05-17,GA,Medicare,2019-12-03
P04825,Male,2023-05-20,FL,Commercial,2022-01-10
P04826,Male,2017-01-06,IL,Commercial,2019-12-19
P04827,Male,1962-11-19,CA,Commercial,2023-09-18
P04828,Male,1973-12-26,FL,Commercial,2019-09-04
P04829,Female,1950-06-05,AZ,Medicare,2020-11-14
P04830,Female,2018-12-26,TX,Medicaid,2022-11-06
P04831,Male,1943-10-22,NC,Medicare,2020-03-29
P04832,Male,1985-07-02,FL,Commercial,2020-04-06
P04833,Female,1933-09-25,IL,Medicare,2020-05-16
P04834,Female,1946-09-25,FL,Medicare,2019-08-27
P04835,Male,2006-08-27,AZ,Commercial,2019-03-28
P04836,Female,1975-04-26,NC,Medicaid,2023-03-04
P04837,Male,1981-08-20,GA,Commercial,2022-08-04
P04838,Female,1997-03-17,FL,Commercial,2023-10-21
P04839,Female,1992-11-03,PA,Commercial,2023-09-02
P04840,Male,2010-11-24,FL,Commercial,2023-06-23
P04841,Male,2011-11-02,FL,Medicaid,2020-07-18
P04842,Female,1964-02-01,NC,Commercial,2020-12-21
P04843,Female,1976-09-21,FL,Commercial,2023-10-30
P04844,Female,1987-12-22,CA,Commercial,2021-11-23
P04845,Female,1978-09-07,CA,Commercial,2023-06-14
P04846,Male,1997-04-24,FL,Commercial,2023-01-11
P04847,Female,2007-08-22,TX,Commercial,2023-09-22
P04848,Male,1952-08-13,FL,Medicare,2021-05-12
P04849,Male,1959-12-01,AZ,Commercial,2023-08-06
P04850,Female,1942-05-02,GA,Medicare,2020-01-29
P04851,Female,1971-10-13,NC,Commercial,2019-05-06
P04852,Male,1946-11-26,NC,Medicare,2019-09-23
P04853,Female,1977-04-15,OH,Medicaid,2019-11-20
P04854,Male,2016-01-24,TX,Commercial,2020-03-31
P04855,Female,1992-05-23,FL,Commercial,2019-06-14
P04856,Female,2015-01-24,NY,Medicaid,2019-07-30
P04857,Female,1971-08-08,NC,Commercial,2022-12-03
P04858,Female,1947-06-26,OH,Medicare,2020-12-25
P04859,Male,2006-08-23,FL,Commercial,2022-06-22
P04860,Male,1978-06-29,OH,Commercial,2019-10-27
P04861,Female,1951-02-10,FL,Medicare,2023-12-13
P04862,Male,2001-05-14,NY,Medicaid,2021-12-01
P04863,Female,1977-12-22,CA,Commercial,2022-02-09
P04864,Male,1942-06-03,FL,Medicare,2019-09-29
P04865,Male,1942-08-16,AZ,Medicare,2022-07-13
P04866,Male,1971-06-17,CA,Commercial,2019-07-12
P04867,Male,2015-06-12,GA,Commercial,2021-07-10
P04868,Female,1966-05-30,FL,Commercial,2020-07-28
P04869,Female,1997-02-18,OH,Commercial,2021-05-08
P04870,Female,1951-02-22,PA,Medicare,2021-11-06
P04871,Male,1959-01-12,FL,Commercial,2022-06-25
P04872,Female,1973-05-22,GA,Commercial,2022-08-05
P04873,Male,1953-09-18,CA,Medicare,2020-10-20
P04874,Female,1952-10-21,TX,Medicare,2022-05-18
P04875,Female,1952-02-25,TX,Medicare,2019-09-07
P04876,Male,1935-02-02,TX,Medicare,2023-05-05
P04877,Male,1965-12-18,NY,Commercial,2022-12-04
P04878,Female,1935-10-15,FL,Medicare,2023-10-07
P04879,Male,1963-04-29,TX,Commercial,2019-09-08
P04880,Male,1977-11-01,FL,Commercial,2021-12-06
P04881,Female,2007-12-14,FL,Commercial,2023-10-29
P04882,Male,1951-01-03,AZ,Medicare,2023-10-16
P04883,Female,1944-11-26,FL,Medicare,2019-06-01
P04884,Male,1982-10-15,FL,Commercial,2019-08-08
P04885,Female,2016-01-06,IL,Medicaid,2022-08-14
P04886,Male,2015-11-26,AZ,Medicaid,2020-10-02
P04887,Female,1970-03-15,PA,Commercial,2022-09-28
P04888,Female,1942-06-09,FL,Medicare,2019-10-15
P04889,Male,2009-06-17,CA,Commercial,2020-06-05
P04890,Female,1984-03-05,NC,Medicaid,2021-10-12
P04891,Male,1967-12-25,OH,Commercial,2019-05-13
P04892,Male,2002-12-09,FL,Commercial,2022-11-19
P04893,Female,1980-10-21,TX,Commercial,2019-01-08
P04894,Female,1978-07-06,GA,Commercial,2022-07-21
P04895,Male,1935-01-15,CA,Medicare,2019-07-25
P04896,Female,1979-12-07,TX,Commercial,2019-09-25
P04897,Female,2009-07-31,NY,Commercial,2021-03-11
P04898,Female,1957-07-28,CA,Medicare,2023-05-24
P04899,Female,2023-10-22,PA,Medicaid,2020-04-01
P04900,Male,1951-08-29,IL,Medicare,2020-07-06
P04901,Male,1972-10-19,NC,Commercial,2019-09-05
P04902,Male,1972-11-11,FL,Commercial,2022-11-16
P04903,Male,2022-06-24,IL,Commercial,2022-10-22
P04904,Female,1964-01-27,GA,Medicaid,2022-03-28
P04905,Male,1950-08-06,FL,Medicare,2022-02-27
P04906,Male,1938-05-14,TX,Medicare,2023-12-27
P04907,Female,1989-05-01,NC,Medicaid,2023-03-27
P04908,Male,1986-02-27,FL,Commercial,2021-08-10
P04909,Female,1956-03-05,GA,Medicare,2019-03-04
P04910,Female,1975-02-05,FL,Commercial,2023-05-12
P04911,Female,1988-03-09,CA,Commercial,2022-10-18
P04912,Female,2009-01-26,Unknown,Commercial,2019-09-16
P04913,Female,1983-01-14,NY,Commercial,2023-10-22
P04914,Female,2006-04-02,NY,Medicaid,2023-07-07
P04915,Female,2016-07-04,PA,Commercial,2019-07-22
P04916,Female,2006-09-10,TX,Medicaid,2022-10-02
P04917,Female,1935-06-07,NY,Medicare,2022-06-19
P04918,Female,1948-03-04,CA,Medicare,2023-12-05
P04919,Male,2003-04-01,NC,Medicaid,2021-12-21
P04920,Male,2000-06-25,OH,Commercial,2019-01-15
P04921,Female,1968-12-04,FL,Commercial,2019-01-29
P04922,Female,1980-09-23,PA,Commercial,2020-10-18
P04923,Female,1973-06-04,NY,Commercial,2020-08-17
P04924,Female,1984-08-13,IL,Medicaid,2020-10-14
P04925,Female,1959-07-19,NY,Commercial,2020-07-12
P04926,Female,1981-09-13,NY,Commercial,2021-05-30
P04927,Female,1997-12-04,FL,Commercial,2022-12-22
P04928,Male,2007-07-15,NY,Commercial,2019-08-31
P04929,Female,1939-07-23,NY,Medicare,2019-08-10
P04930,Female,1974-03-21,Unknown,Commercial,2023-04-13
P04931,Female,1945-11-21,IL,Medicare,2023-07-13
P04932,Male,1936-07-08,NY,Medicare,2020-01-16
P04933,Male,1956-02-24,PA,Medicare,2023-10-07
P04934,Male,2015-09-26,PA,Commercial,2019-12-20
P04935,Male,1934-09-07,IL,Medicare,2019-02-05
P04936,Male,2010-11-30,TX,Commercial,2023-10-28
P04937,Female,1983-06-06,GA,Commercial,2020-01-04
P04938,Male,1946-02-22,IL,Medicare,2023-05-04
P04939,Female,1941-07-09,CA,Medicare,2022-07-21
P04940,Male,1963-08-02,NY,Commercial,2021-04-08
P04941,Female,2008-04-02,TX,Medicaid,2020-08-08
P04942,Female,2002-07-23,FL,Commercial,2023-07-21
P04943,Female,1949-08-08,GA,Medicare,2023-06-16
P04944,Female,2022-03-28,GA,Medicaid,2022-08-04
P04945,Male,1958-09-19,CA,Medicare,2020-08-05
P04946,Female,2014-02-24,NY,Medicaid,2021-12-26
P04947,Female,1941-09-25,CA,Medicare,2022-08-17
P04948,Female,1937-06-28,FL,Medicare,2023-03-21
P04949,Male,1951-10-02,FL,Medicare,2019-03-01
P04950,Male,1948-05-15,NY,Medicare,2020-06-25
P04951,Male,2020-07-26,FL,Commercial,2019-01-28
P04952,Female,1957-10-05,IL,Medicare,2021-07-12
P04953,Female,1986-04-04,TX,Commercial,2019-11-29
P04954,Female,1994-01-24,TX,Medicaid,2020-10-21
P04955,Female,1993-12-21,CA,Commercial,2021-05-18
P04956,Female,1969-06-07,CA,Commercial,2021-08-19
P04957,Male,1969-04-13,FL,Medicaid,2021-07-03
P04958,Female,2020-04-13,OH,Commercial,2021-12-10
P04959,Female,1979-10-13,FL,Commercial,2020-10-21
P04960,Male,1935-11-21,TX,Medicare,2021-07-17
P04961,Female,1973-06-27,TX,Commercial,2019-02-25
P04962,Female,1972-05-13,CA,Commercial,2019-07-05
P04963,Male,1977-09-17,NC,Commercial,2021-09-06
P04964,Male,1980-08-19,OH,Commercial,2022-01-09
P04965,Male,2010-06-20,NY,Commercial,2020-03-17
P04966,Male,1968-07-20,FL,Commercial,2020-10-16
P04967,Female,1978-07-08,NC,Commercial,2022-11-04
P04968,Male,2006-04-27,NY,Commercial,2019-11-02
P04969,Male,2008-01-07,CA,Commercial,2020-08-04
P04970,Female,1952-03-16,NY,Medicare,2020-11-24
P04971,Male,1936-12-29,TX,Medicare,2020-02-04
P04972,Male,1980-08-26,NC,Commercial,2022-11-15
P04973,Male,1997-12-28,Unknown,Commercial,2020-01-03
P04974,Female,2013-02-16,PA,Medicaid,2023-05-24
P04975,Female,1952-05-10,OH,Medicare,2020-01-14
P04976,Male,1970-10-13,NY,Commercial,2021-01-18
P04977,Male,1970-02-28,GA,Commercial,2021-02-03
P04978,Female,2003-06-10,FL,Commercial,2020-05-14
P04979,Female,1972-12-13,GA,Medicaid,2022-06-13
P04980,Female,2017-11-06,GA,Medicaid,2020-02-29
P04981,Female,1960-03-11,FL,Medicaid,2023-11-16
P04982,Male,1974-09-17,NC,Commercial,2020-07-14
P04983,Female,2021-06-23,TX,Commercial,2020-01-13
P04984,Female,1978-02-08,FL,Commercial,2023-12-26
P04985,Male,1991-09-18,TX,Commercial,2020-07-13
P04986,Female,1966-12-27,OH,Commercial,2020-02-19
P04987,Male,1941-12-01,TX,Medicare,2021-05-24
P04988,Female,1966-01-31,IL,Commercial,2020-12-24
P04989,Female,1967-05-28,PA,Medicaid,2023-09-15
P04990,Male,2005-09-03,IL,Commercial,2019-01-24
P04991,Female,1995-12-04,NC,Commercial,2019-03-04
P04992,Female,1982-04-22,OH,Medicaid,2020-03-07
P04993,Female,1950-12-17,TX,Medicare,2023-12-05
P04994,Male,1959-11-29,NC,Commercial,2021-11-07
P04995,Female,1952-05-29,GA,Medicare,2019-12-01
P04996,Male,2008-05-11,GA,Commercial,2020-08-16
P04997,Female,1991-06-08,IL,Commercial,2019-06-26
P04998,Male,1993-02-03,CA,Commercial,2020-12-03
P04999,Male,2020-09-24,FL,Commercial,2020-06-08
P05000,Male,1938-06-12,FL,Medicare,2022-04-26
P05001,Male,2008-09-11,NY,Commercial,2019-12-10
P05002,Male,1949-08-21,PA,Medicare,2021-05-03
P05003,Female,1940-11-07,IL,Medicare,2020-01-02
P05004,Female,1963-03-18,FL,Commercial,2022-12-25
P05005,Male,2023-04-20,FL,Commercial,2022-08-30
P05006,Male,1992-04-15,FL,Commercial,2023-07-25
P05007,Male,1938-11-10,NC,Medicare,2020-08-18
P05008,Male,1942-11-19,NY,Medicare,2020-05-04
P05009,Male,1936-03-21,NC,Medicare,2022-08-02
P05010,Female,1983-05-04,CA,Commercial,2022-01-30
P05011,Male,1969-12-21,FL,Commercial,2021-02-26
P05012,Female,1939-05-04,GA,Medicare,2020-03-23
P05013,Male,1981-01-08,TX,Commercial,2022-06-28
P05014,Male,1943-04-02,NC,Medicare,2021-07-24
P05015,Male,1994-09-21,CA,Commercial,2023-01-28
P05016,Female,2019-09-08,IL,Commercial,2019-12-16
P05017,Male,1949-04-01,FL,Medicare,2019-08-22
P05018,Male,1983-08-08,Unknown,Commercial,2020-04-22
P05019,Female,1945-04-07,GA,Medicare,2019-12-05
P05020,Female,1963-01-16,TX,Commercial,2020-03-08
P05021,Male,2002-08-05,FL,Medicaid,2019-10-29
P05022,Male,1961-06-05,GA,Medicaid,2021-11-09
P05023,Male,2023-07-07,FL,Medicaid,2022-12-22
P05024,Male,1938-06-29,GA,Medicare,2019-03-14
P05025,Female,1953-12-04,CA,Medicare,2023-12-28
P05026,Female,1954-01-05,OH,Medicare,2021-12-23
P05027,Male,1979-06-18,OH,Commercial,2020-05-16
P05028,Female,1982-10-09,PA,Commercial,2020-01-15
P05029,Female,1946-06-05,NC,Medicare,2020-07-29
P05030,Female,1988-08-08,AZ,Commercial,2021-07-22
P05031,Female,2015-03-08,FL,Commercial,2019-05-24
P05032,Female,1984-03-29,AZ,Medicaid,2022-10-29
P05033,Male,2005-08-14,TX,Commercial,2023-04-17
P05034,Female,1957-04-15,NY,Medicare,2020-11-10
P05035,Male,1950-12-19,CA,Medicare,2022-05-27
P05036,Female,2021-01-13,FL,Commercial,2021-08-28
P05037,Male,1982-06-28,FL,Medicaid,2021-09-20
P05038,Female,2018-05-07,NY,Commercial,2022-09-07
P05039,Female,2002-05-10,OH,Medicaid,2019-01-05
P05040,Female,1934-09-08,PA,Medicare,2022-02-02
P05041,Male,1966-04-24,FL,Commercial,2020-08-26
P05042,Male,2003-08-09,GA,Commercial,2023-03-16
P05043,Male,2004-04-27,CA,Commercial,2019-01-19
P05044,Female,2004-11-29,TX,Commercial,2019-01-26
P05045,Female,1986-11-08,GA,Commercial,2023-08-28
P05046,Male,2011-01-29,TX,Medicaid,2020-10-15
P05047,Female,1989-04-07,NC,Commercial,2021-01-11
P05048,Male,1971-11-16,FL,Medicaid,2023-02-19
P05049,Male,2018-10-14,FL,Commercial,2020-02-27
P05050,Male,1961-06-15,FL,Medicaid,2020-03-07
P05051,Female,1989-12-29,NY,Commercial,2019-10-14
P05052,Female,1983-08-08,GA,Commercial,2020-12-29
P05053,Female,1940-09-03,CA,Medicare,2020-06-20
P05054,Male,1962-11-13,IL,Commercial,2020-05-23
P05055,Male,1980-09-13,GA,Medicaid,2020-03-02
P05056,Female,1966-09-16,FL,Commercial,2021-01-30
P05057,Male,1956-12-07,FL,Medicare,2020-04-12
P05058,Female,1956-05-14,AZ,Medicare,2023-09-13
P05059,Female,1940-09-23,NY,Medicare,2020-11-30
P05060,Female,2014-12-20,OH,Commercial,2022-12-27
P05061,Male,2016-12-23,PA,Commercial,2021-12-20
P05062,Female,2010-01-13,AZ,Commercial,2020-02-29
P05063,Female,2006-11-18,PA,Commercial,2023-06-08
P05064,Female,2017-02-03,GA,Commercial,2020-03-26
P05065,Female,1976-11-01,CA,Medicaid,2022-09-15
P05066,Female,1950-12-01,AZ,Medicare,2020-03-27
P05067,Female,1948-06-15,CA,Medicare,2020-03-03
P05068,Male,2005-02-18,OH,Commercial,2023-12-05
P05069,Male,1963-12-06,IL,Commercial,2022-11-01
P05070,Female,1954-09-03,CA,Medicare,2019-12-24
P05071,Male,2015-04-02,NC,Commercial,2022-04-17
P05072,Male,1984-12-07,CA,Commercial,2021-10-22
P05073,Male,2002-10-31,TX,Commercial,2023-12-04
P05074,Female,1941-09-11,GA,Medicare,2020-07-15
P05075,Male,1985-03-12,CA,Medicaid,2023-07-15
P05076,Male,1959-03-12,AZ,Commercial,2022-08-23
P05077,Female,1986-04-17,IL,Commercial,2021-08-14
P05078,Male,1962-05-02,GA,Commercial,2020-02-27
P05079,Female,1970-12-22,PA,Commercial,2021-07-06
P05080,Male,1934-10-05,FL,Medicare,2019-02-04
P05081,Male,1972-01-30,CA,Commercial,2021-05-23
P05082,Female,1934-04-13,IL,Medicare,2022-09-26
P05083,Female,2007-10-06,AZ,Commercial,2023-01-18
P05084,Male,1960-04-17,CA,Commercial,2020-01-31
P05085,Female,1964-04-11,CA,Medicaid,2021-09-15
P05086,Male,1984-04-04,TX,Commercial,2020-12-23
P05087,Male,1934-01-08,NC,Medicare,2022-02-25
P05088,Female,1966-06-17,GA,Commercial,2022-08-21
P05089,Male,2014-12-10,FL,Medicaid,2021-01-02
P05090,Male,2019-03-09,PA,Commercial,2022-07-13
P05091,Male,1959-12-27,FL,Commercial,2019-01-03
P05092,Female,1937-05-11,NC,Medicare,2020-05-06
P05093,Female,1977-03-16,TX,Commercial,2019-11-28
P05094,Female,1991-11-17,FL,Commercial,2022-08-01
P05095,Male,1990-03-15,FL,Medicaid,2023-11-09
P05096,Female,1948-03-11,FL,Medicare,2023-10-06
P05097,Female,1955-05-08,GA,Medicare,2019-09-17
P05098,Female,1944-09-04,CA,Medicare,2019-08-21
P05099,Male,1995-10-20,CA,Medicaid,2020-08-09
P05100,Female,2022-04-18,TX,Medicaid,2021-01-22
P05101,Male,1941-11-04,PA,Medicare,2022-12-16
P05102,Female,2004-04-29,OH,Commercial,2020-03-18
P05103,Male,1975-11-01,NC,Commercial,2021-06-03
P05104,Male,1953-08-31,CA,Medicare,2020-12-27
P05105,Male,2021-06-30,NC,Medicaid,2023-11-19
P05106,Male,1996-11-02,GA,Commercial,2021-06-03
P05107,Female,1972-03-16,GA,Commercial,2020-07-15
P05108,Female,1971-04-23,GA,Commercial,2020-02-26
P05109,Female,1954-12-26,OH,Medicare,2023-04-11
P05110,Female,1984-02-26,TX,Medicaid,2023-11-04
P05111,Male,1979-04-15,AZ,Commercial,2019-09-23
P05112,Female,1935-03-02,FL,Medicare,2022-06-11
P05113,Male,1953-05-26,TX,Medicare,2021-08-22
P05114,Female,2021-05-17,FL,Medicaid,2020-11-12
P05115,Male,1996-08-14,PA,Commercial,2021-07-19
P05116,Male,1969-10-09,NY,Medicaid,2019-04-15
P05117,Male,1935-10-08,CA,Medicare,2019-10-17
P05118,Female,1938-09-07,CA,Medicare,2022-01-13
P05119,Male,1980-09-16,FL,Commercial,2023-01-18
P05120,Male,1937-03-31,OH,Medicare,2019-02-17
P05121,Female,1947-06-24,PA,Medicare,2020-06-18
P05122,Male,1990-08-04,CA,Commercial,2020-03-24
P05123,Male,1978-04-11,GA,Commercial,2021-09-07
P05124,Female,1945-04-08,NC,Medicare,2021-07-31
P05125,Female,1953-01-24,NC,Medicare,2023-02-04
P05126,Female,1959-09-11,IL,Commercial,2021-11-09
P05127,Female,2022-10-04,FL,Commercial,2021-04-16
P05128,Male,1973-12-29,IL,Commercial,2023-05-10
P05129,Male,1996-11-03,IL,Medicaid,2020-10-29
P05130,Female,1976-05-25,GA,Medicaid,2020-12-05
P05131,Male,2018-03-11,NC,Commercial,2019-10-20
P05132,Male,1989-05-26,GA,Commercial,2023-09-28
P05133,Female,2022-01-04,GA,Commercial,2022-11-16
P05134,Male,1980-05-16,CA,Commercial,2021-11-09
P05135,Male,2009-02-12,FL,Medicaid,2019-08-10
P05136,Female,1937-09-25,FL,Medicare,2022-10-25
P05137,Female,2018-09-04,NC,Commercial,2019-02-22
P05138,Male,2006-03-10,AZ,Commercial,2019-03-23
P05139,Female,1961-05-04,FL,Commercial,2023-07-12
P05140,Female,1959-07-08,FL,Medicaid,2022-03-10
P05141,Male,1946-01-17,FL,Medicare,2022-09-16
P05142,Male,1944-03-28,FL,Medicare,2021-07-23
P05143,Male,1985-09-15,IL,Commercial,2019-05-21
P05144,Female,2003-05-23,NY,Medicaid,2022-02-15
P05145,Male,1962-08-09,NC,Commercial,2020-09-09
P05146,Male,2008-08-02,TX,Medicaid,2023-04-26
P05147,Female,2012-03-13,AZ,Medicaid,2021-02-25
P05148,Female,2009-04-27,NY,Commercial,2022-03-29
P05149,Female,2014-12-27,IL,Medicaid,2019-06-02
P05150,Female,1992-06-05,CA,Commercial,2020-02-10
P05151,Male,1944-05-09,IL,Medicare,2022-12-05
P05152,Male,2009-06-28,NY,Commercial,2020-11-24
P05153,Female,1999-09-14,PA,Commercial,2022-04-17
P05154,Female,1981-05-09,TX,Commercial,2021-10-25
P05155,Male,1968-01-21,NC,Commercial,2021-09-09
P05156,Female,2019-12-01,CA,Commercial,2019-11-26
P05157,Female,1983-05-26,NY,Commercial,2022-07-21
P05158,Male,1952-02-03,NY,Medicare,2023-12-25
P05159,Male,1959-08-08,FL,Commercial,2023-01-14
P05160,Male,2005-08-31,IL,Commercial,2019-11-15
P05161,Female,1968-10-02,NY,Medicaid,2022-07-09
P05162,Male,1973-10-10,FL,Medicaid,2023-09-15
P05163,Male,2002-08-11,NC,Commercial,2022-01-01
P05164,Female,2002-03-25,NC,Commercial,2019-08-27
P05165,Female,1948-10-26,FL,Medicare,2019-08-22
P05166,Female,1945-10-08,TX,Medicare,2019-04-08
P05167,Female,1995-01-02,CA,Commercial,2020-08-01
P05168,Male,1946-01-02,PA,Medicare,2019-11-29
P05169,Male,1993-10-10,TX,Commercial,2020-02-21
P05170,Male,1972-07-31,GA,Commercial,2023-11-27
P05171,Male,1952-08-06,NC,Medicare,2021-11-30
P05172,Female,1941-09-14,GA,Medicare,2021-05-16
P05173,Female,2002-11-06,IL,Medicaid,2021-09-07
P05174,Female,1976-12-09,OH,Commercial,2019-11-11
P05175,Male,2014-05-21,IL,Commercial,2019-02-04
P05176,Female,2005-12-16,Unknown,Commercial,2021-04-12
P05177,Female,2003-05-20,FL,Commercial,2023-07-10
P05178,Female,1982-11-27,CA,Commercial,2022-03-16
P05179,Male,1934-11-05,FL,Medicare,2023-01-06
P05180,Female,1944-12-30,GA,Medicare,2021-08-25
P05181,Female,1943-08-09,TX,Medicare,2022-10-31
P05182,Male,1963-09-04,NY,Commercial,2023-08-07
P05183,Female,1995-09-02,TX,Commercial,2023-02-22
P05184,Male,1937-09-09,GA,Medicare,2021-07-10
P05185,Male,1984-01-24,GA,Commercial,2023-04-18
P05186,Female,1973-07-28,NC,Medicaid,2023-11-12
P05187,Female,2008-03-11,TX,Commercial,2022-08-08
P05188,Female,1947-10-08,NC,Medicare,2020-10-13
P05189,Female,2007-07-09,OH,Medicaid,2020-11-06
P05190,Male,1938-12-09,NC,Medicare,2022-01-19
P05191,Female,1957-09-28,IL,Medicare,2020-09-08
P05192,Female,1947-12-07,AZ,Medicare,2023-01-17
P05193,Male,1983-12-25,FL,Commercial,2020-05-23
P05194,Male,1953-10-26,TX,Medicare,2023-12-01
P05195,Male,1966-11-03,OH,Medicaid,2023-04-30
P05196,Male,2005-09-07,OH,Medicaid,2019-05-25
P05197,Female,1984-04-04,FL,Commercial,2021-08-31
P05198,Female,1990-11-07,AZ,Commercial,2021-03-22
P05199,Male,1952-05-23,PA,Medicare,2022-01-06
P05200,Male,1935-08-21,IL,Medicare,2020-10-08
P05201,Female,1963-08-07,GA,Commercial,2020-04-06
P05202,Male,1977-01-29,NY,Commercial,2020-02-09
P05203,Male,1965-07-15,NY,Commercial,2022-10-04
P05204,Female,1967-09-28,TX,Commercial,2020-11-14
P05205,Male,2000-10-06,GA,Commercial,2020-01-31
P05206,Female,1987-11-01,FL,Commercial,2021-12-09
P05207,Male,2011-03-15,PA,Commercial,2022-02-03
P05208,Female,1963-05-04,NY,Medicaid,2020-11-12
P05209,Male,1961-09-25,CA,Commercial,2021-02-18
P05210,Male,1966-07-05,GA,Commercial,2022-09-28
P05211,Female,1975-07-01,IL,Commercial,2019-03-20
P05212,Male,1968-12-14,IL,Commercial,2021-03-13
P05213,Female,1972-02-04,NC,Medicaid,2021-03-07
P05214,Female,2009-03-19,TX,Medicaid,2022-12-22
P05215,Female,2006-06-19,GA,Commercial,2020-08-17
P05216,Male,1989-04-14,CA,Commercial,2019-06-02
P05217,Male,1996-11-22,PA,Commercial,2020-05-16
P05218,Female,1976-01-10,AZ,Commercial,2021-06-16
P05219,Male,1976-05-12,FL,Commercial,2020-10-27
P05220,Male,1960-01-24,TX,Commercial,2022-11-01
P05221,Female,1972-02-20,TX,Commercial,2023-09-13
P05222,Male,1953-06-01,TX,Medicare,2020-10-21
P05223,Female,2001-09-17,NC,Commercial,2023-02-04
P05224,Male,2002-04-25,CA,Commercial,2023-07-21
P05225,Male,1982-06-28,IL,Commercial,2020-02-17
P05226,Male,2001-08-04,GA,Commercial,2021-10-31
P05227,Female,1960-04-16,TX,Commercial,2019-09-27
P05228,Female,2005-02-10,CA,Commercial,2019-09-04
P05229,Male,1995-10-31,Unknown,Commercial,2023-05-22
P05230,Male,1970-06-13,PA,Commercial,2020-03-01
P05231,Male,2000-03-22,PA,Medicaid,2022-04-30
P05232,Male,2021-09-04,NY,Medicaid,2020-06-27
P05233,Male,2002-08-29,GA,Commercial,2023-10-13
P05234,Female,2000-12-28,NC,Commercial,2021-08-26
P05235,Female,1954-09-05,AZ,Medicare,2020-11-10
P05236,Female,1941-05-31,GA,Medicare,2021-10-08
P05237,Female,1988-01-12,FL,Commercial,2021-03-31
P05238,Male,1997-06-23,FL,Commercial,2023-12-12
P05239,Female,1991-09-17,NC,Commercial,2023-12-19
P05240,Female,1938-03-10,CA,Medicare,2021-01-01
P05241,Female,2012-10-24,FL,Commercial,2021-12-03
P05242,Male,1984-10-24,FL,Commercial,2021-02-12
P05243,Female,1967-06-25,NC,Commercial,2022-03-16
P05244,Female,1990-03-09,TX,Commercial,2023-12-23
P05245,Male,2020-10-15,GA,Commercial,2020-07-03
P05246,Female,1935-12-27,CA,Medicare,2023-04-26
P05247,Male,1945-04-11,FL,Medicare,2020-01-30
P05248,Female,1975-06-01,FL,Commercial,2023-12-10
P05249,Male,1965-04-25,GA,Commercial,2019-05-12
P05250,Female,1959-08-10,GA,Medicaid,2022-09-26
P05251,Female,2016-11-18,FL,Commercial,2019-07-17
P05252,Female,2011-09-02,FL,Commercial,2023-12-25
P05253,Male,1982-07-13,FL,Commercial,2021-10-02
P05254,Male,1974-07-26,NC,Medicaid,2021-12-01
P05255,Female,1940-02-11,OH,Medicare,2023-03-08
P05256,Male,1988-10-11,FL,Medicaid,2021-08-15
P05257,Female,1950-09-09,CA,Medicare,2022-12-05
P05258,Male,1977-10-26,GA,Commercial,2021-10-26
P05259,Male,1980-06-06,IL,Commercial,2022-02-17
P05260,Female,1993-03-13,GA,Commercial,2023-01-03
P05261,Female,1942-02-12,FL,Medicare,2020-01-23
P05262,Male,1954-10-09,TX,Medicare,2021-05-21
P05263,Male,1971-07-29,FL,Commercial,2019-10-24
P05264,Male,2021-04-07,FL,Medicaid,2019-12-08
P05265,Female,1969-12-15,TX,Commercial,2022-09-09
P05266,Male,1969-04-16,NC,Commercial,2022-07-19
P05267,Female,1979-11-13,FL,Commercial,2019-04-01
P05268,Male,1971-12-20,GA,Medicaid,2022-06-10
P05269,Male,1964-11-20,PA,Medicaid,2023-07-13
P05270,Male,2013-02-13,GA,Commercial,2021-04-16
P05271,Male,1988-04-27,FL,Medicaid,2019-03-04
P05272,Male,1982-03-18,NY,Medicaid,2022-11-01
P05273,Female,1962-04-24,FL,Medicaid,2020-10-25
P05274,Male,1976-03-16,OH,Medicaid,2022-04-25
P05275,Female,1985-07-03,GA,Commercial,2022-01-29
P05276,Female,1935-03-12,FL,Medicare,2021-09-28
P05277,Female,1937-12-11,OH,Medicare,2023-04-15
P05278,Female,1944-06-02,PA,Medicare,2022-01-26
P05279,Female,1995-04-01,NC,Commercial,2022-08-21
P05280,Female,1950-01-03,GA,Medicare,2019-11-30
P05281,Female,1967-08-23,NY,Medicaid,2022-11-12
P05282,Female,1982-10-27,AZ,Commercial,2019-10-05
P05283,Female,2017-04-13,NY,Medicaid,2023-12-02
P05284,Male,1977-12-05,IL,Commercial,2021-12-27
P05285,Male,1994-03-23,NC,Commercial,2022-08-30
P05286,Male,1981-04-18,PA,Commercial,2021-10-06
P05287,Male,1943-04-24,FL,Medicare,2020-02-24
P05288,Male,1933-09-15,IL,Medicare,2019-03-22
P05289,Female,2009-11-18,PA,Commercial,2020-05-13
P05290,Female,1942-05-23,OH,Medicare,2021-06-27
P05291,Female,2009-08-21,IL,Commercial,2021-06-10
P05292,Female,1964-08-11,OH,Commercial,2019-01-15
P05293,Male,2019-10-25,CA,Medicaid,2019-01-18
P05294,Female,1946-09-01,CA,Medicare,2020-03-10
P05295,Male,1945-03-03,PA,Medicare,2023-03-08
P05296,Female,1937-02-08,OH,Medicare,2022-09-06
P05297,Male,2000-08-26,CA,Medicaid,2022-08-22
P05298,Female,1965-11-10,CA,Commercial,2022-11-09
P05299,Male,1959-12-20,IL,Commercial,2019-03-03
P05300,Male,1981-10-24,FL,Commercial,2023-03-17
P05301,Female,1945-12-28,NC,Medicare,2019-09-28
P05302,Female,1940-05-02,CA,Medicare,2019-12-22
P05303,Male,1950-05-11,PA,Medicare,2021-05-12
P05304,Female,2016-03-21,GA,Commercial,2022-06-20
P05305,Female,1969-09-01,NY,Commercial,2022-09-03
P05306,Male,1937-03-03,FL,Medicare,2020-08-16
P05307,Male,1969-10-31,CA,Medicaid,2020-08-25
P05308,Female,1984-10-08,OH,Commercial,2021-04-21
P05309,Female,1968-02-01,CA,Commercial,2021-02-28
P05310,Female,2018-02-13,CA,Commercial,2019-11-16
P05311,Male,2021-05-27,TX,Commercial,2020-03-26
P05312,Female,2016-05-23,CA,Commercial,2020-04-01
P05313,Female,1967-04-21,IL,Commercial,2022-08-08
P05314,Female,1940-03-06,NC,Medicare,2023-09-07
P05315,Male,1959-10-09,FL,Commercial,2021-09-17
P05316,Female,2002-12-06,NY,Commercial,2022-04-24
P05317,Male,2006-10-25,NC,Commercial,2022-04-30
P05318,Female,2001-08-23,NY,Medicaid,2021-05-27
P05319,Male,1970-10-06,CA,Commercial,2019-05-19
P05320,Female,2007-06-24,IL,Commercial,2019-12-27
P05321,Male,1988-11-11,PA,Commercial,2020-08-18
P05322,Male,1955-06-05,FL,Medicare,2020-06-07
P05323,Female,2000-04-16,NY,Medicaid,2021-12-07
P05324,Female,1993-11-25,CA,Commercial,2021-04-04
P05325,Male,1980-09-18,PA,Commercial,2021-11-01
P05326,Female,1972-06-18,GA,Commercial,2019-12-18
P05327,Male,1953-12-07,FL,Medicare,2019-01-20
P05328,Male,1990-05-03,CA,Medicaid,2021-10-30
P05329,Female,2013-03-31,NY,Commercial,2020-05-26
P05330,Female,2022-08-22,GA,Commercial,2023-09-22
P05331,Female,1934-12-28,IL,Medicare,2021-12-29
P05332,Male,1942-07-02,TX,Medicare,2019-08-27
P05333,Female,2007-02-18,FL,Commercial,2020-07-28
P05334,Male,2020-09-16,FL,Commercial,2021-05-15
P05335,Male,1962-02-25,GA,Commercial,2022-12-07
P05336,Male,1958-02-17,FL,Medicare,2019-12-18
P05337,Female,1956-09-20,TX,Medicare,2019-02-25
P05338,Female,1954-05-27,FL,Medicare,2022-01-16
P05339,Female,2023-12-17,CA,Medicaid,2019-12-16
P05340,Female,2009-06-13,TX,Commercial,2021-01-22
P05341,Female,2017-02-13,CA,Commercial,2022-01-06
P05342,Male,1994-01-21,AZ,Commercial,2022-05-07
P05343,Female,1982-10-20,AZ,Medicaid,2021-06-28
P05344,Female,1938-05-03,TX,Medicare,2021-12-15
P05345,Male,1998-12-07,TX,Commercial,2020-12-01
P05346,Male,1988-09-20,NC,Commercial,2023-04-07
P05347,Female,1957-03-02,TX,Medicare,2021-08-14
P05348,Female,1939-05-12,OH,Medicare,2020-04-18
P05349,Female,1947-08-11,CA,Medicare,2019-10-12
P05350,Female,1962-01-15,FL,Commercial,2022-08-08
P05351,Female,2003-03-31,TX,Medicaid,2021-01-01
P05352,Female,1944-12-23,PA,Medicare,2022-06-30
P05353,Male,1955-12-03,CA,Medicare,2020-01-21
P05354,Male,1946-05-17,NC,Medicare,2022-03-26
P05355,Female,1993-02-14,NC,Medicaid,2020-08-20
P05356,Female,1977-11-04,NY,Medicaid,2021-11-04
P05357,Male,1943-06-19,GA,Medicare,2022-09-01
P05358,Male,2015-03-09,CA,Commercial,2021-02-14
P05359,Male,1968-02-21,FL,Commercial,2020-11-19
P05360,Male,1982-05-12,CA,Medicaid,2020-08-03
P05361,Male,1941-01-01,FL,Medicare,2020-01-18
P05362,Male,1967-01-24,IL,Commercial,2020-08-16
P05363,Female,2004-03-02,OH,Commercial,2019-10-01
P05364,Male,1972-05-01,FL,Medicaid,2021-11-19
P05365,Male,1986-01-06,OH,Medicaid,2021-06-17
P05366,Female,1963-12-26,NC,Medicaid,2021-08-05
P05367,Male,1993-11-29,NC,Commercial,2021-02-10
P05368,Female,1936-06-28,TX,Medicare,2023-04-20
P05369,Male,1991-05-02,NY,Medicaid,2019-09-26
P05370,Female,1998-02-05,CA,Commercial,2021-05-25
P05371,Male,1999-04-29,TX,Commercial,2021-03-28
P05372,Female,1964-10-08,CA,Medicaid,2019-08-15
P05373,Male,1969-02-03,GA,Commercial,2021-09-05
P05374,Male,1937-12-01,PA,Medicare,2021-09-13
P05375,Female,1940-11-27,AZ,Medicare,2021-03-06
P05376,Female,1936-04-13,TX,Medicare,2019-04-26
P05377,Female,2017-01-14,TX,Commercial,2022-09-26
P05378,Male,1946-07-01,GA,Medicare,2023-03-23
P05379,Male,2013-11-12,PA,Commercial,2023-06-19
P05380,Female,1967-12-15,FL,Medicaid,2020-04-27
P05381,Male,1994-01-08,OH,Commercial,2023-12-13
P05382,Male,1936-09-20,PA,Medicare,2020-06-18
P05383,Male,1943-05-13,TX,Medicare,2019-08-01
P05384,Female,2018-09-03,OH,Commercial,2020-08-06
P05385,Female,1974-10-14,NY,Commercial,2023-02-24
P05386,Male,1957-05-02,TX,Medicare,2020-09-09
P05387,Female,2004-04-06,IL,Commercial,2021-10-15
P05388,Female,2010-07-12,NY,Commercial,2023-11-22
P05389,Male,1967-06-30,FL,Commercial,2023-01-06
P05390,Female,1973-07-07,CA,Medicaid,2020-04-17
P05391,Male,1942-05-30,CA,Medicare,2021-03-14
P05392,Male,1978-03-12,CA,Commercial,2021-07-04
P05393,Male,2008-04-16,TX,Medicaid,2020-02-15
P05394,Male,2012-09-21,NC,Commercial,2021-05-20
P05395,Male,1980-10-02,GA,Commercial,2019-03-01
P05396,Male,1969-04-30,NY,Commercial,2023-10-01
P05397,Male,1964-05-10,GA,Commercial,2022-07-28
P05398,Male,1993-08-19,CA,Commercial,2023-01-23
P05399,Male,1955-03-01,PA,Medicare,2021-12-07
P05400,Female,1988-08-01,FL,Commercial,2019-06-14
P05401,Female,1958-08-31,FL,Medicare,2021-12-15
P05402,Female,1960-06-12,OH,Commercial,2022-06-05
P05403,Male,2016-10-22,TX,Commercial,2023-07-31
P05404,Male,1981-04-22,TX,Commercial,2022-01-13
P05405,Male,1951-02-08,CA,Medicare,2022-11-10
P05406,Male,1955-01-22,NY,Medicare,2023-01-21
P05407,Male,2017-07-21,FL,Commercial,2023-05-02
P05408,Female,2022-09-24,OH,Commercial,2020-11-04
P05409,Female,1984-07-10,FL,Commercial,2020-06-17
P05410,Male,2011-11-25,PA,Medicaid,2020-04-20
P05411,Female,1984-05-02,OH,Commercial,2023-09-26
P05412,Male,1944-07-28,FL,Medicare,2019-05-26
P05413,Male,1971-11-18,OH,Commercial,2021-06-20
P05414,Female,2002-06-15,NC,Commercial,2021-03-12
P05415,Male,1939-04-14,AZ,Medicare,2019-08-14
P05416,Male,2001-10-09,NC,Commercial,2022-08-16
P05417,Male,1996-08-06,TX,Commercial,2021-06-27
P05418,Male,1989-02-09,CA,Medicaid,2023-08-25
P05419,Female,1982-04-16,NC,Commercial,2021-07-17
P05420,Male,1979-03-16,OH,Commercial,2022-09-03
P05421,Female,1959-07-21,NY,Commercial,2023-02-03
P05422,Female,2012-07-04,PA,Commercial,2020-11-29
P05423,Female,1936-07-03,GA,Medicare,2023-05-09
P05424,Male,1984-07-20,AZ,Commercial,2019-02-19
P05425,Male,2003-11-10,TX,Medicaid,2022-11-03
P05426,Female,1946-12-17,FL,Medicare,2023-08-10
P05427,Male,1978-03-03,GA,Medicaid,2021-10-08
P05428,Male,2011-06-20,IL,Medicaid,2022-01-23
P05429,Male,2012-06-20,OH,Medicaid,2020-09-18
P05430,Female,1943-05-29,TX,Medicare,2020-09-01
P05431,Female,1976-08-03,IL,Commercial,2021-01-16
P05432,Female,2021-02-09,GA,Commercial,2021-02-17
P05433,Male,1955-07-14,Unknown,Medicare,2020-02-13
P05434,Female,1989-07-02,FL,Commercial,2020-09-29
P05435,Female,1942-06-21,NY,Medicare,2023-04-22
P05436,Male,1975-11-05,NY,Commercial,2021-09-08
P05437,Female,1964-10-29,FL,Medicaid,2020-07-25
P05438,Male,2021-10-27,FL,Commercial,2022-09-01
P05439,Male,1974-09-30,TX,Medicaid,2019-09-08
P05440,Female,2002-11-03,GA,Commercial,2021-08-03
P05441,Female,1988-10-11,CA,Commercial,2022-05-25
P05442,Female,1966-01-23,NY,Medicaid,2022-02-04
P05443,Male,1967-08-23,FL,Medicaid,2020-11-28
P05444,Female,1951-03-18,FL,Medicare,2020-06-16
P05445,Female,2008-08-10,CA,Medicaid,2022-09-22
P05446,Female,1977-03-05,OH,Commercial,2023-02-22
P05447,Male,1966-04-01,NY,Medicaid,2023-07-18
P05448,Male,1984-02-29,CA,Commercial,2021-07-10
P05449,Male,1947-09-18,AZ,Medicare,2019-05-15
P05450,Male,2013-11-27,OH,Commercial,2019-03-18
P05451,Male,1975-09-11,TX,Commercial,2021-03-16
P05452,Male,1933-04-19,PA,Medicare,2021-05-06
P05453,Male,1958-05-07,CA,Medicare,2021-06-27
P05454,Female,1989-04-18,NY,Commercial,2022-10-26
P05455,Female,1996-01-04,NC,Medicaid,2021-12-03
P05456,Female,1943-10-11,TX,Medicare,2019-04-30
P05457,Female,1973-07-22,IL,Commercial,2020-12-03
P05458,Male,1938-07-05,FL,Medicare,2022-10-13
P05459,Female,2021-11-07,TX,Commercial,2023-07-26
P05460,Female,1992-05-04,FL,Commercial,2020-04-01
P05461,Male,1946-12-14,NC,Medicare,2019-06-29
P05462,Male,1975-02-08,GA,Commercial,2023-06-16
P05463,Male,1974-11-29,TX,Commercial,2022-02-16
P05464,Female,1958-11-21,IL,Medicare,2019-09-29
P05465,Male,1962-10-29,FL,Commercial,2022-09-26
P05466,Female,2015-02-10,FL,Medicaid,2023-02-06
P05467,Male,1934-02-20,CA,Medicare,2022-01-12
P05468,Male,1975-01-30,TX,Commercial,2022-01-12
P05469,Male,1945-03-02,FL,Medicare,2021-08-06
P05470,Female,1980-01-29,GA,Commercial,2019-03-06
P05471,Male,1946-07-12,GA,Medicare,2019-02-22
P05472,Female,2006-12-30,GA,Commercial,2021-02-08
P05473,Female,2018-07-25,OH,Medicaid,2023-08-17
P05474,Male,1975-10-13,TX,Commercial,2022-09-07
P05475,Female,1936-10-03,NY,Medicare,2023-02-06
P05476,Female,1991-04-24,GA,Commercial,2023-12-31
P05477,Female,1973-11-01,AZ,Commercial,2022-02-02
P05478,Female,2001-09-05,OH,Commercial,2023-12-20
P05479,Female,1941-08-10,TX,Medicare,2021-02-17
P05480,Male,1972-12-09,NC,Medicaid,2022-08-18
P05481,Female,1995-04-21,TX,Commercial,2020-05-19
P05482,Male,1983-03-29,FL,Commercial,2021-05-15
P05483,Male,2014-06-11,TX,Commercial,2019-04-02
P05484,Male,1991-12-22,CA,Commercial,2021-07-31
P05485,Male,1968-03-19,TX,Medicaid,2023-03-22
P05486,Male,1973-07-22,TX,Medicaid,2019-05-25
P05487,Female,2004-09-25,NC,Medicaid,2022-06-17
P05488,Male,1988-01-21,IL,Commercial,2020-03-08
P05489,Female,1983-02-22,IL,Commercial,2020-02-03
P05490,Female,1938-07-24,CA,Medicare,2019-05-20
P05491,Male,1970-07-23,CA,Commercial,2020-10-20
P05492,Female,1945-02-02,NY,Medicare,2021-06-12
P05493,Male,1975-10-24,TX,Commercial,2022-01-29
P05494,Male,2000-08-04,NC,Commercial,2021-10-08
P05495,Male,1999-06-07,FL,Medicaid,2020-02-07
P05496,Female,1993-08-27,IL,Commercial,2021-03-04
P05497,Female,1996-09-07,GA,Medicaid,2023-10-04
P05498,Female,1961-11-22,GA,Commercial,2022-02-21
P05499,Female,1967-09-26,GA,Commercial,2019-06-08
P05500,Male,1965-08-23,PA,Commercial,2022-12-13
P05501,Male,1984-03-01,GA,Commercial,2021-08-23
P05502,Male,1950-08-30,CA,Medicare,2019-10-28
P05503,Male,2014-11-03,TX,Commercial,2022-07-21
P05504,Female,1952-02-27,CA,Medicare,2020-08-08
P05505,Female,1981-08-25,CA,Medicaid,2020-01-30
P05506,Male,2000-01-31,AZ,Commercial,2022-05-17
P05507,Female,1981-11-22,TX,Commercial,2019-07-12
P05508,Female,1966-12-23,TX,Commercial,2021-10-09
P05509,Male,1937-01-29,FL,Medicare,2022-07-10
P05510,Female,1942-11-26,NY,Medicare,2022-11-16
P05511,Female,1990-12-28,PA,Commercial,2022-09-02
P05512,Female,1946-05-11,GA,Medicare,2021-03-10
P05513,Female,2020-09-07,AZ,Commercial,2022-11-16
P05514,Male,2006-07-08,FL,Commercial,2022-03-18
P05515,Female,1963-08-05,OH,Commercial,2020-06-13
P05516,Male,1966-09-14,NC,Medicaid,2019-08-18
P05517,Female,1986-07-09,IL,Commercial,2020-08-10
P05518,Female,2021-09-28,NY,Commercial,2021-05-12
P05519,Female,2020-10-10,NC,Commercial,2020-07-10
P05520,Male,1935-10-11,FL,Medicare,2021-12-11
P05521,Male,1965-11-18,TX,Commercial,2022-08-25
P05522,Male,1999-06-24,OH,Commercial,2020-04-03
P05523,Male,1966-06-14,FL,Commercial,2023-04-30
P05524,Female,1941-12-25,OH,Medicare,2019-06-25
P05525,Male,2015-07-18,TX,Commercial,2021-11-10
P05526,Male,1987-04-07,TX,Medicaid,2019-12-02
P05527,Male,2000-12-31,CA,Commercial,2023-07-05
P05528,Female,2009-09-13,FL,Commercial,2021-07-12
P05529,Male,1980-01-16,CA,Medicaid,2021-11-22
P05530,Male,2010-07-29,IL,Medicaid,2022-03-22
P05531,Male,1965-12-25,FL,Commercial,2021-06-11
P05532,Female,1971-06-23,GA,Medicaid,2020-09-10
P05533,Female,1944-08-04,FL,Medicare,2019-04-18
P05534,Female,2019-10-16,NY,Commercial,2019-12-03
P05535,Male,1961-12-05,NC,Medicaid,2022-11-05
P05536,Female,1947-02-13,IL,Medicare,2019-02-10
P05537,Male,1976-03-10,TX,Commercial,2021-07-06
P05538,Female,1938-04-27,FL,Medicare,2021-09-19
P05539,Female,1974-12-25,FL,Commercial,2023-12-12
P05540,Female,2003-02-18,TX,Commercial,2020-08-30
P05541,Male,1978-07-12,NY,Medicaid,2019-07-28
P05542,Female,1958-07-11,IL,Medicare,2022-07-16
P05543,Male,1947-02-15,GA,Medicare,2019-09-02
P05544,Male,1951-07-28,OH,Medicare,2023-07-26
P05545,Male,1954-10-06,NY,Medicare,2019-03-04
P05546,Male,1994-10-06,PA,Commercial,2022-09-27
P05547,Male,2023-01-28,PA,Medicaid,2021-08-06
P05548,Male,1943-06-17,PA,Medicare,2023-12-06
P05549,Female,1940-06-03,TX,Medicare,2019-07-07
P05550,Female,1969-05-29,TX,Commercial,2021-06-16
P05551,Male,1959-10-13,GA,Commercial,2019-02-25
P05552,Female,2018-07-31,GA,Commercial,2022-02-19
P05553,Female,2007-01-19,CA,Commercial,2023-09-14
P05554,Male,1974-11-08,AZ,Commercial,2020-08-12
P05555,Male,1956-01-19,CA,Medicare,2023-03-10
P05556,Female,2007-09-24,TX,Medicaid,2020-12-05
P05557,Male,2005-09-15,GA,Commercial,2023-10-30
P05558,Female,1964-12-26,CA,Commercial,2023-03-01
P05559,Female,1953-05-03,GA,Medicare,2020-10-24
P05560,Male,2023-09-07,FL,Commercial,2020-08-20
P05561,Female,1969-07-17,FL,Medicaid,2023-03-29
P05562,Male,1987-06-04,PA,Commercial,2023-01-24
P05563,Male,1969-05-14,TX,Commercial,2019-09-18
P05564,Female,1983-01-18,IL,Commercial,2023-12-22
P05565,Female,1979-06-13,NY,Medicaid,2022-11-08
P05566,Male,1986-10-28,NC,Commercial,2019-02-26
P05567,Male,1933-04-19,PA,Medicare,2021-04-07
P05568,Male,1971-12-12,PA,Commercial,2023-11-13
P05569,Male,1990-02-27,FL,Commercial,2019-07-18
P05570,Male,2016-09-14,GA,Medicaid,2022-04-18
P05571,Female,2017-04-12,FL,Commercial,2020-06-05
P05572,Female,1996-11-04,NY,Commercial,2020-10-25
P05573,Female,1940-08-05,FL,Medicare,2022-03-03
P05574,Female,1967-04-23,CA,Medicaid,2022-02-25
P05575,Male,2021-05-19,TX,Commercial,2021-04-02
P05576,Male,1966-12-29,AZ,Commercial,2022-02-05
P05577,Male,2020-12-19,PA,Medicaid,2023-02-18
P05578,Male,1958-01-07,NC,Medicare,2020-05-23
P05579,Female,1996-06-21,NC,Medicaid,2020-08-19
P05580,Female,1954-02-22,FL,Medicare,2020-12-29
P05581,Female,1958-12-05,FL,Medicare,2020-04-18
P05582,Male,1974-07-05,TX,Commercial,2021-05-30
P05583,Male,2015-06-05,IL,Commercial,2019-05-13
P05584,Male,1937-01-29,FL,Medicare,2019-07-29
P05585,Male,1934-04-16,TX,Medicare,2019-02-06
P05586,Female,1966-05-16,OH,Medicaid,2023-06-18
P05587,Female,1934-09-15,TX,Medicare,2023-06-29
P05588,Female,1969-01-03,IL,Commercial,2021-08-27
P05589,Male,1994-09-03,IL,Commercial,2020-07-17
P05590,Female,1955-09-22,FL,Medicare,2022-10-22
P05591,Male,1980-04-11,CA,Commercial,2023-06-05
P05592,Female,1944-01-03,FL,Medicare,2023-10-26
P05593,Male,1938-02-22,NY,Medicare,2021-03-25
P05594,Male,1992-10-27,IL,Commercial,2019-02-10
P05595,Female,1953-03-09,FL,Medicare,2021-09-06
P05596,Male,1951-08-26,IL,Medicare,2020-05-02
P05597,Male,2013-10-11,AZ,Medicaid,2023-09-29
P05598,Male,1970-01-24,NC,Commercial,2022-12-03
P05599,Female,1948-01-20,TX,Medicare,2020-08-08
P05600,Male,1984-08-18,GA,Commercial,2021-12-28
P05601,Female,1957-12-22,TX,Medicare,2023-11-14
P05602,Female,2020-10-16,FL,Commercial,2022-11-15
P05603,Female,2021-06-17,FL,Medicaid,2020-01-15
P05604,Male,1980-12-10,FL,Medicaid,2020-07-31
P05605,Female,1956-10-10,NC,Medicare,2019-12-16
P05606,Male,1943-11-08,FL,Medicare,2022-04-02
P05607,Female,2011-01-19,TX,Commercial,2019-05-12
P05608,Female,1957-08-24,NC,Medicare,2019-05-29
P05609,Male,1979-08-16,FL,Commercial,2022-03-02
P05610,Female,1944-07-31,TX,Medicare,2022-12-19
P05611,Female,2002-12-27,FL,Commercial,2019-03-13
P05612,Female,1943-06-18,FL,Medicare,2022-04-03
P05613,Female,1969-02-01,GA,Commercial,2021-07-10
P05614,Female,1951-03-11,FL,Medicare,2019-05-07
P05615,Male,1950-10-01,NY,Medicare,2022-08-28
P05616,Male,2023-12-28,FL,Commercial,2019-08-01
P05617,Female,1972-03-24,TX,Commercial,2023-03-14
P05618,Female,1986-02-27,NC,Medicaid,2022-07-15
P05619,Male,1942-01-29,CA,Medicare,2022-01-23
P05620,Female,2023-06-05,TX,Commercial,2021-08-03
P05621,Female,1971-07-13,IL,Commercial,2022-10-15
P05622,Female,1963-03-31,OH,Commercial,2019-08-03
P05623,Male,1947-04-25,CA,Medicare,2020-09-05
P05624,Male,1943-03-31,TX,Medicare,2020-08-26
P05625,Female,1983-09-20,FL,Commercial,2020-05-06
P05626,Female,1951-02-06,TX,Medicare,2020-10-25
P05627,Male,1958-12-18,CA,Medicare,2020-10-14
P05628,Female,1940-11-27,AZ,Medicare,2020-09-13
P05629,Female,2011-05-08,AZ,Commercial,2020-05-26
P05630,Male,2017-06-06,FL,Commercial,2019-05-27
P05631,Female,1997-06-12,AZ,Commercial,2023-01-08
P05632,Female,1994-02-03,OH,Commercial,2021-06-02
P05633,Male,1989-02-17,NC,Commercial,2023-01-30
P05634,Male,1974-04-13,IL,Commercial,2023-02-04
P05635,Female,2016-11-01,TX,Commercial,2019-04-04
P05636,Female,1940-11-26,TX,Medicare,2021-08-22
P05637,Female,2006-11-10,PA,Commercial,2020-06-25
P05638,Female,1952-05-21,FL,Medicare,2020-05-11
P05639,Female,2010-04-15,NC,Commercial,2023-11-05
P05640,Female,1949-03-15,OH,Medicare,2021-07-17
P05641,Female,1969-11-24,IL,Commercial,2023-02-06
P05642,Female,1934-09-22,GA,Medicare,2022-06-09
P05643,Female,1933-08-30,NC,Medicare,2023-01-23
P05644,Male,1986-05-15,FL,Commercial,2020-09-02
P05645,Male,1954-12-15,PA,Medicare,2023-05-06
P05646,Male,1999-03-01,NY,Commercial,2021-10-02
P05647,Male,1943-12-03,CA,Medicare,2022-06-22
P05648,Male,1964-06-23,PA,Commercial,2019-03-11
P05649,Female,2008-01-26,NY,Commercial,2020-01-24
P05650,Male,1992-10-22,NY,Commercial,2022-03-30
P05651,Female,2000-04-25,NY,Medicaid,2022-07-15
P05652,Male,1974-06-14,CA,Commercial,2020-06-01
P05653,Male,1942-03-07,NC,Medicare,2020-11-05
P05654,Female,1968-05-31,OH,Commercial,2021-03-24
P05655,Male,2018-02-25,FL,Commercial,2023-08-23
P05656,Male,2017-08-06,TX,Commercial,2023-08-13
P05657,Male,1999-11-03,TX,Medicaid,2020-10-27
P05658,Female,1943-04-28,FL,Medicare,2021-08-27
P05659,Female,2019-01-13,OH,Commercial,2019-11-10
P05660,Male,1947-07-27,NY,Medicare,2023-11-09
P05661,Female,1965-03-07,FL,Commercial,2023-01-27
P05662,Male,1996-02-15,CA,Commercial,2020-01-21
P05663,Female,1947-05-11,TX,Medicare,2019-02-10
P05664,Female,1987-03-19,NC,Commercial,2020-05-01
P05665,Male,1981-06-09,FL,Commercial,2023-12-09
P05666,Male,1950-03-13,FL,Medicare,2023-10-01
P05667,Male,2018-08-31,FL,Commercial,2019-08-13
P05668,Male,2008-06-22,NY,Medicaid,2021-07-04
P05669,Male,1943-12-04,OH,Medicare,2021-07-09
P05670,Male,1965-10-21,CA,Medicaid,2019-03-14
P05671,Male,1956-06-03,FL,Medicare,2022-10-06
P05672,Male,1998-04-11,CA,Medicaid,2022-07-31
P05673,Male,2022-12-21,NY,Commercial,2020-07-28
P05674,Male,1950-12-06,OH,Medicare,2019-06-26
P05675,Male,1956-12-29,GA,Medicare,2022-03-05
P05676,Male,2002-06-26,NC,Medicaid,2023-04-01
P05677,Male,1959-09-01,CA,Commercial,2023-09-21
P05678,Male,1955-12-13,CA,Medicare,2023-12-20
P05679,Male,1934-03-17,TX,Medicare,2022-02-17
P05680,Male,2020-06-22,FL,Commercial,2021-05-08
P05681,Female,1998-12-28,FL,Medicaid,2021-07-22
P05682,Female,2019-04-26,PA,Commercial,2022-10-22
P05683,Female,1996-02-03,CA,Commercial,2020-08-15
P05684,Female,1942-07-31,CA,Medicare,2019-08-11
P05685,Female,1966-01-19,NY,Commercial,2022-11-03
P05686,Female,2002-08-01,FL,Commercial,2020-08-20
P05687,Female,2006-12-03,TX,Commercial,2021-04-12
P05688,Male,1983-11-18,CA,Commercial,2020-07-27
P05689,Male,1958-12-07,FL,Medicare,2023-12-06
P05690,Male,2021-09-12,IL,Medicaid,2020-08-21
P05691,Female,1943-08-14,FL,Medicare,2020-04-08
P05692,Female,2013-07-22,NC,Commercial,2020-08-10
P05693,Female,1941-07-09,TX,Medicare,2019-10-21
P05694,Female,2010-02-19,PA,Medicaid,2020-04-08
P05695,Female,1948-12-27,PA,Medicare,2019-01-30
P05696,Male,1995-02-08,TX,Commercial,2020-08-27
P05697,Female,1963-10-06,NY,Commercial,2021-10-09
P05698,Male,2007-01-18,AZ,Medicaid,2019-11-01
P05699,Female,1996-11-12,CA,Medicaid,2020-07-13
P05700,Female,2015-11-26,FL,Commercial,2021-03-19
P05701,Male,1969-11-17,OH,Medicaid,2021-02-10
P05702,Female,1985-09-14,TX,Commercial,2022-04-01
P05703,Female,2019-01-23,GA,Commercial,2020-12-08
P05704,Male,1948-07-16,PA,Medicare,2021-09-02
P05705,Male,1955-11-02,AZ,Medicare,2023-05-07
P05706,Male,1979-05-12,FL,Commercial,2021-10-20
P05707,Male,1971-06-30,TX,Medicaid,2019-04-04
P05708,Female,2006-04-19,GA,Medicaid,2022-05-05
P05709,Female,1995-04-06,IL,Commercial,2020-08-13
P05710,Male,1935-03-21,PA,Medicare,2021-12-04
P05711,Male,1953-11-06,IL,Medicare,2022-07-29
P05712,Male,1951-07-05,FL,Medicare,2022-01-29
P05713,Male,1974-05-15,FL,Medicaid,2019-03-18
P05714,Female,1942-06-11,CA,Medicare,2023-06-13
P05715,Male,2015-01-12,FL,Commercial,2020-08-31
P05716,Female,2010-01-15,FL,Commercial,2019-11-08
P05717,Female,1973-03-10,GA,Medicaid,2023-01-28
P05718,Female,2008-10-05,NC,Medicaid,2020-03-22
P05719,Female,1980-06-21,NC,Commercial,2020-10-27
P05720,Male,1993-03-13,OH,Commercial,2022-04-25
P05721,Male,1945-09-25,FL,Medicare,2023-02-13
P05722,Male,2008-04-16,OH,Commercial,2019-04-13
P05723,Female,2003-10-03,NY,Commercial,2023-01-07
P05724,Female,1979-11-11,TX,Medicaid,2019-04-05
P05725,Female,2012-10-05,CA,Medicaid,2020-10-06
P05726,Male,2003-01-28,OH,Medicaid,2019-09-21
P05727,Female,1950-01-02,FL,Medicare,2022-07-10
P05728,Female,2014-02-22,OH,Commercial,2023-11-09
P05729,Male,1986-09-23,CA,Medicaid,2020-09-22
P05730,Female,2014-03-22,CA,Commercial,2022-02-23
P05731,Male,1978-10-13,PA,Commercial,2021-04-02
P05732,Female,2015-11-16,NC,Medicaid,2021-09-19
P05733,Female,1953-09-28,CA,Medicare,2022-05-25
P05734,Male,1995-11-12,TX,Medicaid,2020-05-30
P05735,Female,1979-05-13,NY,Commercial,2021-07-01
P05736,Female,2023-04-27,PA,Medicaid,2020-10-30
P05737,Male,1953-12-18,Unknown,Medicare,2020-08-23
P05738,Female,1940-11-22,OH,Medicare,2020-08-11
P05739,Female,2008-07-10,OH,Medicaid,2022-05-09
P05740,Female,2004-11-20,NC,Commercial,2020-03-02
P05741,Male,1944-03-04,OH,Medicare,2022-11-27
P05742,Male,1947-08-08,GA,Medicare,2019-04-07
P05743,Male,1935-08-04,TX,Medicare,2019-12-16
P05744,Male,1963-12-31,CA,Medicaid,2021-03-31
P05745,Female,1942-04-19,CA,Medicare,2023-02-06
P05746,Female,1967-04-13,CA,Commercial,2019-06-27
P05747,Male,1960-03-30,AZ,Commercial,2021-03-26
P05748,Female,1986-06-17,PA,Medicaid,2019-12-06
P05749,Male,2010-09-24,PA,Medicaid,2023-11-12
P05750,Male,1996-12-03,PA,Medicaid,2022-04-25
P05751,Male,2020-09-07,OH,Commercial,2022-07-04
P05752,Female,1978-06-16,NC,Commercial,2019-12-09
P05753,Male,1957-11-19,GA,Medicare,2021-09-06
P05754,Male,1952-12-12,PA,Medicare,2023-06-01
P05755,Female,1981-10-13,GA,Commercial,2020-12-05
P05756,Male,1946-12-06,NC,Medicare,2023-03-18
P05757,Female,2011-12-27,FL,Commercial,2021-10-08
P05758,Female,2017-07-07,CA,Commercial,2019-01-16
P05759,Male,1980-04-04,TX,Commercial,2021-10-30
P05760,Male,1974-07-02,NC,Commercial,2021-11-10
P05761,Female,2006-11-28,PA,Commercial,2023-10-20
P05762,Female,2023-08-31,Unknown,Medicaid,2021-09-13
P05763,Male,1952-12-19,FL,Medicare,2019-03-20
P05764,Female,1974-05-19,IL,Medicaid,2019-04-02
P05765,Male,1986-10-07,GA,Commercial,2019-03-10
P05766,Male,2018-08-12,NC,Commercial,2022-03-12
P05767,Female,2016-02-06,PA,Commercial,2023-09-04
P05768,Male,1936-05-31,OH,Medicare,2022-10-26
P05769,Female,1974-03-27,FL,Commercial,2022-12-12
P05770,Female,1935-08-27,NC,Medicare,2023-08-12
P05771,Male,1997-01-26,AZ,Medicaid,2020-06-16
P05772,Female,1979-04-16,TX,Medicaid,2021-05-23
P05773,Female,2022-06-26,NC,Commercial,2020-05-24
P05774,Male,1945-06-03,GA,Medicare,2023-01-02
P05775,Female,2006-05-18,AZ,Commercial,2020-07-10
P05776,Female,1970-11-03,GA,Commercial,2023-09-05
P05777,Male,1955-10-02,TX,Medicare,2020-05-25
P05778,Female,1949-04-25,FL,Medicare,2019-12-10
P05779,Female,1939-07-25,AZ,Medicare,2022-09-26
P05780,Female,1994-03-20,CA,Commercial,2022-05-12
P05781,Male,1962-06-23,GA,Medicaid,2021-10-29
P05782,Female,1959-12-08,FL,Medicaid,2021-02-08
P05783,Male,1994-05-03,PA,Commercial,2021-05-11
P05784,Female,2000-05-23,FL,Medicaid,2023-06-25
P05785,Male,1981-08-20,CA,Commercial,2022-02-09
P05786,Male,1936-03-18,CA,Medicare,2021-06-23
P05787,Male,1998-08-25,OH,Medicaid,2020-12-07
P05788,Male,1969-11-20,NC,Medicaid,2020-11-04
P05789,Female,1965-11-17,PA,Medicaid,2020-09-03
P05790,Female,1996-02-06,FL,Commercial,2021-10-02
P05791,Female,1998-08-16,TX,Medicaid,2021-06-29
P05792,Female,1933-08-02,FL,Medicare,2022-04-26
P05793,Female,2010-09-11,TX,Commercial,2022-08-24
P05794,Male,2020-04-06,CA,Commercial,2022-06-13
P05795,Female,1950-05-24,CA,Medicare,2021-10-23
P05796,Male,1939-02-07,IL,Medicare,2023-06-16
P05797,Male,1947-02-09,IL,Medicare,2022-11-28
P05798,Female,2021-01-04,TX,Medicaid,2023-06-04
P05799,Female,1934-09-02,NC,Medicare,2021-12-17
P05800,Male,1984-06-01,NC,Commercial,2021-07-11
P05801,Female,1984-08-27,AZ,Commercial,2023-03-10
P05802,Female,1954-04-18,FL,Medicare,2023-04-23
P05803,Male,1945-04-02,CA,Medicare,2021-05-17
P05804,Male,1950-10-01,TX,Medicare,2022-11-20
P05805,Female,1941-02-21,TX,Medicare,2019-08-31
P05806,Female,1948-09-17,CA,Medicare,2023-03-07
P05807,Female,1949-01-07,GA,Medicare,2021-08-05
P05808,Female,1999-02-25,FL,Medicaid,2019-12-29
P05809,Female,1965-12-25,OH,Commercial,2023-06-26
P05810,Male,1952-08-08,FL,Medicare,2021-10-03
P05811,Male,1953-08-12,TX,Medicare,2021-08-23
P05812,Female,1982-03-06,CA,Commercial,2021-03-29
P05813,Male,1939-04-12,CA,Medicare,2019-07-30
P05814,Male,1941-12-13,NC,Medicare,2021-02-02
P05815,Female,1943-03-01,AZ,Medicare,2022-02-12
P05816,Male,1958-10-13,TX,Medicare,2022-01-08
P05817,Male,2023-08-20,FL,Commercial,2020-11-19
P05818,Female,1996-10-30,FL,Commercial,2022-07-06
P05819,Female,1966-11-04,NY,Commercial,2020-07-31
P05820,Male,1982-06-22,TX,Commercial,2022-02-03
P05821,Female,1952-12-01,IL,Medicare,2023-09-13
P05822,Female,2007-12-03,NY,Medicaid,2021-04-30
P05823,Male,1948-03-20,NY,Medicare,2022-09-30
P05824,Male,1997-08-28,PA,Commercial,2022-03-18
P05825,Male,2015-05-10,OH,Commercial,2022-05-21
P05826,Female,1984-01-07,NC,Commercial,2023-04-27
P05827,Female,1934-12-13,NY,Medicare,2022-07-23
P05828,Male,1997-03-17,GA,Commercial,2019-06-09
P05829,Male,1935-11-22,CA,Medicare,2022-05-27
P05830,Male,1934-03-29,Unknown,Medicare,2020-05-05
P05831,Female,1955-09-12,NY,Medicare,2021-12-17
P05832,Male,2009-11-12,PA,Commercial,2023-09-03
P05833,Female,1979-10-10,NY,Commercial,2019-10-26
P05834,Female,1947-08-21,FL,Medicare,2019-06-24
P05835,Male,1943-04-10,FL,Medicare,2022-10-28
P05836,Female,2007-04-28,PA,Commercial,2023-02-24
P05837,Male,1997-04-10,GA,Medicaid,2019-05-09
P05838,Male,1938-12-24,NY,Medicare,2023-07-07
P05839,Male,1982-01-10,OH,Commercial,2019-07-24
P05840,Female,1993-07-26,GA,Commercial,2023-02-19
P05841,Female,1968-11-21,NC,Commercial,2019-09-03
P05842,Male,1993-01-27,FL,Commercial,2019-05-05
P05843,Male,1966-03-17,OH,Commercial,2022-10-20
P05844,Male,1942-12-01,FL,Medicare,2022-11-24
P05845,Female,2012-07-25,GA,Commercial,2023-06-22
P05846,Male,1999-02-05,GA,Medicaid,2020-01-26
P05847,Female,2022-04-26,Unknown,Medicaid,2022-04-04
P05848,Female,2008-10-21,NY,Commercial,2020-10-15
P05849,Female,2022-04-20,PA,Commercial,2020-12-07
P05850,Female,1951-10-24,CA,Medicare,2021-05-31
P05851,Female,2023-08-26,OH,Medicaid,2022-10-16
P05852,Female,1980-10-21,CA,Medicaid,2022-03-05
P05853,Female,1997-04-22,Unknown,Commercial,2021-07-02
P05854,Male,1993-01-26,CA,Commercial,2023-07-16
P05855,Female,1974-12-15,GA,Commercial,2021-12-26
P05856,Male,1971-05-26,IL,Medicaid,2020-06-14
P05857,Male,1951-10-03,IL,Medicare,2021-11-23
P05858,Female,1935-04-02,FL,Medicare,2022-01-11
P05859,Male,1937-11-11,IL,Medicare,2019-10-21
P05860,Female,1997-08-20,FL,Commercial,2021-04-30
P05861,Female,1955-10-18,NC,Medicare,2020-04-26
P05862,Male,2004-02-17,PA,Commercial,2023-09-29
P05863,Male,1941-12-01,GA,Medicare,2019-05-14
P05864,Female,1938-06-02,FL,Medicare,2020-02-15
P05865,Male,1943-11-19,OH,Medicare,2019-11-14
P05866,Male,1970-05-27,NY,Commercial,2020-07-17
P05867,Female,1996-03-26,NY,Medicaid,2021-04-24
P05868,Female,1945-04-01,OH,Medicare,2021-05-11
P05869,Male,1984-12-19,GA,Commercial,2020-11-18
P05870,Male,1965-03-24,FL,Commercial,2021-07-10
P05871,Male,1935-09-15,AZ,Medicare,2020-05-10
P05872,Male,2022-04-27,NC,Commercial,2022-04-26
P05873,Female,2018-01-14,CA,Commercial,2020-02-27
P05874,Female,1990-11-18,TX,Commercial,2022-04-17
P05875,Male,1967-08-22,AZ,Commercial,2021-08-16
P05876,Male,2020-02-19,GA,Commercial,2023-08-30
P05877,Male,1934-11-10,FL,Medicare,2019-07-03
P05878,Male,1973-09-27,TX,Commercial,2020-07-27
P05879,Female,1954-06-14,NC,Medicare,2022-10-03
P05880,Female,2010-01-02,GA,Commercial,2023-10-11
P05881,Male,2023-09-16,TX,Commercial,2019-09-30
P05882,Female,1987-08-14,NY,Commercial,2023-12-30
P05883,Female,1952-03-16,CA,Medicare,2021-08-05
P05884,Female,1964-11-18,FL,Medicaid,2023-11-06
P05885,Female,2018-09-03,CA,Commercial,2020-07-15
P05886,Male,1981-09-07,TX,Commercial,2022-12-26
P05887,Female,1972-08-07,TX,Commercial,2021-11-13
P05888,Female,2012-06-05,FL,Commercial,2021-02-25
P05889,Male,2007-10-13,AZ,Medicaid,2022-02-24
P05890,Male,1972-08-11,NC,Commercial,2020-08-06
P05891,Male,2017-01-31,FL,Medicaid,2021-06-18
P05892,Male,1934-03-04,TX,Medicare,2021-11-25
P05893,Male,1942-01-16,FL,Medicare,2022-05-23
P05894,Male,2023-04-27,CA,Medicaid,2021-12-17
P05895,Female,1994-06-02,NC,Commercial,2022-05-25
P05896,Female,1937-10-15,FL,Medicare,2021-02-13
P05897,Female,2001-11-04,IL,Commercial,2020-03-07
P05898,Male,1971-06-19,TX,Medicaid,2021-01-07
P05899,Male,1952-08-06,GA,Medicare,2023-11-04
P05900,Male,1996-03-19,FL,Commercial,2019-10-12
P05901,Male,2012-12-28,FL,Medicaid,2020-01-28
P05902,Male,1974-02-09,PA,Commercial,2019-11-29
P05903,Female,1987-10-31,NY,Commercial,2023-10-02
P05904,Female,1934-08-09,OH,Medicare,2019-11-21
P05905,Male,2017-08-23,GA,Commercial,2021-09-01
P05906,Female,1994-01-28,TX,Medicaid,2019-10-14
P05907,Male,1945-04-13,TX,Medicare,2020-02-05
P05908,Female,1939-12-19,NY,Medicare,2019-08-10
P05909,Female,1962-02-23,FL,Commercial,2023-05-24
P05910,Male,1976-04-29,FL,Commercial,2021-03-24
P05911,Female,2018-12-07,AZ,Medicaid,2020-05-12
P05912,Male,2000-03-21,NC,Commercial,2021-01-10
P05913,Female,1956-12-19,FL,Medicare,2019-12-12
P05914,Female,2012-07-29,OH,Commercial,2020-05-14
P05915,Male,1974-11-02,TX,Commercial,2023-10-28
P05916,Female,1944-12-27,OH,Medicare,2023-01-03
P05917,Male,1954-06-10,IL,Medicare,2020-10-31
P05918,Female,1946-04-25,FL,Medicare,2022-03-15
P05919,Male,1980-07-09,AZ,Medicaid,2022-03-22
P05920,Female,2005-08-28,FL,Commercial,2019-06-11
P05921,Female,2023-06-28,GA,Commercial,2023-07-22
P05922,Male,2008-11-06,CA,Commercial,2021-05-22
P05923,Male,1934-12-13,NC,Medicare,2022-06-12
P05924,Male,2015-11-05,FL,Commercial,2023-09-29
P05925,Male,1935-12-13,FL,Medicare,2022-02-16
P05926,Male,2020-03-26,GA,Commercial,2021-12-22
P05927,Female,1988-05-23,TX,Medicaid,2021-09-24
P05928,Male,1960-10-24,TX,Medicaid,2023-03-14
P05929,Male,2002-06-06,FL,Medicaid,2020-05-13
P05930,Male,1989-07-08,AZ,Commercial,2022-03-22
P05931,Male,2019-11-22,OH,Medicaid,2021-02-19
P05932,Female,1976-01-12,AZ,Commercial,2021-04-12
P05933,Male,1960-01-24,FL,Commercial,2021-03-07
P05934,Male,1973-03-30,FL,Commercial,2021-06-24
P05935,Female,2014-03-11,NY,Commercial,2022-07-01
P05936,Male,1934-06-15,CA,Medicare,2021-07-20
P05937,Male,1976-03-13,CA,Commercial,2021-05-09
P05938,Male,1972-06-22,FL,Commercial,2023-11-29
P05939,Male,1948-11-01,PA,Medicare,2020-05-20
P05940,Female,1961-10-31,NY,Medicaid,2021-10-11
P05941,Female,1958-02-23,TX,Medicare,2022-07-16
P05942,Female,1944-07-22,NY,Medicare,2023-11-10
P05943,Male,1991-04-10,FL,Commercial,2022-06-24
P05944,Female,1977-11-09,GA,Medicaid,2021-12-24
P05945,Male,1985-07-21,AZ,Commercial,2019-10-28
P05946,Male,1995-12-02,CA,Commercial,2020-10-08
P05947,Male,1971-10-13,FL,Commercial,2021-11-29
P05948,Female,1948-11-22,GA,Medicare,2023-05-17
P05949,Female,1970-10-17,FL,Commercial,2022-08-18
P05950,Male,1943-05-25,IL,Medicare,2019-06-03
P05951,Male,1996-12-30,OH,Commercial,2023-05-13
P05952,Female,1975-10-23,CA,Commercial,2020-11-07
P05953,Female,1967-04-24,AZ,Commercial,2021-06-02
P05954,Male,2000-11-07,TX,Commercial,2022-11-30
P05955,Male,1975-06-13,PA,Commercial,2019-08-21
P05956,Male,1953-02-18,Unknown,Medicare,2022-01-12
P05957,Female,1947-03-23,PA,Medicare,2020-09-12
P05958,Male,1965-11-17,IL,Commercial,2023-07-09
P05959,Female,1935-11-09,NY,Medicare,2019-03-06
P05960,Male,1984-04-18,FL,Commercial,2023-11-22
P05961,Female,2005-08-27,FL,Commercial,2022-06-14
P05962,Female,2022-08-01,GA,Commercial,2019-06-05
P05963,Female,1994-07-10,GA,Commercial,2020-10-24
P05964,Female,1977-06-03,TX,Commercial,2020-08-17
P05965,Female,1950-07-21,NY,Medicare,2022-06-07
P05966,Male,1963-12-24,FL,Commercial,2020-02-09
P05967,Female,1940-11-27,IL,Medicare,2019-05-07
P05968,Male,1982-12-31,FL,Commercial,2020-11-22
P05969,Female,1949-09-26,FL,Medicare,2022-11-29
P05970,Female,1940-03-08,FL,Medicare,2019-06-22
P05971,Female,1977-01-11,AZ,Commercial,2023-12-25
P05972,Male,1970-07-11,TX,Commercial,2019-07-11
P05973,Female,1950-12-22,FL,Medicare,2023-12-15
P05974,Male,1968-12-05,FL,Medicaid,2023-09-17
P05975,Female,2017-03-09,TX,Medicaid,2023-10-17
P05976,Female,2001-08-28,AZ,Commercial,2023-01-21
P05977,Female,1951-02-14,CA,Medicare,2020-05-14
P05978,Male,1993-06-30,TX,Commercial,2022-01-09
P05979,Female,2023-02-15,TX,Commercial,2023-08-10
P05980,Female,1935-11-13,FL,Medicare,2022-04-19
P05981,Female,1944-02-22,NY,Medicare,2019-01-07
P05982,Female,1943-06-16,TX,Medicare,2021-05-17
P05983,Female,2022-07-25,NC,Medicaid,2020-05-11
P05984,Male,2014-06-22,FL,Commercial,2022-09-02
P05985,Male,1943-09-04,FL,Medicare,2021-05-26
P05986,Female,2012-05-25,CA,Commercial,2020-01-07
P05987,Female,1990-03-25,OH,Commercial,2020-08-19
P05988,Female,2001-03-11,NY,Commercial,2023-12-19
P05989,Male,2010-01-08,OH,Medicaid,2020-12-20
P05990,Male,1973-08-03,PA,Commercial,2020-01-18
P05991,Female,2021-03-26,IL,Commercial,2023-04-30
P05992,Male,1937-02-10,TX,Medicare,2022-01-14
P05993,Female,2014-12-25,IL,Medicaid,2020-10-11
P05994,Female,1986-07-11,NC,Medicaid,2023-12-23
P05995,Male,1956-04-20,CA,Medicare,2020-06-13
P05996,Male,2016-07-18,CA,Commercial,2019-10-09
P05997,Male,1958-11-25,FL,Medicare,2021-05-16
P05998,Male,2004-05-06,CA,Medicaid,2021-10-08
P05999,Male,1975-08-06,OH,Medicaid,2023-07-18
P06000,Female,1968-05-20,AZ,Medicaid,2020-05-19
P06001,Female,2008-12-31,TX,Commercial,2019-04-16
P06002,Female,2001-12-27,AZ,Commercial,2019-08-12
P06003,Male,1944-05-25,FL,Medicare,2021-04-03
P06004,Female,2017-01-07,AZ,Commercial,2023-10-31
P06005,Female,2016-05-12,CA,Commercial,2022-07-29
P06006,Female,2004-01-22,NC,Commercial,2022-09-10
P06007,Female,1953-02-25,CA,Medicare,2023-12-19
P06008,Male,1971-09-21,AZ,Medicaid,2023-05-30
P06009,Female,1938-11-24,FL,Medicare,2021-02-16
P06010,Male,1991-06-12,TX,Medicaid,2023-07-07
P06011,Male,1950-05-19,PA,Medicare,2023-10-23
P06012,Female,1955-03-26,FL,Medicare,2019-04-12
P06013,Male,1965-06-24,CA,Commercial,2020-12-24
P06014,Female,1938-01-30,NY,Medicare,2019-12-23
P06015,Male,2006-02-26,OH,Commercial,2022-10-05
P06016,Male,1962-06-01,IL,Commercial,2022-03-07
P06017,Female,1982-06-13,GA,Commercial,2020-12-13
P06018,Female,1995-12-26,NC,Medicaid,2020-07-26
P06019,Male,1958-03-21,CA,Medicare,2022-03-01
P06020,Female,1995-04-28,NC,Medicaid,2019-05-30
P06021,Male,1972-02-08,GA,Medicaid,2020-06-27
P06022,Female,2014-11-28,GA,Medicaid,2022-11-25
P06023,Female,2012-11-08,CA,Commercial,2023-07-06
P06024,Male,2004-05-01,FL,Medicaid,2023-12-07
P06025,Female,1992-07-06,NC,Medicaid,2019-10-13
P06026,Male,1971-06-01,FL,Medicaid,2019-11-20
P06027,Male,2010-07-26,IL,Commercial,2021-08-11
P06028,Male,1972-05-12,PA,Commercial,2020-05-23
P06029,Female,1965-05-05,CA,Medicaid,2019-08-03
P06030,Male,1995-10-24,IL,Commercial,2023-03-15
P06031,Male,1961-03-29,AZ,Commercial,2019-02-07
P06032,Male,1965-07-04,OH,Commercial,2021-07-22
P06033,Male,1972-06-04,CA,Commercial,2021-10-24
P06034,Female,1999-05-21,NY,Commercial,2023-03-15
P06035,Female,2004-04-04,PA,Medicaid,2020-08-22
P06036,Male,1967-09-14,NC,Medicaid,2020-12-28
P06037,Female,1995-12-30,NY,Medicaid,2023-11-08
P06038,Female,2021-10-26,NY,Commercial,2020-10-07
P06039,Female,1977-01-13,Unknown,Commercial,2023-04-18
P06040,Male,2001-10-11,OH,Commercial,2022-08-15
P06041,Male,1963-10-02,PA,Commercial,2020-12-11
P06042,Male,1968-02-22,FL,Commercial,2020-02-06
P06043,Female,1948-10-06,FL,Medicare,2023-05-02
P06044,Female,1965-07-15,AZ,Medicaid,2021-08-20
P06045,Female,1941-08-18,FL,Medicare,2022-07-30
P06046,Male,1974-05-04,NC,Commercial,2020-06-21
P06047,Female,2006-05-28,NY,Commercial,2019-11-12
P06048,Male,1980-06-27,NY,Commercial,2020-10-21
P06049,Female,1967-07-02,FL,Commercial,2020-01-12
P06050,Male,1952-03-02,FL,Medicare,2021-10-01
P06051,Male,1995-06-03,CA,Commercial,2021-01-05
P06052,Male,1940-06-29,TX,Medicare,2022-07-16
P06053,Male,1998-02-11,OH,Medicaid,2019-01-24
P06054,Male,2007-11-28,AZ,Commercial,2022-12-25
P06055,Male,1980-03-02,PA,Commercial,2019-05-26
P06056,Female,1993-10-20,TX,Commercial,2020-04-10
P06057,Male,2009-09-01,NY,Commercial,2019-01-26
P06058,Male,1946-12-27,FL,Medicare,2020-10-17
P06059,Female,2003-06-07,NC,Medicaid,2022-03-30
P06060,Female,1985-03-03,NY,Medicaid,2022-08-07
P06061,Male,1953-08-14,PA,Medicare,2023-02-08
P06062,Male,1966-05-03,CA,Commercial,2019-03-04
P06063,Male,1968-08-10,FL,Commercial,2023-06-21
P06064,Female,1993-03-29,TX,Commercial,2019-12-15
P06065,Male,1977-01-01,NC,Commercial,2020-07-06
P06066,Female,2012-04-15,PA,Medicaid,2023-05-15
P06067,Female,1959-08-30,TX,Commercial,2019-06-05
P06068,Male,2010-03-06,NC,Commercial,2023-03-11
P06069,Female,1967-12-19,FL,Commercial,2023-03-14
P06070,Female,1969-01-05,IL,Commercial,2021-04-14
P06071,Female,2012-02-29,CA,Medicaid,2023-06-27
P06072,Female,2023-05-08,OH,Commercial,2023-06-29
P06073,Female,1976-05-19,TX,Commercial,2020-11-18
P06074,Female,1967-10-01,IL,Commercial,2019-03-09
P06075,Female,1977-07-27,NC,Medicaid,2023-09-26
P06076,Male,1947-11-25,FL,Medicare,2020-10-24
P06077,Female,1954-08-30,CA,Medicare,2020-12-29
P06078,Male,1998-05-30,GA,Commercial,2023-09-03
P06079,Male,1964-08-21,PA,Commercial,2023-04-04
P06080,Female,1971-03-26,OH,Medicaid,2021-10-14
P06081,Female,1972-02-24,NY,Commercial,2020-07-15
P06082,Female,1997-06-10,TX,Commercial,2022-11-22
P06083,Male,1951-08-30,PA,Medicare,2021-10-31
P06084,Male,1970-09-12,PA,Commercial,2021-07-20
P06085,Female,2016-06-15,NY,Commercial,2020-06-11
P06086,Female,2017-04-13,NC,Medicaid,2022-10-08
P06087,Female,2019-11-16,GA,Commercial,2020-07-23
P06088,Male,1990-07-21,TX,Commercial,2019-11-05
P06089,Female,2019-07-25,IL,Commercial,2021-02-02
P06090,Male,1943-09-19,NC,Medicare,2020-05-25
P06091,Male,2013-10-06,FL,Commercial,2023-03-02
P06092,Male,1966-02-28,NY,Commercial,2019-06-22
P06093,Female,1938-07-27,TX,Medicare,2022-07-01
P06094,Female,1935-06-05,GA,Medicare,2023-01-05
P06095,Female,1978-12-18,AZ,Medicaid,2021-04-06
P06096,Male,2001-09-19,FL,Commercial,2022-01-28
P06097,Female,2006-10-11,TX,Commercial,2021-09-12
P06098,Female,1949-09-03,PA,Medicare,2019-12-24
P06099,Female,1940-02-28,FL,Medicare,2021-04-28
P06100,Male,1960-06-06,TX,Commercial,2022-02-18
P06101,Male,1941-02-05,CA,Medicare,2020-01-02
P06102,Male,1968-07-30,TX,Commercial,2022-02-09
P06103,Male,2010-03-25,TX,Medicaid,2019-03-20
P06104,Male,1968-11-03,CA,Medicaid,2019-01-28
P06105,Male,1962-03-09,AZ,Commercial,2021-08-28
P06106,Female,1990-05-23,PA,Medicaid,2020-02-25
P06107,Female,1990-12-17,FL,Medicaid,2020-06-18
P06108,Male,1987-04-25,CA,Commercial,2019-09-14
P06109,Male,2019-07-11,CA,Commercial,2021-09-12
P06110,Male,1950-12-31,TX,Medicare,2021-12-20
P06111,Female,1976-02-26,GA,Commercial,2022-08-15
P06112,Male,1967-06-20,CA,Commercial,2021-01-27
P06113,Female,2016-05-24,TX,Commercial,2020-12-04
P06114,Male,1971-06-05,IL,Medicaid,2021-10-01
P06115,Female,2000-11-28,FL,Commercial,2022-06-14
P06116,Female,1952-09-01,FL,Medicare,2021-10-02
P06117,Female,1959-04-20,IL,Commercial,2021-06-29
P06118,Female,1966-08-30,IL,Commercial,2023-05-13
P06119,Female,1964-02-11,TX,Medicaid,2020-09-14
P06120,Male,2016-09-07,OH,Commercial,2019-10-18
P06121,Male,2002-07-17,PA,Commercial,2022-05-24
P06122,Male,2004-07-22,GA,Commercial,2022-01-19
P06123,Male,1952-12-25,CA,Medicare,2023-07-16
P06124,Male,1960-03-10,NC,Commercial,2021-02-04
P06125,Male,1979-11-13,TX,Commercial,2021-11-12
P06126,Female,1988-07-13,IL,Commercial,2019-09-20
P06127,Female,1971-02-04,AZ,Commercial,2019-06-21
P06128,Male,2012-01-04,NY,Commercial,2020-02-20
P06129,Female,1949-10-08,FL,Medicare,2022-12-14
P06130,Male,1991-08-17,IL,Commercial,2023-01-05
P06131,Male,2010-06-08,NY,Commercial,2021-07-29
P06132,Female,1950-04-20,FL,Medicare,2020-11-29
P06133,Female,1950-10-01,NC,Medicare,2023-11-05
P06134,Male,1970-06-14,NC,Commercial,2021-07-11
P06135,Male,1969-03-02,FL,Commercial,2023-07-27
P06136,Female,1971-03-29,GA,Commercial,2022-09-14
P06137,Male,1993-03-06,PA,Medicaid,2022-03-17
P06138,Female,2020-02-11,AZ,Commercial,2023-10-19
P06139,Female,1961-02-20,TX,Commercial,2022-09-10
P06140,Male,1994-06-28,FL,Commercial,2020-11-08
P06141,Female,1982-01-10,TX,Commercial,2019-01-06
P06142,Male,2022-07-04,NY,Commercial,2020-02-08
P06143,Female,1966-04-17,TX,Commercial,2022-06-21
P06144,Male,1955-01-22,CA,Medicare,2019-04-19
P06145,Male,1955-12-17,FL,Medicare,2021-10-20
P06146,Male,1936-01-26,PA,Medicare,2022-03-25
P06147,Male,1948-03-07,PA,Medicare,2019-10-08
P06148,Male,1983-01-03,OH,Commercial,2022-01-03
P06149,Male,2014-03-24,TX,Medicaid,2020-04-23
P06150,Male,1934-11-04,CA,Medicare,2023-03-10
P06151,Female,1993-09-12,TX,Medicaid,2022-05-05
P06152,Female,1950-12-30,TX,Medicare,2019-01-31
P06153,Female,2018-05-24,NC,Commercial,2022-10-13
P06154,Male,1987-07-26,PA,Commercial,2019-10-04
P06155,Female,1979-07-12,PA,Commercial,2021-09-02
P06156,Male,1977-04-08,GA,Commercial,2019-03-21
P06157,Female,1974-03-07,CA,Commercial,2021-12-03
P06158,Female,1983-12-06,GA,Commercial,2021-07-11
P06159,Male,1978-01-31,CA,Commercial,2022-01-11
P06160,Male,2018-08-17,TX,Medicaid,2022-12-15
P06161,Female,1953-04-01,OH,Medicare,2019-10-15
P06162,Male,1941-06-02,IL,Medicare,2021-02-19
P06163,Female,1988-07-23,GA,Commercial,2021-06-24
P06164,Female,1941-10-15,PA,Medicare,2022-02-21
P06165,Female,1960-10-23,OH,Medicaid,2020-02-22
P06166,Female,1953-04-09,CA,Medicare,2022-04-07
P06167,Female,1942-09-05,NY,Medicare,2022-10-25
P06168,Female,1974-10-09,TX,Commercial,2023-08-04
P06169,Male,1982-12-29,GA,Commercial,2019-08-22
P06170,Male,1950-02-28,FL,Medicare,2023-08-21
P06171,Female,2001-08-09,NC,Medicaid,2019-10-13
P06172,Male,1970-08-26,GA,Commercial,2022-02-09
P06173,Male,1969-08-18,NY,Commercial,2023-12-28
P06174,Female,2014-05-27,IL,Commercial,2019-05-17
P06175,Female,1998-07-09,NC,Commercial,2020-04-19
P06176,Female,1973-06-16,FL,Medicaid,2020-05-22
P06177,Male,1945-09-21,NC,Medicare,2021-04-07
P06178,Female,2012-09-14,GA,Commercial,2020-03-14
P06179,Female,2013-02-20,OH,Commercial,2023-05-04
P06180,Female,1989-07-24,FL,Commercial,2022-10-31
P06181,Female,1994-01-10,FL,Commercial,2021-04-14
P06182,Female,1944-02-27,IL,Medicare,2020-05-01
P06183,Male,2015-04-17,GA,Medicaid,2021-01-23
P06184,Male,1952-06-14,FL,Medicare,2021-12-21
P06185,Female,1971-03-02,GA,Commercial,2020-08-23
P06186,Female,1941-12-11,TX,Medicare,2023-09-15
P06187,Female,1934-07-02,PA,Medicare,2021-06-18
P06188,Female,1972-04-15,FL,Commercial,2022-01-11
P06189,Male,1946-11-22,FL,Medicare,2021-07-06
P06190,Male,1957-10-26,PA,Medicare,2023-05-07
P06191,Male,2013-12-08,GA,Medicaid,2019-06-28
P06192,Female,1961-07-07,FL,Commercial,2019-09-26
P06193,Male,1961-06-17,FL,Commercial,2019-04-17
P06194,Male,1977-07-13,IL,Commercial,2019-10-21
P06195,Female,1965-12-11,NY,Commercial,2020-09-06
P06196,Male,1984-07-07,CA,Commercial,2022-07-26
P06197,Male,1945-02-10,CA,Medicare,2023-06-07
P06198,Male,1970-12-20,NY,Commercial,2020-12-11
P06199,Female,2021-03-23,OH,Commercial,2019-04-10
P06200,Female,2009-09-23,IL,Medicaid,2022-03-09
P06201,Male,1940-12-04,CA,Medicare,2019-01-15
P06202,Female,1982-12-13,PA,Commercial,2023-03-26
P06203,Male,1944-12-27,FL,Medicare,2022-08-02
P06204,Female,1998-08-02,NY,Commercial,2020-10-03
P06205,Female,1991-07-04,CA,Commercial,2021-07-16
P06206,Male,1941-05-19,GA,Medicare,2020-03-15
P06207,Male,1990-12-02,FL,Commercial,2022-04-12
P06208,Female,2022-05-07,FL,Commercial,2020-02-18
P06209,Male,1979-04-06,GA,Commercial,2022-07-01
P06210,Male,1996-12-08,PA,Medicaid,2023-04-04
P06211,Male,2016-04-29,FL,Commercial,2021-02-28
P06212,Female,1954-11-18,CA,Medicare,2021-06-10
P06213,Male,2006-07-24,FL,Commercial,2021-03-03
P06214,Male,1938-05-04,CA,Medicare,2023-11-19
P06215,Male,1961-02-17,GA,Commercial,2021-12-12
P06216,Male,2008-06-21,FL,Commercial,2023-07-21
P06217,Female,1938-07-26,NY,Medicare,2019-12-25
P06218,Female,1947-03-03,GA,Medicare,2023-08-07
P06219,Female,1963-10-15,TX,Commercial,2019-05-07
P06220,Female,1968-10-18,CA,Commercial,2023-09-19
P06221,Male,1969-07-14,IL,Commercial,2020-12-13
P06222,Male,2010-11-18,CA,Commercial,2022-05-02
P06223,Male,1939-12-24,NY,Medicare,2023-06-13
P06224,Male,2000-08-21,CA,Commercial,2022-03-20
P06225,Male,1941-11-06,NY,Medicare,2023-10-21
P06226,Male,1959-05-14,CA,Commercial,2020-07-07
P06227,Female,1984-06-14,CA,Commercial,2019-08-26
P06228,Male,1964-07-07,NY,Commercial,2022-05-09
P06229,Female,1989-07-03,OH,Commercial,2021-10-22
P06230,Female,2021-11-26,TX,Commercial,2023-04-20
P06231,Male,1967-08-08,FL,Medicaid,2021-08-05
P06232,Male,1989-12-05,CA,Commercial,2019-04-09
P06233,Female,2021-08-24,OH,Medicaid,2021-04-24
P06234,Male,2019-04-29,OH,Commercial,2019-08-18
P06235,Male,1976-01-06,GA,Commercial,2020-02-08
P06236,Female,1963-09-15,CA,Commercial,2023-05-20
P06237,Male,1978-09-26,AZ,Commercial,2023-09-27
P06238,Male,1947-05-02,FL,Medicare,2022-03-10
P06239,Male,2004-01-31,NY,Medicaid,2019-04-22
P06240,Female,1941-09-15,TX,Medicare,2023-03-01
P06241,Female,1942-03-01,OH,Medicare,2023-10-12
P06242,Female,2006-09-08,TX,Commercial,2019-03-18
P06243,Female,2015-05-13,NC,Commercial,2023-01-05
P06244,Male,1944-10-16,FL,Medicare,2022-03-23
P06245,Male,2009-09-27,FL,Commercial,2020-02-08
P06246,Female,2014-01-06,FL,Commercial,2023-07-06
P06247,Female,2006-08-11,GA,Medicaid,2023-02-23
P06248,Female,1972-12-26,PA,Medicaid,2020-05-15
P06249,Female,1954-03-25,FL,Medicare,2023-12-20
P06250,Male,1992-11-15,FL,Commercial,2020-06-12
P06251,Male,1985-11-21,PA,Medicaid,2021-04-17
P06252,Female,1987-03-02,TX,Commercial,2022-10-19
P06253,Female,1991-08-27,CA,Commercial,2020-12-08
P06254,Male,1969-11-11,FL,Commercial,2022-05-25
P06255,Female,1976-01-10,IL,Medicaid,2019-04-06
P06256,Male,2011-09-21,NY,Medicaid,2021-12-05
P06257,Male,1954-05-14,FL,Medicare,2020-04-06
P06258,Female,2012-09-27,CA,Commercial,2022-08-31
P06259,Male,2018-06-02,TX,Commercial,2019-11-03
P06260,Male,1996-04-21,TX,Commercial,2022-07-23
P06261,Female,1998-03-30,TX,Medicaid,2021-06-18
P06262,Female,1972-08-03,NY,Commercial,2019-12-31
P06263,Male,1978-05-21,CA,Commercial,2019-05-17
P06264,Female,1951-03-01,FL,Medicare,2020-03-30
P06265,Male,1991-03-01,OH,Commercial,2020-08-31
P06266,Female,1972-04-03,FL,Medicaid,2020-07-16
P06267,Female,1976-08-08,NC,Commercial,2021-12-21
P06268,Male,1991-06-22,FL,Medicaid,2020-07-27
P06269,Male,1983-01-13,NY,Commercial,2021-02-17
P06270,Male,1987-10-03,CA,Commercial,2021-05-24
P06271,Female,2008-04-23,CA,Commercial,2022-06-09
P06272,Male,1987-03-18,OH,Commercial,2022-04-01
P06273,Female,1940-07-09,NY,Medicare,2023-05-21
P06274,Male,2020-02-19,IL,Commercial,2020-05-27
P06275,Female,1978-07-28,AZ,Commercial,2023-11-22
P06276,Male,1935-03-02,AZ,Medicare,2023-06-03
P06277,Male,2023-05-11,TX,Commercial,2022-07-16
P06278,Female,1946-12-13,FL,Medicare,2023-04-19
P06279,Female,1957-03-06,NC,Medicare,2020-04-03
P06280,Female,1997-04-21,GA,Commercial,2023-05-16
P06281,Male,1938-10-11,OH,Medicare,2021-09-20
P06282,Male,1987-04-20,FL,Commercial,2020-05-04
P06283,Male,1983-06-29,OH,Commercial,2021-01-21
P06284,Female,1962-01-21,FL,Commercial,2021-01-17
P06285,Female,1981-09-11,PA,Medicaid,2022-04-13
P06286,Female,1940-09-26,CA,Medicare,2021-10-02
P06287,Female,1956-12-10,FL,Medicare,2020-03-03
P06288,Male,1994-03-19,NY,Medicaid,2021-08-15
P06289,Female,1993-01-06,NY,Commercial,2020-07-03
P06290,Female,2000-04-24,PA,Medicaid,2019-11-13
P06291,Female,1948-08-19,NY,Medicare,2022-10-11
P06292,Female,2017-02-14,CA,Medicaid,2023-05-24
P06293,Male,2014-09-30,TX,Medicaid,2021-09-08
P06294,Female,1962-04-22,NC,Medicaid,2022-02-01
P06295,Male,1998-05-28,FL,Commercial,2023-04-03
P06296,Female,1957-02-23,AZ,Medicare,2020-03-15
P06297,Female,2002-01-11,CA,Medicaid,2020-11-19
P06298,Female,1956-08-22,PA,Medicare,2020-09-18
P06299,Male,1992-11-27,OH,Commercial,2020-06-16
P06300,Female,1962-11-04,GA,Medicaid,2021-10-29
P06301,Male,1987-04-07,GA,Commercial,2021-06-14
P06302,Male,2021-08-21,GA,Commercial,2022-11-18
P06303,Male,1950-11-10,GA,Medicare,2020-05-07
P06304,Male,1960-03-09,FL,Commercial,2019-04-10
P06305,Female,1950-05-09,PA,Medicare,2019-08-21
P06306,Female,1969-11-13,NY,Commercial,2021-12-18
P06307,Male,1939-04-16,CA,Medicare,2023-10-02
P06308,Male,2010-05-13,NY,Medicaid,2019-08-13
P06309,Female,1987-01-07,FL,Commercial,2021-02-16
P06310,Female,1953-01-05,TX,Medicare,2020-02-12
P06311,Female,1972-01-10,GA,Commercial,2022-07-01
P06312,Male,1972-02-09,IL,Medicaid,2019-09-12
P06313,Female,2020-03-17,NC,Medicaid,2019-10-25
P06314,Male,2003-05-02,FL,Commercial,2023-12-02
P06315,Female,1953-06-16,NC,Medicare,2021-03-07
P06316,Male,1936-03-17,CA,Medicare,2021-08-13
P06317,Female,1945-01-13,FL,Medicare,2020-09-18
P06318,Female,1954-11-19,FL,Medicare,2022-09-15
P06319,Male,2011-11-13,FL,Commercial,2023-07-07
P06320,Male,1952-07-02,PA,Medicare,2022-08-19
P06321,Female,1972-09-15,PA,Commercial,2021-05-18
P06322,Male,2016-06-20,CA,Commercial,2022-08-27
P06323,Female,1966-09-09,FL,Medicaid,2021-09-07
P06324,Female,2007-03-22,TX,Commercial,2022-01-21
P06325,Female,1951-02-08,TX,Medicare,2020-07-14
P06326,Female,1975-09-20,GA,Commercial,2021-12-13
P06327,Male,2012-03-25,CA,Medicaid,2023-04-13
P06328,Male,1934-11-23,FL,Medicare,2020-10-31
P06329,Female,2001-03-16,FL,Commercial,2022-12-09
P06330,Male,1991-04-22,CA,Commercial,2022-07-02
P06331,Female,1993-04-16,GA,Commercial,2020-06-21
P06332,Female,2011-07-06,Unknown,Medicaid,2022-08-22
P06333,Female,1937-11-22,OH,Medicare,2023-09-11
P06334,Male,2011-02-28,CA,Commercial,2022-03-14
P06335,Female,1958-11-21,AZ,Medicare,2022-01-23
P06336,Male,1981-07-09,CA,Commercial,2020-07-28
P06337,Male,1993-10-29,OH,Commercial,2020-06-16
P06338,Male,2016-02-27,CA,Commercial,2024-01-01
P06339,Male,2002-06-05,OH,Commercial,2020-03-21
P06340,Male,1938-06-29,TX,Medicare,2020-04-08
P06341,Male,2005-09-07,TX,Medicaid,2023-02-19
P06342,Male,1997-03-21,TX,Medicaid,2022-04-23
P06343,Female,1975-10-17,CA,Medicaid,2020-03-03
P06344,Female,1980-04-12,TX,Commercial,2021-02-14
P06345,Male,1978-01-12,AZ,Commercial,2022-04-22
P06346,Female,1938-09-25,CA,Medicare,2020-03-13
P06347,Male,1992-04-25,TX,Medicaid,2020-11-05
P06348,Male,1934-09-10,NY,Medicare,2021-06-13
P06349,Female,1967-01-27,OH,Commercial,2023-12-21
P06350,Female,1943-02-07,OH,Medicare,2020-10-07
P06351,Female,1950-09-08,CA,Medicare,2023-02-07
P06352,Female,1965-10-08,FL,Medicaid,2019-05-29
P06353,Male,1938-12-01,PA,Medicare,2023-01-22
P06354,Female,2006-04-21,IL,Commercial,2023-11-08
P06355,Female,1991-01-31,PA,Commercial,2022-02-14
P06356,Male,2021-11-09,NC,Commercial,2022-04-04
P06357,Female,2016-03-09,Unknown,Commercial,2022-03-30
P06358,Female,1987-04-01,AZ,Medicaid,2019-05-16
P06359,Female,1936-07-12,FL,Medicare,2022-08-18
P06360,Male,2009-10-11,FL,Commercial,2019-10-26
P06361,Female,2004-05-07,CA,Commercial,2023-03-11
P06362,Female,1953-05-29,NY,Medicare,2020-12-02
P06363,Female,1937-03-10,OH,Medicare,2023-05-08
P06364,Male,1971-06-10,CA,Commercial,2022-11-09
P06365,Male,1980-12-14,FL,Medicaid,2023-04-06
P06366,Female,1972-10-18,CA,Commercial,2022-05-08
P06367,Male,1963-08-16,PA,Commercial,2021-09-14
P06368,Male,1984-07-05,PA,Commercial,2019-09-19
P06369,Male,1945-08-26,FL,Medicare,2020-03-22
P06370,Male,1957-02-14,TX,Medicare,2020-07-06
P06371,Male,1987-09-21,FL,Medicaid,2021-07-23
P06372,Female,1993-04-27,OH,Commercial,2022-07-29
P06373,Female,1996-08-22,CA,Medicaid,2022-07-09
P06374,Male,1934-01-03,NY,Medicare,2023-05-05
P06375,Female,1961-01-31,GA,Commercial,2020-09-06
P06376,Female,1970-03-20,OH,Commercial,2020-02-07
P06377,Male,1978-03-27,OH,Commercial,2021-04-07
P06378,Male,2009-05-11,NY,Medicaid,2021-02-14
P06379,Female,1963-06-01,FL,Commercial,2022-02-21
P06380,Male,2012-06-09,NY,Commercial,2019-03-10
P06381,Female,1958-12-22,IL,Medicare,2019-07-27
P06382,Male,2019-01-24,CA,Medicaid,2021-12-21
P06383,Male,1943-01-08,OH,Medicare,2020-03-25
P06384,Male,1955-06-23,GA,Medicare,2022-04-05
P06385,Male,1972-02-18,TX,Commercial,2023-05-21
P06386,Male,2002-08-07,FL,Medicaid,2022-07-20
P06387,Male,1961-11-21,TX,Commercial,2019-11-01
P06388,Female,2004-03-02,FL,Commercial,2021-08-05
P06389,Female,1989-06-29,NY,Medicaid,2019-09-05
P06390,Female,1985-01-22,TX,Commercial,2022-05-23
P06391,Female,1970-10-15,PA,Commercial,2021-09-14
P06392,Male,1943-07-11,TX,Medicare,2023-08-21
P06393,Female,1967-05-03,GA,Commercial,2020-02-06
P06394,Male,1963-11-12,FL,Commercial,2022-06-11
P06395,Female,1952-01-03,GA,Medicare,2023-07-19
P06396,Female,1954-05-23,NC,Medicare,2022-11-28
P06397,Female,1946-10-30,CA,Medicare,2020-09-04
P06398,Female,2014-04-05,CA,Commercial,2019-12-05
P06399,Female,1952-02-15,PA,Medicare,2019-03-26
P06400,Male,1985-08-17,GA,Medicaid,2022-10-29
P06401,Female,2006-05-23,NY,Commercial,2021-01-19
P06402,Male,2017-04-03,FL,Commercial,2021-09-16
P06403,Female,1961-11-08,GA,Commercial,2020-06-05
P06404,Male,1955-06-22,TX,Medicare,2020-08-22
P06405,Male,1969-06-10,NC,Commercial,2023-08-26
P06406,Female,1941-09-13,PA,Medicare,2023-04-04
P06407,Female,1980-09-13,TX,Medicaid,2021-01-20
P06408,Male,1973-05-16,TX,Commercial,2021-05-07
P06409,Male,1949-04-01,IL,Medicare,2019-07-30
P06410,Female,2009-08-12,OH,Commercial,2019-10-08
P06411,Male,1959-11-09,NC,Commercial,2023-09-17
P06412,Female,1954-03-19,TX,Medicare,2021-01-31
P06413,Female,2005-10-29,TX,Commercial,2021-12-20
P06414,Female,1982-12-30,NC,Medicaid,2021-08-04
P06415,Male,1933-09-05,FL,Medicare,2023-09-05
P06416,Female,1968-03-08,CA,Commercial,2019-10-24
P06417,Male,1990-03-30,FL,Commercial,2023-03-06
P06418,Female,2003-09-12,CA,Commercial,2019-04-09
P06419,Female,1979-06-26,CA,Medicaid,2019-05-08
P06420,Female,1955-01-16,FL,Medicare,2019-11-25
P06421,Female,1999-04-14,TX,Commercial,2023-06-01
P06422,Male,1942-03-29,FL,Medicare,2021-12-17
P06423,Male,1937-11-30,OH,Medicare,2023-11-19
P06424,Female,1938-10-05,IL,Medicare,2020-12-11
P06425,Female,1970-11-24,TX,Commercial,2019-09-07
P06426,Female,1983-01-09,FL,Commercial,2021-05-15
P06427,Male,2021-08-29,IL,Commercial,2023-11-20
P06428,Female,1980-07-02,PA,Commercial,2022-06-27
P06429,Male,2004-06-13,OH,Commercial,2023-02-25
P06430,Female,2006-06-24,TX,Commercial,2021-10-29
P06431,Male,1996-12-12,FL,Commercial,2022-02-22
P06432,Male,1994-02-03,AZ,Commercial,2019-11-10
P06433,Male,1966-08-15,NY,Commercial,2022-11-24
P06434,Female,1995-01-31,TX,Medicaid,2022-07-02
P06435,Female,1934-03-27,OH,Medicare,2022-10-25
P06436,Female,1973-04-21,NC,Commercial,2019-07-23
P06437,Male,1946-04-19,FL,Medicare,2022-07-13
P06438,Female,2023-01-09,AZ,Commercial,2019-01-18
P06439,Male,1982-09-12,CA,Medicaid,2020-09-03
P06440,Male,1939-09-03,FL,Medicare,2022-06-21
P06441,Male,1986-05-01,FL,Commercial,2021-01-12
P06442,Female,2012-10-08,CA,Medicaid,2023-05-23
P06443,Female,1992-03-13,CA,Medicaid,2019-06-27
P06444,Male,1981-12-21,FL,Medicaid,2019-03-22
P06445,Male,1979-02-08,CA,Commercial,2022-07-15
P06446,Male,1979-08-28,TX,Commercial,2023-02-23
P06447,Female,1939-12-31,TX,Medicare,2021-11-11
P06448,Male,1991-05-27,AZ,Commercial,2020-02-24
P06449,Female,1955-09-23,GA,Medicare,2020-11-14
P06450,Male,1956-09-11,IL,Medicare,2023-10-22
P06451,Female,2002-07-09,TX,Commercial,2023-12-17
P06452,Female,2003-06-04,FL,Commercial,2022-10-29
P06453,Male,1979-11-13,FL,Commercial,2020-03-26
P06454,Female,2003-12-15,IL,Commercial,2022-09-14
P06455,Male,1937-07-16,FL,Medicare,2019-07-14
P06456,Female,1940-08-24,GA,Medicare,2022-07-08
P06457,Male,1962-06-02,TX,Commercial,2019-07-18
P06458,Female,1941-04-02,CA,Medicare,2019-05-30
P06459,Female,1947-05-22,TX,Medicare,2020-05-13
P06460,Female,1939-11-24,FL,Medicare,2023-02-16
P06461,Male,1996-01-03,NY,Commercial,2023-08-23
P06462,Male,1957-04-15,IL,Medicare,2023-02-19
P06463,Female,1950-12-14,IL,Medicare,2020-11-03
P06464,Female,1966-03-28,AZ,Commercial,2020-07-18
P06465,Female,1944-02-14,TX,Medicare,2019-01-29
P06466,Male,2007-06-08,FL,Medicaid,2019-03-31
P06467,Male,1993-03-03,FL,Commercial,2022-06-19
P06468,Male,1937-02-11,PA,Medicare,2022-01-21
P06469,Female,1965-01-14,OH,Medicaid,2020-02-22
P06470,Female,2021-01-17,CA,Medicaid,2020-02-21
P06471,Female,2008-10-22,NY,Commercial,2022-06-08
P06472,Male,1943-12-20,NY,Medicare,2023-11-06
P06473,Male,1984-05-08,NY,Medicaid,2023-07-09
P06474,Female,1947-04-29,TX,Medicare,2019-11-20
P06475,Male,2007-06-08,NY,Commercial,2022-04-05
P06476,Male,1983-10-07,GA,Commercial,2020-05-21
P06477,Female,1940-01-20,FL,Medicare,2020-01-01
P06478,Female,1976-08-05,GA,Commercial,2019-07-10
P06479,Male,2018-04-05,AZ,Commercial,2021-07-17
P06480,Male,2005-05-18,AZ,Commercial,2020-10-25
P06481,Female,1956-02-09,OH,Medicare,2023-01-10
P06482,Female,1984-04-16,PA,Commercial,2019-04-20
P06483,Female,1969-05-14,FL,Medicaid,2019-08-04
P06484,Male,1956-02-29,FL,Medicare,2022-01-20
P06485,Female,2023-12-13,FL,Medicaid,2022-03-02
P06486,Female,2018-04-18,FL,Medicaid,2020-05-05
P06487,Female,2000-06-01,OH,Commercial,2021-12-07
P06488,Male,1942-03-23,FL,Medicare,2020-05-17
P06489,Female,1992-10-11,IL,Commercial,2023-07-21
P06490,Female,1966-05-27,CA,Medicaid,2022-08-29
P06491,Female,2020-09-19,FL,Commercial,2020-02-07
P06492,Male,1946-11-19,PA,Medicare,2019-05-27
P06493,Male,2020-06-05,PA,Medicaid,2023-11-15
P06494,Male,1971-12-25,CA,Commercial,2020-02-10
P06495,Female,1967-11-29,FL,Medicaid,2023-08-28
P06496,Female,2004-06-21,TX,Commercial,2019-09-03
P06497,Female,2004-02-08,Unknown,Commercial,2022-09-26
P06498,Male,1986-04-14,Unknown,Commercial,2022-03-11
P06499,Male,1977-12-26,GA,Commercial,2020-06-02
P06500,Female,1945-11-22,PA,Medicare,2019-10-19
P06501,Female,2008-07-27,GA,Medicaid,2021-12-06
P06502,Female,1974-07-28,AZ,Commercial,2022-06-06
P06503,Male,1956-12-17,FL,Medicare,2019-02-08
P06504,Female,2014-09-29,PA,Medicaid,2019-03-08
P06505,Female,1950-11-15,FL,Medicare,2021-05-20
P06506,Female,1967-06-09,OH,Commercial,2023-11-19
P06507,Female,1967-05-06,PA,Medicaid,2019-02-28
P06508,Female,2008-08-11,TX,Commercial,2020-11-27
P06509,Male,1941-06-06,FL,Medicare,2021-03-29
P06510,Male,1946-10-19,AZ,Medicare,2023-06-11
P06511,Male,1938-02-24,AZ,Medicare,2019-01-15
P06512,Female,2019-12-31,OH,Commercial,2020-05-30
P06513,Male,1991-07-01,TX,Commercial,2022-11-30
P06514,Male,1953-09-05,FL,Medicare,2022-03-09
P06515,Male,2011-07-21,TX,Commercial,2022-04-14
P06516,Male,2011-06-27,NC,Commercial,2019-08-27
P06517,Male,1958-05-10,FL,Medicare,2021-08-17
P06518,Male,1946-01-26,FL,Medicare,2019-08-23
P06519,Female,1969-06-10,IL,Commercial,2020-07-25
P06520,Female,2012-10-09,NC,Commercial,2022-03-01
P06521,Female,2005-06-23,NC,Medicaid,2021-12-22
P06522,Male,2004-06-28,IL,Commercial,2019-12-15
P06523,Male,2010-02-19,NY,Commercial,2021-07-04
P06524,Male,1962-06-08,TX,Commercial,2020-08-06
P06525,Female,2010-02-18,IL,Commercial,2023-05-22
P06526,Female,1992-05-09,AZ,Medicaid,2021-11-14
P06527,Male,1987-06-07,FL,Commercial,2021-02-13
P06528,Male,2007-09-04,TX,Commercial,2022-04-15
P06529,Male,1940-09-29,TX,Medicare,2019-10-07
P06530,Female,2012-11-25,FL,Commercial,2022-12-14
P06531,Male,1992-06-14,GA,Commercial,2019-10-04
P06532,Male,2022-01-29,FL,Medicaid,2023-09-08
P06533,Male,1936-12-27,NC,Medicare,2021-11-13
P06534,Male,2000-01-19,FL,Commercial,2021-06-01
P06535,Male,2001-02-21,IL,Commercial,2022-09-26
P06536,Female,2016-07-25,CA,Commercial,2021-04-21
P06537,Female,1959-09-09,TX,Commercial,2019-07-02
P06538,Female,1957-06-03,OH,Medicare,2021-10-13
P06539,Female,1948-02-23,CA,Medicare,2021-04-23
P06540,Male,1954-12-21,OH,Medicare,2019-04-03
P06541,Male,1960-07-20,PA,Medicaid,2019-05-22
P06542,Female,2003-12-15,OH,Commercial,2023-12-08
P06543,Male,1995-05-11,OH,Medicaid,2020-05-16
P06544,Male,1950-12-04,NC,Medicare,2019-10-03
P06545,Female,2020-09-07,TX,Commercial,2019-04-18
P06546,Male,2019-04-07,CA,Medicaid,2020-01-01
P06547,Female,2012-04-01,CA,Commercial,2023-08-04
P06548,Male,1953-10-10,AZ,Medicare,2020-03-18
P06549,Male,1949-06-27,NY,Medicare,2019-10-13
P06550,Female,1983-10-26,GA,Commercial,2021-05-19
P06551,Female,1967-05-31,NY,Medicaid,2023-11-24
P06552,Male,1966-12-28,TX,Commercial,2023-01-19
P06553,Male,2006-03-09,NY,Medicaid,2022-08-18
P06554,Female,2012-12-23,CA,Commercial,2019-09-10
P06555,Male,2013-05-23,IL,Commercial,2023-05-17
P06556,Male,1972-08-06,GA,Commercial,2020-04-13
P06557,Female,1980-10-11,AZ,Medicaid,2023-02-08
P06558,Female,1967-06-18,OH,Commercial,2019-11-04
P06559,Female,1991-11-11,FL,Medicaid,2023-12-12
P06560,Female,1960-06-03,GA,Commercial,2022-10-28
P06561,Female,1965-05-10,IL,Commercial,2023-06-30
P06562,Male,1971-07-18,OH,Commercial,2021-03-26
P06563,Male,1971-08-22,Unknown,Commercial,2020-02-06
P06564,Male,2015-07-18,CA,Medicaid,2021-12-03
P06565,Female,1975-01-17,GA,Commercial,2021-05-03
P06566,Female,1945-04-01,CA,Medicare,2020-10-21
P06567,Male,1941-12-29,FL,Medicare,2021-09-23
P06568,Male,1956-09-17,TX,Medicare,2020-03-29
P06569,Male,1940-12-22,TX,Medicare,2022-08-02
P06570,Female,2010-10-06,Unknown,Medicaid,2023-02-18
P06571,Male,1939-03-23,GA,Medicare,2023-01-25
P06572,Male,1951-02-24,NC,Medicare,2023-02-18
P06573,Female,1949-07-18,OH,Medicare,2023-10-25
P06574,Female,1934-04-24,CA,Medicare,2023-10-14
P06575,Female,2013-08-18,IL,Commercial,2023-09-27
P06576,Male,1934-07-10,OH,Medicare,2023-03-21
P06577,Male,1962-03-04,FL,Commercial,2020-10-31
P06578,Female,1947-09-23,FL,Medicare,2022-10-20
P06579,Female,1993-09-06,CA,Medicaid,2021-01-30
P06580,Female,1997-11-12,NC,Medicaid,2023-08-22
P06581,Male,1961-10-13,Unknown,Medicaid,2020-01-02
P06582,Female,1937-12-18,FL,Medicare,2022-03-23
P06583,Female,1951-03-10,GA,Medicare,2021-10-18
P06584,Male,2018-02-23,PA,Commercial,2020-08-17
P06585,Male,1989-07-31,IL,Commercial,2019-01-07
P06586,Female,1976-05-29,NY,Commercial,2020-01-15
P06587,Male,2021-10-02,NY,Commercial,2021-12-30
P06588,Female,1990-12-15,PA,Medicaid,2022-04-10
P06589,Female,2020-06-26,NY,Medicaid,2022-04-24
P06590,Male,1946-11-04,OH,Medicare,2023-08-02
P06591,Male,1979-02-26,IL,Commercial,2022-04-25
P06592,Female,1936-09-20,GA,Medicare,2020-03-17
P06593,Female,1990-04-06,GA,Commercial,2022-08-15
P06594,Female,2016-09-26,IL,Medicaid,2022-01-18
P06595,Male,1971-11-16,TX,Medicaid,2023-08-28
P06596,Female,2011-06-15,FL,Commercial,2022-09-30
P06597,Female,1984-10-26,NY,Commercial,2023-08-29
P06598,Female,2018-08-08,CA,Commercial,2021-08-25
P06599,Male,2013-09-15,GA,Commercial,2022-07-09
P06600,Male,1960-02-13,NC,Commercial,2019-02-26
P06601,Female,1998-07-01,GA,Commercial,2021-01-20
P06602,Male,2016-04-13,FL,Commercial,2022-02-20
P06603,Male,1978-05-31,GA,Commercial,2021-04-25
P06604,Female,2010-02-02,NY,Commercial,2019-03-17
P06605,Male,1944-07-24,PA,Medicare,2023-02-06
P06606,Male,1971-02-21,NY,Commercial,2022-09-26
P06607,Male,1979-02-08,PA,Medicaid,2021-04-11
P06608,Male,2007-01-30,FL,Commercial,2023-06-23
P06609,Female,2008-04-22,TX,Commercial,2021-05-28
P06610,Female,2009-01-08,TX,Commercial,2023-03-21
P06611,Female,1952-04-04,OH,Medicare,2019-09-07
P06612,Male,1980-09-09,CA,Commercial,2020-02-19
P06613,Male,1946-11-04,OH,Medicare,2023-10-05
P06614,Female,1998-10-16,TX,Commercial,2021-04-25
P06615,Female,2019-06-06,IL,Medicaid,2022-12-14
P06616,Female,1969-11-01,PA,Commercial,2021-02-03
P06617,Male,1981-10-06,IL,Commercial,2021-04-12
P06618,Female,1982-05-16,GA,Medicaid,2019-03-02
P06619,Male,2017-09-01,FL,Commercial,2023-02-11
P06620,Female,2005-04-27,CA,Commercial,2021-06-24
P06621,Female,2004-01-02,NY,Medicaid,2019-03-06
P06622,Female,1985-11-29,OH,Commercial,2023-06-02
P06623,Female,1972-05-11,FL,Commercial,2022-09-25
P06624,Female,1967-03-08,CA,Commercial,2020-05-30
P06625,Male,1990-11-10,FL,Commercial,2023-06-18
P06626,Male,2000-03-21,NY,Medicaid,2022-12-18
P06627,Female,1947-06-30,FL,Medicare,2019-03-22
P06628,Male,1954-05-16,IL,Medicare,2021-02-04
P06629,Female,2003-12-14,FL,Commercial,2023-09-21
P06630,Male,1956-07-26,CA,Medicare,2019-09-25
P06631,Male,1934-08-20,FL,Medicare,2021-05-21
P06632,Male,1988-11-05,FL,Commercial,2021-08-14
P06633,Male,1993-03-28,NY,Medicaid,2019-01-16
P06634,Female,1949-06-30,FL,Medicare,2022-06-07
P06635,Female,1958-02-14,CA,Medicare,2022-02-09
P06636,Female,2020-11-03,FL,Commercial,2021-02-15
P06637,Female,1972-04-09,NC,Commercial,2022-10-17
P06638,Female,1940-05-25,PA,Medicare,2023-05-15
P06639,Female,1937-05-08,OH,Medicare,2023-04-25
P06640,Male,2017-09-09,FL,Commercial,2022-06-19
P06641,Male,1963-04-24,NY,Commercial,2023-08-09
P06642,Female,1976-10-02,FL,Medicaid,2021-06-25
P06643,Male,2006-03-28,TX,Commercial,2019-01-14
P06644,Male,1984-07-24,PA,Commercial,2022-09-25
P06645,Female,1935-07-10,FL,Medicare,2023-10-19
P06646,Male,2002-06-03,Unknown,Commercial,2023-10-22
P06647,Male,2003-12-02,PA,Commercial,2023-03-04
P06648,Male,2019-08-20,TX,Commercial,2021-01-29
P06649,Male,1960-10-18,GA,Medicaid,2021-08-26
P06650,Female,1963-01-15,IL,Commercial,2021-12-30
P06651,Male,1954-07-31,FL,Medicare,2020-03-25
P06652,Male,2003-12-30,OH,Medicaid,2022-01-19
P06653,Male,1956-12-22,FL,Medicare,2020-12-03
P06654,Female,1941-02-01,AZ,Medicare,2019-01-08
P06655,Male,1946-11-04,OH,Medicare,2023-02-26
P06656,Male,2017-12-31,GA,Commercial,2023-06-11
P06657,Male,1948-10-15,AZ,Medicare,2022-11-30
P06658,Female,1986-10-13,FL,Medicaid,2023-03-26
P06659,Female,1935-12-03,PA,Medicare,2019-11-10
P06660,Female,2006-01-02,NC,Commercial,2019-08-16
P06661,Male,1995-12-11,FL,Commercial,2021-03-16
P06662,Female,1969-04-10,CA,Medicaid,2023-05-09
P06663,Male,1993-03-01,FL,Commercial,2019-10-01
P06664,Male,1979-05-11,CA,Medicaid,2019-06-02
P06665,Female,1996-11-13,CA,Commercial,2021-12-19
P06666,Male,1948-04-10,TX,Medicare,2020-08-23
P06667,Female,2005-09-02,PA,Medicaid,2020-12-17
P06668,Female,1987-08-05,IL,Commercial,2021-05-13
P06669,Female,2022-10-01,NY,Commercial,2022-03-28
P06670,Male,2008-03-20,NC,Medicaid,2022-08-11
P06671,Male,1962-06-03,FL,Commercial,2022-08-16
P06672,Female,2023-11-06,AZ,Commercial,2022-03-16
P06673,Male,1955-08-06,PA,Medicare,2020-03-16
P06674,Female,1983-03-18,IL,Commercial,2019-11-16
P06675,Female,1945-01-23,OH,Medicare,2023-06-09
P06676,Male,2010-01-23,TX,Commercial,2023-09-19
P06677,Male,2020-11-12,GA,Commercial,2021-08-12
P06678,Male,1965-02-21,NY,Medicaid,2020-02-29
P06679,Male,1988-06-08,FL,Commercial,2021-03-14
P06680,Female,1986-04-06,CA,Commercial,2019-11-13
P06681,Female,1946-08-13,TX,Medicare,2020-06-08
P06682,Female,2010-05-08,NC,Medicaid,2020-06-22
P06683,Male,1951-09-29,CA,Medicare,2021-04-24
P06684,Male,1960-06-24,GA,Medicaid,2023-09-24
P06685,Female,1973-10-10,NC,Commercial,2023-02-07
P06686,Female,1988-08-09,TX,Commercial,2020-04-16
P06687,Female,1979-08-06,GA,Medicaid,2022-06-17
P06688,Male,2013-02-19,TX,Medicaid,2020-05-22
P06689,Female,1951-05-17,FL,Medicare,2022-04-22
P06690,Male,1990-05-09,TX,Commercial,2023-12-09
P06691,Female,1990-09-19,GA,Commercial,2020-08-15
P06692,Male,1961-07-26,FL,Commercial,2019-07-18
P06693,Female,2017-07-12,TX,Medicaid,2021-10-10
P06694,Female,1996-03-20,NY,Medicaid,2023-05-05
P06695,Female,2018-10-25,PA,Commercial,2021-12-06
P06696,Female,1996-12-12,FL,Commercial,2019-03-15
P06697,Male,2006-06-30,TX,Commercial,2022-05-30
P06698,Male,1994-03-10,FL,Commercial,2023-08-25
P06699,Female,1950-04-08,FL,Medicare,2020-03-01
P06700,Female,1933-03-11,TX,Medicare,2022-10-24
P06701,Male,2020-08-10,NY,Commercial,2023-10-25
P06702,Male,1957-10-09,OH,Medicare,2020-07-21
P06703,Female,1977-05-05,OH,Medicaid,2022-04-24
P06704,Female,1986-12-18,IL,Commercial,2023-04-26
P06705,Female,1960-02-09,IL,Commercial,2023-09-25
P06706,Male,1965-04-15,FL,Commercial,2023-01-29
P06707,Female,2013-07-01,FL,Commercial,2023-04-03
P06708,Male,1955-10-21,NY,Medicare,2023-12-12
P06709,Male,1957-10-01,CA,Medicare,2022-02-24
P06710,Female,2017-01-02,CA,Commercial,2019-11-15
P06711,Female,1972-12-26,NY,Commercial,2022-01-09
P06712,Female,1997-12-28,AZ,Medicaid,2023-10-25
P06713,Male,1959-08-28,NY,Commercial,2019-08-06
P06714,Female,1945-10-09,IL,Medicare,2020-11-03
P06715,Female,1946-04-28,AZ,Medicare,2019-03-09
P06716,Female,2003-12-17,NY,Medicaid,2021-02-03
P06717,Male,1950-03-20,FL,Medicare,2021-08-14
P06718,Male,1980-03-21,TX,Medicaid,2021-06-12
P06719,Female,1938-10-09,TX,Medicare,2023-12-21
P06720,Male,2005-06-03,IL,Commercial,2022-02-16
P06721,Female,1965-04-30,AZ,Commercial,2021-10-17
P06722,Female,1969-02-25,FL,Commercial,2022-07-04
P06723,Female,1973-04-08,Unknown,Commercial,2019-10-27
P06724,Male,1992-01-15,PA,Commercial,2019-03-22
P06725,Male,1964-11-19,CA,Commercial,2021-08-12
P06726,Female,1980-05-23,OH,Commercial,2020-01-29
P06727,Female,2019-03-25,TX,Commercial,2022-11-20
P06728,Female,1966-10-08,FL,Commercial,2019-05-24
P06729,Female,1946-10-13,GA,Medicare,2020-06-27
P06730,Female,1942-11-28,FL,Medicare,2020-05-02
P06731,Female,2007-01-07,TX,Medicaid,2021-01-11
P06732,Female,1934-02-18,FL,Medicare,2019-11-11
P06733,Female,1976-11-17,NY,Medicaid,2021-05-02
P06734,Female,1954-10-03,OH,Medicare,2019-03-09
P06735,Female,1978-07-17,FL,Commercial,2020-09-10
P06736,Male,1987-02-09,IL,Medicaid,2021-09-26
P06737,Female,1967-03-06,FL,Commercial,2022-12-17
P06738,Male,1942-02-14,CA,Medicare,2019-06-21
P06739,Female,1944-03-04,GA,Medicare,2023-09-21
P06740,Female,2004-05-16,PA,Commercial,2023-10-15
P06741,Female,1953-09-16,FL,Medicare,2023-11-06
P06742,Female,1967-05-26,TX,Commercial,2023-06-19
P06743,Male,1991-07-05,AZ,Commercial,2022-10-08
P06744,Female,2020-01-19,FL,Commercial,2021-07-21
P06745,Female,1970-07-21,OH,Commercial,2022-08-15
P06746,Female,1962-03-31,NC,Commercial,2021-09-25
P06747,Female,1951-10-30,TX,Medicare,2021-10-06
P06748,Male,1934-04-26,FL,Medicare,2021-10-24
P06749,Male,1968-07-19,PA,Commercial,2023-09-15
P06750,Female,1957-07-25,IL,Medicare,2021-04-26
P06751,Female,2005-03-31,FL,Commercial,2022-07-04
P06752,Female,2002-07-08,PA,Commercial,2021-04-24
P06753,Female,1955-12-11,PA,Medicare,2023-09-13
P06754,Female,1962-08-12,CA,Medicaid,2019-08-27
P06755,Female,1980-01-15,OH,Commercial,2020-05-23
P06756,Female,2021-01-20,FL,Commercial,2022-04-10
P06757,Female,1955-05-22,NY,Medicare,2022-03-16
P06758,Female,2001-05-13,AZ,Medicaid,2022-06-03
P06759,Male,1989-09-27,OH,Commercial,2019-01-19
P06760,Male,1967-03-23,GA,Commercial,2020-06-30
P06761,Female,1968-05-27,CA,Commercial,2021-09-14
P06762,Male,1942-12-18,GA,Medicare,2020-10-05
P06763,Female,2016-01-20,GA,Medicaid,2023-09-06
P06764,Female,1953-02-23,FL,Medicare,2019-11-09
P06765,Male,2008-12-02,FL,Commercial,2021-01-09
P06766,Female,1947-08-02,NY,Medicare,2022-06-16
P06767,Male,2023-04-05,TX,Medicaid,2020-07-16
P06768,Male,1970-04-06,OH,Commercial,2023-12-21
P06769,Female,1981-10-31,IL,Medicaid,2021-07-21
P06770,Female,2017-12-17,NY,Commercial,2019-04-15
P06771,Female,1979-01-07,FL,Commercial,2020-03-16
P06772,Male,1952-02-09,AZ,Medicare,2023-10-13
P06773,Female,2023-04-07,FL,Commercial,2021-01-20
P06774,Male,2009-05-05,CA,Medicaid,2020-08-08
P06775,Female,1940-04-25,GA,Medicare,2021-05-16
P06776,Male,2010-07-18,IL,Commercial,2022-05-24
P06777,Female,1986-04-26,TX,Commercial,2020-08-10
P06778,Male,1954-09-12,AZ,Medicare,2021-11-20
P06779,Male,2012-12-01,AZ,Commercial,2019-04-06
P06780,Female,1951-09-10,IL,Medicare,2019-10-25
P06781,Female,1981-09-15,OH,Commercial,2019-06-17
P06782,Female,1993-09-12,OH,Commercial,2021-11-27
P06783,Male,1948-07-13,AZ,Medicare,2020-08-13
P06784,Male,2007-11-15,GA,Commercial,2023-04-13
P06785,Female,1939-08-06,OH,Medicare,2020-03-29
P06786,Male,1940-07-15,FL,Medicare,2020-03-26
P06787,Female,1969-10-24,TX,Commercial,2020-02-16
P06788,Male,1947-07-20,TX,Medicare,2023-11-26
P06789,Male,1937-04-29,AZ,Medicare,2021-09-21
P06790,Male,2010-08-03,TX,Medicaid,2022-08-18
P06791,Male,2004-12-31,CA,Commercial,2019-06-07
P06792,Female,1963-04-20,CA,Commercial,2021-04-25
P06793,Male,1935-06-04,NC,Medicare,2020-12-12
P06794,Female,1937-07-31,FL,Medicare,2021-10-25
P06795,Female,1951-12-24,CA,Medicare,2023-06-08
P06796,Male,1940-11-29,CA,Medicare,2020-11-26
P06797,Male,1947-12-04,IL,Medicare,2020-12-13
P06798,Male,1961-02-23,AZ,Commercial,2022-02-05
P06799,Male,1949-09-10,GA,Medicare,2020-11-09
P06800,Male,2006-07-29,GA,Commercial,2022-01-19
P06801,Male,1985-04-21,NC,Commercial,2020-09-14
P06802,Male,1938-05-06,NY,Medicare,2022-04-05
P06803,Female,2011-12-09,OH,Commercial,2020-02-20
P06804,Female,1998-01-26,PA,Commercial,2019-07-27
P06805,Female,2019-09-27,FL,Medicaid,2021-08-01
P06806,Male,1954-03-26,PA,Medicare,2023-12-01
P06807,Male,1951-03-04,GA,Medicare,2020-08-05
P06808,Male,1979-06-19,AZ,Medicaid,2019-04-23
P06809,Male,2006-11-02,TX,Commercial,2020-06-15
P06810,Male,1943-06-17,PA,Medicare,2022-03-19
P06811,Male,1974-10-03,FL,Commercial,2021-03-08
P06812,Male,1965-02-24,NY,Commercial,2022-03-07
P06813,Male,1987-04-01,FL,Commercial,2020-02-18
P06814,Female,2008-03-06,NC,Commercial,2020-05-17
P06815,Male,1944-03-04,IL,Medicare,2020-11-17
P06816,Male,2012-10-27,PA,Commercial,2022-01-23
P06817,Male,1950-12-20,NC,Medicare,2023-02-21
P06818,Female,2000-05-17,FL,Commercial,2020-12-02
P06819,Female,2002-05-21,AZ,Commercial,2022-04-26
P06820,Male,2014-02-19,TX,Medicaid,2019-06-27
P06821,Male,1957-05-13,CA,Medicare,2023-09-08
P06822,Male,1962-03-13,GA,Medicaid,2019-10-10
P06823,Male,1979-08-27,PA,Commercial,2020-02-09
P06824,Male,1977-11-16,TX,Commercial,2021-06-05
P06825,Female,1957-12-18,TX,Medicare,2019-01-15
P06826,Male,1937-07-25,FL,Medicare,2020-06-03
P06827,Female,2000-12-31,CA,Commercial,2023-10-17
P06828,Male,1975-06-26,GA,Medicaid,2022-01-15
P06829,Female,1956-08-07,IL,Medicare,2019-10-21
P06830,Male,1934-09-28,OH,Medicare,2020-02-15
P06831,Female,2006-05-30,AZ,Commercial,2023-03-15
P06832,Female,1939-04-28,TX,Medicare,2023-02-25
P06833,Male,1970-12-17,NC,Commercial,2019-05-21
P06834,Male,1996-07-11,NY,Medicaid,2023-10-10
P06835,Male,1973-01-23,IL,Commercial,2019-04-04
P06836,Male,1970-09-14,TX,Commercial,2021-04-20
P06837,Male,2013-03-21,TX,Commercial,2019-12-20
P06838,Female,1937-08-31,TX,Medicare,2022-12-05
P06839,Male,2015-09-24,NY,Medicaid,2022-04-14
P06840,Male,2023-02-23,IL,Medicaid,2020-05-12
P06841,Male,1933-08-23,GA,Medicare,2023-03-11
P06842,Female,1981-02-18,CA,Medicaid,2023-07-01
P06843,Male,1934-05-07,TX,Medicare,2020-12-16
P06844,Female,2010-03-10,FL,Commercial,2023-12-17
P06845,Male,1944-03-09,AZ,Medicare,2019-04-24
P06846,Female,1988-02-02,OH,Commercial,2020-08-16
P06847,Female,2009-06-12,AZ,Commercial,2020-06-08
P06848,Female,2023-01-19,TX,Commercial,2021-07-02
P06849,Male,1993-12-10,OH,Commercial,2020-11-19
P06850,Male,1990-07-05,CA,Medicaid,2019-03-31
P06851,Male,1972-08-09,CA,Medicaid,2023-12-24
P06852,Female,1998-11-26,FL,Commercial,2022-10-07
P06853,Male,1951-02-17,FL,Medicare,2020-07-08
P06854,Female,1966-03-14,FL,Commercial,2023-05-22
P06855,Female,1997-04-02,OH,Commercial,2022-10-11
P06856,Male,1977-05-14,OH,Commercial,2023-11-20
P06857,Male,2021-05-26,CA,Commercial,2023-09-23
P06858,Male,2021-08-15,FL,Commercial,2021-10-13
P06859,Female,2022-04-26,OH,Commercial,2020-09-14
P06860,Male,1972-01-10,FL,Commercial,2023-07-02
P06861,Female,2008-10-01,IL,Commercial,2019-02-03
P06862,Female,1972-08-30,TX,Medicaid,2020-02-16
P06863,Female,1962-11-22,NC,Commercial,2020-09-09
P06864,Male,1980-02-04,FL,Commercial,2023-08-23
P06865,Female,1946-06-21,TX,Medicare,2021-05-30
P06866,Female,1963-05-30,NY,Commercial,2019-05-27
P06867,Female,1955-09-26,NY,Medicare,2022-10-24
P06868,Female,1971-12-19,FL,Commercial,2021-04-19
P06869,Female,1952-03-13,CA,Medicare,2021-03-08
P06870,Male,1945-02-20,FL,Medicare,2020-07-10
P06871,Female,1941-08-29,IL,Medicare,2019-05-31
P06872,Female,1944-03-28,TX,Medicare,2023-05-08
P06873,Male,1993-06-06,TX,Commercial,2023-09-09
P06874,Female,2001-05-11,CA,Commercial,2023-07-22
P06875,Male,2017-10-29,OH,Commercial,2022-09-01
P06876,Male,1952-05-21,FL,Medicare,2022-03-27
P06877,Male,1991-11-04,NC,Commercial,2019-08-12
P06878,Male,1962-10-13,IL,Commercial,2021-05-27
P06879,Female,1936-08-23,TX,Medicare,2020-04-12
P06880,Female,1983-10-15,FL,Commercial,2021-02-15
P06881,Female,1968-02-04,GA,Commercial,2019-03-30
P06882,Male,1950-12-21,IL,Medicare,2022-05-10
P06883,Female,1960-02-06,FL,Commercial,2020-08-29
P06884,Female,1962-11-05,FL,Medicaid,2022-08-22
P06885,Male,2015-02-18,IL,Medicaid,2022-11-02
P06886,Male,1978-08-31,PA,Medicaid,2019-02-05
P06887,Male,1994-01-29,NY,Commercial,2023-11-19
P06888,Female,2006-06-17,FL,Commercial,2022-08-22
P06889,Male,1948-07-06,CA,Medicare,2022-01-27
P06890,Male,1951-11-15,PA,Medicare,2023-04-25
P06891,Male,1946-07-26,GA,Medicare,2020-02-23
P06892,Female,2001-06-11,FL,Commercial,2022-03-16
P06893,Female,1993-01-07,IL,Commercial,2021-09-16
P06894,Female,1990-09-26,OH,Commercial,2022-06-26
P06895,Male,1976-12-01,NY,Commercial,2019-07-19
P06896,Female,1992-09-30,IL,Commercial,2021-11-23
P06897,Female,1998-10-04,CA,Medicaid,2020-01-26
P06898,Female,1963-01-21,IL,Commercial,2020-11-19
P06899,Male,1946-11-07,FL,Medicare,2019-03-24
P06900,Female,2006-01-03,TX,Medicaid,2020-12-27
P06901,Female,2002-11-20,NC,Commercial,2019-01-28
P06902,Male,1937-03-10,TX,Medicare,2020-07-06
P06903,Male,1942-08-02,TX,Medicare,2023-09-16
P06904,Male,1981-12-12,NC,Commercial,2023-03-22
P06905,Male,2015-05-22,CA,Commercial,2020-01-21
P06906,Female,1966-04-10,GA,Medicaid,2023-10-10
P06907,Female,1950-02-28,NY,Medicare,2023-01-20
P06908,Female,2016-10-27,NC,Medicaid,2020-01-19
P06909,Female,1980-05-20,CA,Medicaid,2022-03-25
P06910,Female,2010-06-07,NY,Commercial,2022-12-01
P06911,Female,1949-07-23,GA,Medicare,2023-01-05
P06912,Female,1958-02-08,FL,Medicare,2022-06-04
P06913,Male,1937-07-30,PA,Medicare,2019-10-25
P06914,Female,1953-08-15,PA,Medicare,2021-09-22
P06915,Male,1943-06-24,CA,Medicare,2019-03-28
P06916,Male,2001-01-26,CA,Medicaid,2020-06-03
P06917,Female,1984-02-19,FL,Commercial,2022-08-30
P06918,Female,1935-04-18,NY,Medicare,2023-03-09
P06919,Male,1967-12-03,NY,Commercial,2019-04-15
P06920,Male,1958-09-13,NY,Medicare,2019-06-30
P06921,Female,1956-12-26,GA,Medicare,2023-05-23
P06922,Female,1946-11-27,FL,Medicare,2022-05-25
P06923,Male,2011-03-04,IL,Commercial,2020-04-15
P06924,Male,1947-03-10,CA,Medicare,2019-02-03
P06925,Male,1974-11-24,PA,Commercial,2019-06-27
P06926,Female,1973-07-17,NC,Commercial,2022-07-30
P06927,Male,2009-09-21,PA,Commercial,2019-07-10
P06928,Male,2020-12-05,GA,Medicaid,2020-05-17
P06929,Female,2011-08-15,FL,Commercial,2021-09-09
P06930,Male,1970-11-24,CA,Medicaid,2022-02-13
P06931,Female,2006-04-07,CA,Commercial,2019-12-09
P06932,Female,1939-01-14,FL,Medicare,2019-10-28
P06933,Male,1936-07-30,CA,Medicare,2019-06-08
P06934,Male,1947-10-05,FL,Medicare,2021-09-10
P06935,Male,1939-07-03,FL,Medicare,2022-09-02
P06936,Male,1949-01-13,AZ,Medicare,2019-08-27
P06937,Female,2014-11-03,CA,Medicaid,2022-06-28
P06938,Female,1937-04-27,TX,Medicare,2020-03-27
P06939,Male,2010-11-28,FL,Commercial,2021-06-16
P06940,Female,2012-09-13,IL,Commercial,2021-01-27
P06941,Male,1950-07-24,IL,Medicare,2022-12-15
P06942,Female,2009-08-13,GA,Commercial,2022-10-02
P06943,Female,1941-10-27,TX,Medicare,2020-09-27
P06944,Female,1950-03-23,CA,Medicare,2022-09-14
P06945,Female,1981-04-30,FL,Commercial,2020-08-28
P06946,Female,1957-07-26,NY,Medicare,2019-01-18
P06947,Male,1958-08-01,GA,Medicare,2023-08-04
P06948,Female,1956-12-04,GA,Medicare,2019-05-19
P06949,Male,1952-05-04,CA,Medicare,2023-02-22
P06950,Male,1989-10-09,TX,Medicaid,2023-04-24
P06951,Male,1949-09-13,CA,Medicare,2019-11-01
P06952,Male,1989-02-20,GA,Medicaid,2022-12-25
P06953,Male,2014-05-11,NY,Commercial,2020-10-07
P06954,Male,1955-04-22,IL,Medicare,2023-06-21
P06955,Female,1933-09-26,NY,Medicare,2023-07-27
P06956,Female,1971-07-03,NY,Commercial,2022-12-30
P06957,Male,1996-12-26,NY,Commercial,2021-05-26
P06958,Male,1938-10-03,PA,Medicare,2022-07-21
P06959,Male,1981-03-14,NC,Commercial,2022-11-20
P06960,Male,2004-07-11,FL,Medicaid,2019-10-26
P06961,Female,2002-05-14,FL,Commercial,2023-02-18
P06962,Female,2017-03-19,CA,Commercial,2023-07-12
P06963,Male,1946-01-24,OH,Medicare,2023-06-14
P06964,Male,2010-12-02,FL,Commercial,2019-08-06
P06965,Male,2021-06-02,NY,Commercial,2021-08-16
P06966,Male,1955-01-03,CA,Medicare,2019-02-23
P06967,Female,1934-10-20,Unknown,Medicare,2019-12-20
P06968,Female,2015-02-22,NC,Commercial,2022-08-05
P06969,Female,1940-06-03,TX,Medicare,2020-01-20
P06970,Female,1951-09-07,CA,Medicare,2021-09-21
P06971,Male,1938-03-21,OH,Medicare,2021-03-15
P06972,Male,1970-02-17,AZ,Commercial,2021-05-10
P06973,Male,2003-11-10,CA,Commercial,2020-03-19
P06974,Female,2016-04-27,TX,Medicaid,2022-12-22
P06975,Female,1933-01-24,NC,Medicare,2023-09-15
P06976,Female,1984-05-02,OH,Commercial,2020-05-06
P06977,Female,2000-06-15,TX,Medicaid,2019-03-28
P06978,Female,2001-11-11,TX,Commercial,2021-02-07
P06979,Female,1958-07-20,FL,Medicare,2023-06-01
P06980,Female,1939-02-05,NC,Medicare,2023-06-11
P06981,Female,1999-03-16,NY,Medicaid,2021-04-12
P06982,Male,1978-07-20,FL,Medicaid,2019-07-11
P06983,Male,1975-09-11,CA,Commercial,2020-12-07
P06984,Female,1958-03-13,AZ,Medicare,2022-06-29
P06985,Male,2007-01-13,FL,Commercial,2020-11-25
P06986,Female,1958-09-13,NY,Medicare,2023-03-22
P06987,Female,1933-03-11,IL,Medicare,2021-08-10
P06988,Male,1997-09-10,AZ,Commercial,2019-02-05
P06989,Female,2013-03-05,TX,Commercial,2020-11-09
P06990,Male,2004-01-14,FL,Commercial,2023-06-28
P06991,Female,1962-05-03,TX,Commercial,2022-12-30
P06992,Female,1980-07-03,TX,Commercial,2023-09-15
P06993,Female,2019-09-09,NY,Medicaid,2021-12-29
P06994,Female,1958-12-10,CA,Medicare,2022-10-25
P06995,Female,1946-12-12,OH,Medicare,2019-02-09
P06996,Female,2004-03-01,CA,Medicaid,2022-05-29
P06997,Female,1951-05-05,IL,Medicare,2023-10-30
P06998,Female,2001-10-10,NC,Commercial,2021-11-01
P06999,Male,1978-06-13,NY,Medicaid,2020-04-26
P07000,Male,1948-02-15,FL,Medicare,2020-07-30
P07001,Male,1939-05-10,OH,Medicare,2019-02-14
P07002,Male,1985-01-31,NC,Medicaid,2022-03-05
P07003,Male,1940-11-19,TX,Medicare,2021-05-22
P07004,Male,1945-12-05,GA,Medicare,2021-03-17
P07005,Male,1992-05-02,CA,Medicaid,2023-11-18
P07006,Male,1996-06-02,FL,Commercial,2023-12-22
P07007,Male,2022-04-24,OH,Medicaid,2020-01-10
P07008,Male,1959-01-08,GA,Commercial,2022-01-29
P07009,Male,1968-11-22,CA,Commercial,2020-07-24
P07010,Female,1935-01-27,TX,Medicare,2019-04-13
P07011,Male,1962-12-09,NY,Commercial,2022-10-12
P07012,Female,1972-06-23,OH,Medicaid,2020-02-17
P07013,Female,1996-03-03,GA,Commercial,2022-12-07
P07014,Female,1946-04-27,FL,Medicare,2020-04-20
P07015,Male,1987-10-12,FL,Commercial,2023-03-16
P07016,Female,1979-05-26,FL,Medicaid,2022-06-25
P07017,Female,2012-02-06,NY,Commercial,2021-08-26
P07018,Female,2016-10-18,FL,Commercial,2021-07-25
P07019,Male,1989-01-23,TX,Commercial,2023-11-07
P07020,Female,1951-05-08,NC,Medicare,2019-10-13
P07021,Male,1960-11-30,PA,Medicaid,2023-12-21
P07022,Male,2018-09-01,GA,Medicaid,2019-08-09
P07023,Male,1974-02-20,PA,Commercial,2022-12-21
P07024,Male,1984-08-30,AZ,Commercial,2020-06-14
P07025,Female,1966-01-20,CA,Commercial,2020-06-12
P07026,Male,1943-08-01,NC,Medicare,2021-09-20
P07027,Male,1954-08-28,NY,Medicare,2021-04-26
P07028,Female,1999-02-24,FL,Commercial,2023-08-21
P07029,Female,1933-03-20,AZ,Medicare,2019-07-02
P07030,Male,2013-10-06,IL,Medicaid,2023-05-29
P07031,Male,1992-03-21,TX,Commercial,2020-09-17
P07032,Male,2006-10-01,FL,Commercial,2024-01-01
P07033,Male,2007-02-09,Unknown,Commercial,2020-04-10
P07034,Male,1986-12-29,NY,Commercial,2022-03-17
P07035,Male,2015-05-05,IL,Commercial,2021-08-06
P07036,Female,1947-11-06,FL,Medicare,2023-11-20
P07037,Female,1997-04-28,CA,Commercial,2022-11-28
P07038,Female,1953-01-08,PA,Medicare,2021-10-30
P07039,Female,1987-05-03,TX,Medicaid,2020-06-01
P07040,Female,1975-07-27,CA,Medicaid,2021-01-06
P07041,Female,1956-03-06,NY,Medicare,2022-09-13
P07042,Male,2018-10-21,FL,Commercial,2021-01-09
P07043,Female,1987-06-17,NY,Commercial,2022-11-20
P07044,Male,1983-01-14,FL,Commercial,2021-03-24
P07045,Male,1979-08-25,NC,Medicaid,2021-04-20
P07046,Female,1996-12-22,TX,Medicaid,2022-11-15
P07047,Female,2017-07-23,OH,Commercial,2023-01-01
P07048,Female,2015-07-09,CA,Commercial,2021-05-29
P07049,Male,1945-03-10,IL,Medicare,2021-01-25
P07050,Male,1982-03-13,NC,Commercial,2019-02-08
P07051,Female,1975-08-30,NC,Medicaid,2021-07-11
P07052,Male,1980-03-24,TX,Commercial,2021-10-12
P07053,Male,2003-11-10,NY,Commercial,2021-08-16
P07054,Female,1995-10-24,OH,Commercial,2019-08-20
P07055,Male,2020-05-25,NC,Commercial,2022-06-20
P07056,Female,1972-04-17,Unknown,Commercial,2022-02-04
P07057,Female,2001-03-12,FL,Medicaid,2022-02-27
P07058,Male,1990-05-18,FL,Commercial,2020-11-20
P07059,Female,1945-11-15,FL,Medicare,2020-07-04
P07060,Male,2005-04-29,FL,Commercial,2021-08-05
P07061,Male,2013-07-28,OH,Commercial,2022-09-07
P07062,Female,1962-09-25,CA,Commercial,2020-07-24
P07063,Male,2016-08-30,NY,Commercial,2022-08-17
P07064,Female,1962-03-11,FL,Commercial,2019-07-09
P07065,Female,2016-10-28,OH,Commercial,2020-11-18
P07066,Female,2017-06-10,FL,Medicaid,2021-10-19
P07067,Male,1938-12-01,GA,Medicare,2022-11-02
P07068,Male,1962-04-11,PA,Medicaid,2020-03-20
P07069,Female,1965-11-07,NC,Commercial,2020-12-15
P07070,Female,1956-01-24,FL,Medicare,2019-08-05
P07071,Male,1952-02-14,FL,Medicare,2020-06-21
P07072,Male,2017-02-22,TX,Commercial,2020-01-22
P07073,Female,1985-08-26,CA,Commercial,2023-07-17
P07074,Female,1946-03-21,GA,Medicare,2023-11-18
P07075,Female,1949-11-12,CA,Medicare,2020-09-17
P07076,Female,2021-09-17,TX,Commercial,2024-01-01
P07077,Female,2018-11-13,CA,Commercial,2019-07-21
P07078,Male,1985-12-12,NC,Medicaid,2019-08-04
P07079,Male,1968-08-20,PA,Commercial,2021-01-29
P07080,Female,1963-06-06,FL,Medicaid,2020-05-11
P07081,Male,1987-02-21,FL,Medicaid,2021-11-22
P07082,Male,2000-12-19,FL,Medicaid,2019-03-20
P07083,Male,1942-08-05,FL,Medicare,2023-10-28
P07084,Female,1990-04-15,TX,Commercial,2022-07-17
P07085,Female,1950-10-19,FL,Medicare,2020-07-07
P07086,Female,1947-04-08,PA,Medicare,2020-01-24
P07087,Female,1940-06-06,PA,Medicare,2022-10-16
P07088,Male,1988-06-09,NC,Commercial,2019-12-31
P07089,Male,1968-11-16,TX,Commercial,2021-09-13
P07090,Female,1971-11-01,NC,Commercial,2019-09-20
P07091,Male,1975-02-15,CA,Commercial,2022-09-01
P07092,Male,1940-02-16,NC,Medicare,2020-07-18
P07093,Male,1997-07-19,FL,Medicaid,2022-12-19
P07094,Male,1943-05-29,PA,Medicare,2023-04-24
P07095,Male,1942-06-17,TX,Medicare,2020-06-23
P07096,Male,2000-06-27,GA,Commercial,2020-08-07
P07097,Female,1964-04-16,TX,Commercial,2022-07-15
P07098,Male,1975-06-08,GA,Commercial,2020-12-24
P07099,Female,1982-11-16,AZ,Commercial,2019-04-19
P07100,Male,1978-12-01,CA,Commercial,2022-05-03
P07101,Male,1972-02-25,IL,Commercial,2021-06-30
P07102,Female,1978-04-05,AZ,Commercial,2022-12-17
P07103,Female,1958-10-20,CA,Medicare,2021-05-31
P07104,Female,1999-12-10,OH,Commercial,2019-07-31
P07105,Male,1996-10-12,IL,Commercial,2020-10-28
P07106,Female,1985-06-03,FL,Commercial,2023-04-17
P07107,Male,1935-06-02,GA,Medicare,2020-04-20
P07108,Female,1956-10-31,TX,Medicare,2021-11-22
P07109,Female,1959-10-29,CA,Commercial,2023-11-29
P07110,Female,1979-10-18,OH,Commercial,2020-11-21
P07111,Male,1997-07-23,TX,Medicaid,2022-07-05
P07112,Female,1947-10-08,PA,Medicare,2019-02-23
P07113,Male,1940-07-18,CA,Medicare,2019-01-11
P07114,Male,1953-12-26,TX,Medicare,2020-08-25
P07115,Male,2007-01-25,NC,Medicaid,2020-11-05
P07116,Female,2007-02-10,PA,Medicaid,2022-06-24
P07117,Male,2010-08-30,TX,Commercial,2023-08-25
P07118,Female,1940-03-13,TX,Medicare,2023-09-13
P07119,Female,1980-06-19,NC,Commercial,2021-09-07
P07120,Male,1943-12-21,TX,Medicare,2022-06-01
P07121,Female,1984-09-19,FL,Commercial,2019-03-16
P07122,Male,2020-12-11,PA,Commercial,2022-07-16
P07123,Female,2000-04-17,GA,Medicaid,2022-12-06
P07124,Female,1965-03-21,GA,Medicaid,2019-11-29
P07125,Male,2020-05-20,PA,Commercial,2019-10-29
P07126,Female,1984-12-29,CA,Medicaid,2022-02-13
P07127,Female,1995-10-07,TX,Commercial,2023-08-05
P07128,Male,1964-07-13,TX,Commercial,2023-07-06
P07129,Female,1990-11-09,FL,Medicaid,2021-05-26
P07130,Male,1987-11-23,FL,Commercial,2019-08-28
P07131,Female,1977-09-11,IL,Commercial,2022-01-26
P07132,Female,1947-05-31,FL,Medicare,2023-11-30
P07133,Female,1990-11-29,FL,Commercial,2022-02-16
P07134,Male,1977-01-01,OH,Commercial,2023-12-27
P07135,Male,1971-07-18,IL,Commercial,2021-11-20
P07136,Female,1939-10-31,NC,Medicare,2021-08-18
P07137,Female,1977-12-24,GA,Commercial,2020-05-08
P07138,Male,2000-01-17,GA,Commercial,2023-08-28
P07139,Female,1939-05-29,AZ,Medicare,2021-08-07
P07140,Male,2023-02-20,Unknown,Commercial,2023-02-12
P07141,Female,1980-03-23,PA,Commercial,2021-09-02
P07142,Female,1937-01-06,NY,Medicare,2019-01-29
P07143,Female,1953-02-10,OH,Medicare,2020-04-19
P07144,Female,1962-03-27,AZ,Commercial,2019-10-14
P07145,Male,1967-02-25,TX,Medicaid,2023-10-23
P07146,Female,1950-02-22,TX,Medicare,2020-03-08
P07147,Male,1981-09-29,FL,Commercial,2019-09-04
P07148,Female,1935-05-29,NC,Medicare,2020-08-25
P07149,Female,1945-01-06,GA,Medicare,2020-02-04
P07150,Female,1938-02-18,GA,Medicare,2023-10-06
P07151,Female,1937-11-23,CA,Medicare,2020-04-23
P07152,Female,1957-11-21,NC,Medicare,2019-10-29
P07153,Female,1986-10-19,TX,Medicaid,2022-11-06
P07154,Female,1950-04-05,IL,Medicare,2021-08-25
P07155,Female,2009-08-10,FL,Medicaid,2021-11-21
P07156,Female,1953-05-16,NY,Medicare,2023-07-06
P07157,Female,2020-11-10,CA,Medicaid,2023-05-12
P07158,Female,1986-12-10,CA,Medicaid,2022-07-02
P07159,Female,2006-03-25,CA,Commercial,2023-06-16
P07160,Female,1994-09-16,CA,Commercial,2021-06-29
P07161,Female,1952-12-16,OH,Medicare,2023-09-22
P07162,Female,2019-10-15,PA,Commercial,2023-12-08
P07163,Male,1933-09-05,AZ,Medicare,2020-11-09
P07164,Female,1939-08-07,IL,Medicare,2022-09-28
P07165,Female,1994-02-07,Unknown,Medicaid,2022-02-11
P07166,Male,1978-10-20,NC,Commercial,2022-04-28
P07167,Female,1936-05-25,TX,Medicare,2021-08-28
P07168,Female,2016-09-22,CA,Commercial,2021-09-07
P07169,Male,1934-07-03,FL,Medicare,2023-05-03
P07170,Male,1971-09-15,TX,Commercial,2023-12-29
P07171,Male,1954-08-28,IL,Medicare,2021-10-15
P07172,Female,1933-05-27,NC,Medicare,2021-03-06
P07173,Female,1943-05-31,FL,Medicare,2020-02-29
P07174,Female,1938-11-12,NY,Medicare,2023-01-06
P07175,Male,1988-11-04,TX,Commercial,2023-08-02
P07176,Female,2005-10-04,OH,Commercial,2021-01-07
P07177,Male,1990-02-06,FL,Commercial,2019-06-30
P07178,Male,2015-09-08,CA,Medicaid,2022-10-22
P07179,Male,1980-06-04,NC,Medicaid,2023-07-29
P07180,Female,1972-07-21,CA,Commercial,2021-12-28
P07181,Male,2023-08-25,GA,Commercial,2021-03-14
P07182,Male,1989-12-18,OH,Commercial,2020-11-19
P07183,Male,1952-07-23,OH,Medicare,2023-06-10
P07184,Male,2023-01-02,TX,Commercial,2020-09-20
P07185,Male,1976-01-23,GA,Commercial,2022-04-15
P07186,Male,1988-09-13,NC,Commercial,2023-11-07
P07187,Female,2004-06-20,TX,Commercial,2019-05-24
P07188,Male,1992-09-18,TX,Commercial,2021-04-30
P07189,Male,1979-01-30,NY,Commercial,2022-06-23
P07190,Male,1948-06-12,NY,Medicare,2019-12-03
P07191,Male,1935-01-31,PA,Medicare,2020-01-08
P07192,Female,2021-02-23,AZ,Commercial,2022-12-21
P07193,Female,1934-09-03,NC,Medicare,2019-03-15
P07194,Male,2021-07-18,FL,Commercial,2021-05-06
P07195,Female,1950-06-07,TX,Medicare,2022-09-10
P07196,Male,2001-10-02,FL,Medicaid,2021-10-07
P07197,Male,2019-03-04,NC,Commercial,2023-01-24
P07198,Female,1979-06-09,CA,Medicaid,2019-10-03
P07199,Female,1939-10-18,AZ,Medicare,2022-08-29
P07200,Male,1956-07-08,NY,Medicare,2021-10-23
P07201,Male,1999-03-08,FL,Commercial,2023-08-30
P07202,Female,2005-07-30,CA,Commercial,2019-04-15
P07203,Male,1983-04-17,Unknown,Commercial,2022-06-28
P07204,Male,2009-01-06,FL,Medicaid,2020-09-28
P07205,Female,1935-09-01,TX,Medicare,2022-03-28
P07206,Female,1979-01-03,GA,Commercial,2021-03-13
P07207,Female,1933-08-02,FL,Medicare,2021-03-15
P07208,Female,2022-06-09,NY,Commercial,2022-07-18
P07209,Female,1985-03-24,PA,Commercial,2021-11-04
P07210,Female,1954-12-07,IL,Medicare,2021-01-08
P07211,Male,1938-04-19,GA,Medicare,2022-12-01
P07212,Male,1956-06-08,NY,Medicare,2023-05-07
P07213,Male,1950-05-06,PA,Medicare,2023-02-10
P07214,Male,1942-01-18,AZ,Medicare,2021-12-03
P07215,Male,1968-07-07,PA,Medicaid,2022-12-07
P07216,Male,1990-01-28,NY,Commercial,2022-07-31
P07217,Female,1938-06-07,PA,Medicare,2020-07-29
P07218,Male,1956-10-14,NC,Medicare,2020-08-26
P07219,Male,2007-05-08,FL,Commercial,2019-04-15
P07220,Male,1987-10-24,FL,Commercial,2020-03-08
P07221,Female,1988-02-07,IL,Commercial,2021-11-18
P07222,Male,2014-11-06,IL,Commercial,2019-05-13
P07223,Female,1951-07-03,NY,Medicare,2019-05-27
P07224,Female,1997-03-07,NC,Commercial,2022-11-22
P07225,Female,1953-12-28,Unknown,Medicare,2023-02-23
P07226,Female,1990-07-06,NC,Commercial,2019-08-01
P07227,Female,1978-06-30,NY,Commercial,2019-07-22
P07228,Female,2021-08-30,TX,Commercial,2019-10-11
P07229,Female,1964-04-30,NY,Commercial,2021-09-13
P07230,Male,1984-09-04,NY,Medicaid,2019-09-11
P07231,Male,2007-08-18,IL,Commercial,2020-02-28
P07232,Male,1975-09-23,IL,Commercial,2020-04-20
P07233,Male,1969-05-18,FL,Commercial,2020-12-28
P07234,Male,1961-02-12,GA,Commercial,2022-08-31
P07235,Female,1950-10-28,GA,Medicare,2020-04-08
P07236,Female,1955-08-05,FL,Medicare,2019-08-13
P07237,Female,2013-10-10,NY,Commercial,2019-08-01
P07238,Female,1951-10-04,NY,Medicare,2021-01-02
P07239,Male,1967-01-12,FL,Commercial,2023-10-22
P07240,Female,2004-04-16,AZ,Medicaid,2020-04-20
P07241,Male,1935-01-22,OH,Medicare,2022-09-26
P07242,Female,1966-05-14,FL,Commercial,2022-12-23
P07243,Female,1945-05-02,NC,Medicare,2023-08-11
P07244,Female,1997-04-14,TX,Medicaid,2023-03-20
P07245,Female,2004-05-07,CA,Commercial,2021-07-21
P07246,Male,2004-03-06,NY,Medicaid,2022-08-14
P07247,Male,1985-09-03,FL,Medicaid,2022-02-04
P07248,Female,1975-11-26,NY,Commercial,2021-06-12
P07249,Male,1958-07-06,AZ,Medicare,2021-05-15
P07250,Female,1937-12-31,OH,Medicare,2021-12-02
P07251,Female,1953-12-14,CA,Medicare,2021-09-27
P07252,Female,1951-12-14,PA,Medicare,2019-07-27
P07253,Female,1981-12-03,PA,Medicaid,2022-08-03
P07254,Male,1953-04-18,IL,Medicare,2023-12-09
P07255,Male,1934-05-27,FL,Medicare,2020-01-02
P07256,Female,1983-01-25,FL,Commercial,2023-08-08
P07257,Male,1974-09-17,OH,Commercial,2020-02-18
P07258,Male,1976-09-02,AZ,Medicaid,2022-05-18
P07259,Female,1949-07-06,CA,Medicare,2019-10-19
P07260,Female,2002-03-21,AZ,Commercial,2023-03-01
P07261,Female,1986-01-26,NC,Medicaid,2023-03-07
P07262,Female,1982-04-09,FL,Medicaid,2021-12-20
P07263,Female,1958-06-29,IL,Medicare,2021-11-28
P07264,Female,1989-01-09,PA,Commercial,2020-06-01
P07265,Female,1953-10-26,NY,Medicare,2020-10-07
P07266,Male,2015-07-14,OH,Commercial,2019-01-15
P07267,Female,1996-10-02,TX,Commercial,2020-08-14
P07268,Male,1955-11-02,CA,Medicare,2022-12-29
P07269,Female,1977-08-09,TX,Medicaid,2023-07-24
P07270,Female,1974-03-27,NY,Commercial,2022-09-03
P07271,Male,1976-09-06,CA,Medicaid,2019-02-02
P07272,Male,1964-03-08,FL,Medicaid,2020-02-29
P07273,Male,2009-05-23,FL,Commercial,2020-04-19
P07274,Female,1977-04-17,FL,Commercial,2022-08-23
P07275,Female,1949-10-04,CA,Medicare,2021-08-29
P07276,Male,1940-02-20,TX,Medicare,2020-06-26
P07277,Male,2022-10-18,NY,Commercial,2019-04-09
P07278,Male,1935-08-19,NY,Medicare,2021-02-01
P07279,Male,1951-03-22,FL,Medicare,2023-11-24
P07280,Female,1933-04-24,OH,Medicare,2019-09-24
P07281,Male,1949-09-13,NC,Medicare,2019-05-03
P07282,Male,2021-09-26,NC,Commercial,2023-11-02
P07283,Male,1992-07-26,FL,Commercial,2022-01-16
P07284,Female,1997-07-22,CA,Commercial,2019-02-08
P07285,Male,1996-12-10,NY,Medicaid,2019-03-28
P07286,Male,2001-10-04,OH,Medicaid,2019-03-09
P07287,Female,1953-11-05,FL,Medicare,2019-02-16
P07288,Female,2023-11-06,OH,Commercial,2023-11-22
P07289,Male,1955-08-25,AZ,Medicare,2023-04-01
P07290,Male,1968-12-18,PA,Commercial,2021-07-04
P07291,Female,2014-04-28,IL,Commercial,2020-12-27
P07292,Male,2014-04-30,FL,Commercial,2021-12-30
P07293,Female,1973-10-12,NY,Medicaid,2022-08-30
P07294,Female,1991-02-16,GA,Commercial,2022-09-25
P07295,Male,1948-05-29,CA,Medicare,2020-12-26
P07296,Female,1972-09-08,NC,Medicaid,2019-02-12
P07297,Female,1950-10-22,OH,Medicare,2019-11-16
P07298,Male,1984-07-28,AZ,Commercial,2023-02-17
P07299,Female,1987-01-16,AZ,Medicaid,2023-04-06
P07300,Female,1937-12-30,GA,Medicare,2022-09-08
P07301,Female,1974-12-24,IL,Commercial,2020-05-03
P07302,Female,1948-08-03,IL,Medicare,2023-12-17
P07303,Female,2010-01-30,NC,Medicaid,2020-06-25
P07304,Female,1974-09-20,GA,Commercial,2021-02-07
P07305,Male,1934-04-03,FL,Medicare,2020-09-14
P07306,Male,1968-06-05,TX,Commercial,2019-09-14
P07307,Male,1970-10-20,FL,Commercial,2021-01-18
P07308,Female,1944-02-04,GA,Medicare,2020-11-23
P07309,Female,1963-11-03,FL,Commercial,2021-08-08
P07310,Male,2021-06-30,NY,Commercial,2020-09-29
P07311,Male,2002-05-04,CA,Commercial,2022-02-06
P07312,Male,1984-04-29,FL,Commercial,2023-09-02
P07313,Female,1989-02-23,PA,Commercial,2023-11-16
P07314,Male,1950-04-18,FL,Medicare,2020-06-06
P07315,Female,2011-05-07,TX,Commercial,2020-10-25
P07316,Female,1973-11-06,NY,Commercial,2021-12-16
P07317,Male,1967-09-12,CA,Medicaid,2020-04-10
P07318,Female,1979-08-28,TX,Medicaid,2021-08-20
P07319,Female,1989-08-18,NC,Commercial,2022-09-23
P07320,Female,1973-11-20,TX,Commercial,2021-01-29
P07321,Male,2008-11-27,GA,Commercial,2022-02-11
P07322,Male,1961-07-24,NY,Commercial,2019-02-16
P07323,Female,2015-04-13,FL,Commercial,2020-05-25
P07324,Male,1986-02-11,AZ,Medicaid,2020-04-06
P07325,Female,1957-01-22,CA,Medicare,2020-07-25
P07326,Male,1965-07-09,FL,Commercial,2020-08-01
P07327,Male,2008-02-08,OH,Medicaid,2020-02-21
P07328,Male,1982-07-18,NC,Commercial,2021-11-04
P07329,Male,2013-07-12,TX,Commercial,2019-11-24
P07330,Female,2012-10-16,AZ,Commercial,2023-10-31
P07331,Female,1996-05-16,NY,Commercial,2020-09-02
P07332,Male,1972-09-09,GA,Medicaid,2021-04-23
P07333,Male,2005-07-07,OH,Commercial,2023-12-17
P07334,Male,1940-01-25,IL,Medicare,2020-09-12
P07335,Male,1986-06-15,GA,Commercial,2023-12-28
P07336,Female,1960-09-12,FL,Medicaid,2020-06-25
P07337,Female,1950-05-01,CA,Medicare,2021-05-20
P07338,Female,2008-04-09,NC,Commercial,2020-12-18
P07339,Male,1965-05-24,GA,Commercial,2020-12-14
P07340,Male,2002-12-16,AZ,Medicaid,2022-07-02
P07341,Male,1946-10-10,FL,Medicare,2020-11-22
P07342,Male,1970-11-15,OH,Commercial,2022-11-24
P07343,Female,1971-01-18,PA,Medicaid,2020-03-18
P07344,Female,2019-09-10,FL,Commercial,2023-07-21
P07345,Female,1968-07-11,NY,Commercial,2023-04-18
P07346,Female,1946-02-05,FL,Medicare,2020-06-28
P07347,Male,2005-01-04,CA,Commercial,2023-09-18
P07348,Male,1989-10-12,CA,Commercial,2019-02-25
P07349,Male,2008-02-22,OH,Commercial,2023-11-06
P07350,Female,2013-04-10,NY,Commercial,2021-05-18
P07351,Male,2015-05-22,TX,Commercial,2019-01-31
P07352,Male,2013-10-31,FL,Commercial,2020-08-21
P07353,Female,1986-04-23,FL,Medicaid,2020-11-03
P07354,Male,1951-05-23,NY,Medicare,2020-07-17
P07355,Male,1992-07-22,IL,Commercial,2020-06-22
P07356,Female,2022-05-31,Unknown,Commercial,2023-03-13
P07357,Male,1952-10-16,TX,Medicare,2022-06-17
P07358,Female,1975-05-19,AZ,Commercial,2023-01-16
P07359,Female,1969-11-06,FL,Commercial,2022-12-11
P07360,Female,1949-09-18,AZ,Medicare,2022-12-18
P07361,Female,1999-07-05,GA,Commercial,2020-10-24
P07362,Male,1948-11-02,FL,Medicare,2019-05-05
P07363,Female,2019-02-02,PA,Medicaid,2021-03-17
P07364,Male,1997-02-11,NY,Medicaid,2023-12-04
P07365,Male,1989-07-11,IL,Commercial,2020-07-17
P07366,Male,2022-06-07,OH,Commercial,2021-04-19
P07367,Female,2023-09-17,FL,Commercial,2020-02-13
P07368,Female,1933-10-15,FL,Medicare,2022-02-12
P07369,Female,2009-01-15,NY,Medicaid,2021-11-10
P07370,Female,2015-08-04,CA,Medicaid,2020-09-15
P07371,Female,1985-01-17,TX,Commercial,2020-06-19
P07372,Male,2005-12-07,GA,Medicaid,2022-11-25
P07373,Male,1933-11-23,GA,Medicare,2021-01-26
P07374,Female,1962-07-11,NY,Medicaid,2019-03-14
P07375,Female,1949-03-21,FL,Medicare,2023-09-06
P07376,Male,2004-07-30,TX,Commercial,2022-05-07
P07377,Male,1967-03-01,FL,Commercial,2021-05-02
P07378,Male,2007-11-14,PA,Medicaid,2019-05-18
P07379,Male,2008-02-23,CA,Commercial,2019-03-02
P07380,Male,1960-07-22,FL,Commercial,2021-01-21
P07381,Female,1980-09-18,OH,Commercial,2021-04-09
P07382,Male,2018-05-12,NY,Commercial,2021-12-06
P07383,Female,1966-03-22,NY,Medicaid,2021-10-11
P07384,Male,2013-01-27,GA,Commercial,2020-05-02
P07385,Female,1979-12-01,TX,Commercial,2021-04-13
P07386,Male,1953-04-19,PA,Medicare,2021-03-28
P07387,Male,1943-09-09,FL,Medicare,2019-10-14
P07388,Male,1972-07-01,CA,Commercial,2023-04-24
P07389,Female,1979-07-17,GA,Commercial,2019-03-21
P07390,Male,1966-03-25,NY,Commercial,2020-06-25
P07391,Male,1984-08-08,NY,Commercial,2021-01-26
P07392,Male,1974-09-20,FL,Commercial,2021-02-08
P07393,Female,1965-07-07,FL,Commercial,2021-02-13
P07394,Female,1939-05-02,NY,Medicare,2021-03-05
P07395,Male,1987-02-27,TX,Medicaid,2022-04-02
P07396,Female,2022-12-30,IL,Medicaid,2020-04-24
P07397,Male,2001-06-07,NC,Commercial,2022-09-27
P07398,Female,1983-12-06,IL,Commercial,2020-09-26
P07399,Male,2016-05-19,IL,Medicaid,2021-05-16
P07400,Female,1937-05-18,FL,Medicare,2022-03-04
P07401,Male,1933-02-22,PA,Medicare,2019-12-26
P07402,Female,1964-10-22,AZ,Commercial,2022-05-30
P07403,Female,2003-03-17,NY,Commercial,2020-09-15
P07404,Female,1938-04-24,CA,Medicare,2022-10-01
P07405,Male,1938-05-03,TX,Medicare,2023-01-01
P07406,Female,2004-05-13,FL,Commercial,2021-02-16
P07407,Female,2008-06-14,GA,Medicaid,2019-02-16
P07408,Female,1945-12-08,FL,Medicare,2022-07-03
P07409,Male,1957-03-10,NY,Medicare,2023-06-07
P07410,Female,1983-08-11,CA,Commercial,2023-05-27
P07411,Male,1940-11-23,FL,Medicare,2021-07-18
P07412,Female,1947-05-23,GA,Medicare,2020-02-03
P07413,Female,1998-01-20,FL,Commercial,2020-06-11
P07414,Female,1945-04-15,AZ,Medicare,2022-12-16
P07415,Male,1943-10-04,OH,Medicare,2019-10-31
P07416,Female,1960-03-09,FL,Medicaid,2023-03-07
P07417,Male,1986-02-25,PA,Commercial,2021-03-17
P07418,Female,2003-09-03,PA,Medicaid,2019-10-05
P07419,Male,2008-06-24,OH,Commercial,2019-12-19
P07420,Female,2023-03-02,PA,Commercial,2020-06-29
P07421,Female,1985-11-04,NY,Commercial,2022-05-07
P07422,Male,1960-08-24,GA,Commercial,2020-03-04
P07423,Male,2021-07-18,Unknown,Commercial,2022-01-26
P07424,Male,1997-12-29,PA,Commercial,2022-04-02
P07425,Male,1933-11-01,GA,Medicare,2021-05-04
P07426,Female,1995-05-24,CA,Commercial,2020-12-01
P07427,Male,1981-09-26,CA,Medicaid,2022-12-16
P07428,Female,1977-10-04,NY,Commercial,2019-05-06
P07429,Male,1939-09-15,CA,Medicare,2019-09-02
P07430,Male,1984-11-16,FL,Medicaid,2022-08-04
P07431,Female,1977-05-13,NY,Medicaid,2022-10-17
P07432,Male,1936-09-28,GA,Medicare,2023-08-29
P07433,Male,1937-05-08,FL,Medicare,2021-12-21
P07434,Female,2017-03-04,Unknown,Commercial,2023-02-24
P07435,Female,2016-07-10,TX,Commercial,2019-05-09
P07436,Male,1970-02-01,TX,Commercial,2019-07-09
P07437,Female,2021-10-21,FL,Commercial,2019-11-11
P07438,Female,1992-01-15,NY,Commercial,2022-08-06
P07439,Male,1984-09-05,GA,Commercial,2020-07-21
P07440,Male,1980-09-12,FL,Medicaid,2021-07-19
P07441,Male,2019-01-09,OH,Medicaid,2022-08-21
P07442,Male,1968-07-18,CA,Medicaid,2021-05-01
P07443,Female,1958-04-03,NY,Medicare,2023-03-06
P07444,Female,2022-03-14,CA,Commercial,2019-03-16
P07445,Female,2015-07-22,TX,Commercial,2023-03-09
P07446,Female,1943-09-07,FL,Medicare,2022-06-30
P07447,Male,1952-07-05,TX,Medicare,2022-11-23
P07448,Female,1975-08-14,OH,Commercial,2021-05-25
P07449,Female,2002-08-02,CA,Commercial,2020-08-23
P07450,Male,1962-10-06,OH,Commercial,2019-03-20
P07451,Male,2006-02-01,IL,Commercial,2022-01-22
P07452,Male,2008-06-06,GA,Commercial,2022-12-30
P07453,Male,1974-03-16,IL,Commercial,2023-11-23
P07454,Male,1947-05-06,NC,Medicare,2021-01-05
P07455,Male,1990-08-25,CA,Medicaid,2019-02-10
P07456,Male,1940-09-06,NY,Medicare,2023-09-07
P07457,Male,1946-01-07,NY,Medicare,2019-01-10
P07458,Male,1963-12-24,FL,Medicaid,2022-09-09
P07459,Female,2013-09-15,FL,Commercial,2019-06-19
P07460,Male,1954-04-07,TX,Medicare,2023-08-28
P07461,Female,2005-06-15,GA,Commercial,2019-07-19
P07462,Female,1936-05-20,FL,Medicare,2022-05-09
P07463,Male,2007-12-25,FL,Commercial,2022-08-18
P07464,Female,1988-10-13,AZ,Medicaid,2022-12-21
P07465,Male,2023-05-28,GA,Medicaid,2023-05-03
P07466,Male,2012-09-08,AZ,Commercial,2020-01-05
P07467,Female,1990-07-13,CA,Commercial,2023-08-28
P07468,Male,1978-01-16,FL,Commercial,2021-09-08
P07469,Male,1953-05-13,FL,Medicare,2019-04-06
P07470,Male,1937-05-15,GA,Medicare,2021-12-23
P07471,Female,1964-10-21,TX,Commercial,2019-11-14
P07472,Male,1972-05-28,GA,Medicaid,2020-07-17
P07473,Female,1973-01-15,PA,Commercial,2020-01-11
P07474,Male,2001-05-12,TX,Commercial,2019-04-09
P07475,Female,1965-03-20,NY,Commercial,2023-07-07
P07476,Female,1937-01-17,NY,Medicare,2022-06-30
P07477,Female,1990-02-06,CA,Commercial,2022-05-25
P07478,Male,2016-08-29,AZ,Commercial,2023-09-02
P07479,Male,2021-09-15,NY,Commercial,2023-06-22
P07480,Male,1991-09-21,TX,Medicaid,2023-06-15
P07481,Male,1957-03-25,AZ,Medicare,2019-04-04
P07482,Female,1987-08-17,AZ,Medicaid,2019-09-20
P07483,Male,1950-03-06,OH,Medicare,2021-01-23
P07484,Female,1947-03-15,OH,Medicare,2019-10-11
P07485,Male,1981-05-02,TX,Commercial,2022-04-14
P07486,Male,1933-11-17,NY,Medicare,2021-08-17
P07487,Female,1965-04-16,TX,Commercial,2019-08-03
P07488,Female,1984-10-17,CA,Commercial,2023-04-07
P07489,Male,1987-06-14,PA,Commercial,2023-04-10
P07490,Male,2018-10-09,TX,Commercial,2021-05-16
P07491,Male,1982-12-09,NY,Medicaid,2022-09-27
P07492,Male,2012-05-13,OH,Medicaid,2020-08-30
P07493,Male,1933-07-20,GA,Medicare,2020-10-28
P07494,Female,1989-05-11,CA,Commercial,2022-05-05
P07495,Male,2018-07-05,OH,Medicaid,2023-06-04
P07496,Male,1955-08-19,FL,Medicare,2023-08-04
P07497,Female,2005-12-26,GA,Commercial,2021-10-15
P07498,Male,1950-09-22,FL,Medicare,2022-05-24
P07499,Female,1942-02-13,FL,Medicare,2023-11-01
P07500,Male,2000-03-31,NY,Commercial,2020-07-20
P07501,Male,1958-07-15,NC,Medicare,2019-03-22
P07502,Male,1936-12-20,TX,Medicare,2019-02-11
P07503,Female,2011-01-07,CA,Commercial,2023-06-01
P07504,Male,1972-04-06,FL,Commercial,2023-01-20
P07505,Female,1940-12-23,PA,Medicare,2021-11-04
P07506,Male,1942-10-16,TX,Medicare,2019-06-07
P07507,Female,2014-10-30,NC,Medicaid,2021-02-17
P07508,Male,1988-02-06,FL,Medicaid,2021-09-20
P07509,Male,1948-01-18,PA,Medicare,2019-05-18
P07510,Female,1941-08-03,NY,Medicare,2020-09-08
P07511,Female,1939-10-29,AZ,Medicare,2019-01-30
P07512,Female,1941-05-11,TX,Medicare,2019-09-08
P07513,Male,1987-09-24,PA,Commercial,2019-01-06
P07514,Female,1934-11-17,TX,Medicare,2021-03-20
P07515,Female,1951-09-29,FL,Medicare,2022-02-17
P07516,Female,1949-09-30,NC,Medicare,2023-09-11
P07517,Female,2006-12-12,FL,Medicaid,2020-05-09
P07518,Female,1951-04-21,OH,Medicare,2022-09-03
P07519,Male,1973-08-25,TX,Commercial,2023-12-12
P07520,Male,2006-06-14,OH,Commercial,2019-12-28
P07521,Male,2007-06-15,NY,Commercial,2021-11-18
P07522,Female,2004-03-25,NY,Commercial,2021-03-28
P07523,Male,2005-03-28,NC,Commercial,2020-02-01
P07524,Female,1959-06-10,NC,Commercial,2022-05-11
P07525,Male,1981-03-01,NC,Commercial,2019-12-03
P07526,Male,1998-06-07,CA,Commercial,2021-02-01
P07527,Female,1935-12-23,CA,Medicare,2021-03-02
P07528,Male,1955-02-22,OH,Medicare,2022-08-29
P07529,Female,1988-03-26,TX,Commercial,2020-01-23
P07530,Male,1998-07-29,FL,Commercial,2022-10-19
P07531,Male,1960-08-12,NC,Commercial,2020-11-28
P07532,Female,2005-02-08,NY,Commercial,2019-11-12
P07533,Female,1996-07-29,IL,Commercial,2023-06-03
P07534,Male,2023-08-19,AZ,Commercial,2022-01-01
P07535,Female,1992-04-08,PA,Commercial,2020-08-13
P07536,Female,1968-09-03,CA,Medicaid,2022-08-19
P07537,Male,1941-08-06,OH,Medicare,2023-11-12
P07538,Female,1993-03-22,TX,Medicaid,2021-12-16
P07539,Female,2014-10-11,FL,Commercial,2021-07-09
P07540,Female,1977-12-27,OH,Commercial,2019-05-27
P07541,Male,1982-08-31,OH,Medicaid,2019-12-20
P07542,Male,1961-10-30,FL,Commercial,2023-02-06
P07543,Male,1953-08-21,PA,Medicare,2022-08-14
P07544,Male,2023-12-06,IL,Medicaid,2023-01-28
P07545,Female,1947-05-31,TX,Medicare,2019-06-14
P07546,Female,1980-06-28,FL,Commercial,2022-03-27
P07547,Female,1936-09-23,PA,Medicare,2019-07-20
P07548,Female,2016-05-16,FL,Commercial,2023-09-13
P07549,Female,1994-11-09,GA,Commercial,2021-03-18
P07550,Female,1994-12-28,CA,Commercial,2023-08-18
P07551,Male,2006-07-10,PA,Medicaid,2021-03-25
P07552,Female,1958-11-03,Unknown,Medicare,2023-12-12
P07553,Male,2011-02-23,NC,Commercial,2023-03-22
P07554,Male,2019-09-13,PA,Commercial,2023-04-10
P07555,Female,1940-07-28,NC,Medicare,2020-06-16
P07556,Male,1959-09-16,CA,Medicaid,2020-10-20
P07557,Male,2016-07-26,FL,Commercial,2021-03-18
P07558,Female,1986-11-26,TX,Commercial,2023-01-08
P07559,Male,2012-01-26,NY,Medicaid,2022-09-03
P07560,Female,1998-10-29,FL,Medicaid,2022-02-11
P07561,Female,1988-08-09,TX,Medicaid,2019-02-10
P07562,Male,2022-02-25,GA,Commercial,2020-06-23
P07563,Male,2008-07-29,FL,Commercial,2023-11-05
P07564,Female,1985-04-20,CA,Commercial,2023-11-04
P07565,Male,2023-12-08,GA,Commercial,2022-04-07
P07566,Male,1991-09-15,FL,Medicaid,2022-12-16
P07567,Female,1984-03-29,OH,Commercial,2021-12-20
P07568,Female,1940-09-26,PA,Medicare,2019-01-10
P07569,Female,2013-08-02,NC,Medicaid,2023-01-09
P07570,Male,1992-12-02,FL,Medicaid,2021-01-07
P07571,Male,1949-06-30,CA,Medicare,2021-08-04
P07572,Female,2023-08-27,NC,Medicaid,2020-09-14
P07573,Male,2002-02-20,GA,Commercial,2021-04-09
P07574,Female,1959-08-09,FL,Commercial,2021-06-04
P07575,Female,2002-03-05,TX,Commercial,2022-08-16
P07576,Male,2002-02-04,TX,Medicaid,2019-03-06
P07577,Male,1976-02-29,FL,Medicaid,2022-08-31
P07578,Female,1992-04-04,FL,Commercial,2023-04-13
P07579,Male,1998-06-01,NY,Commercial,2023-07-10
P07580,Female,1972-07-10,Unknown,Commercial,2023-09-01
P07581,Female,2021-12-02,NY,Commercial,2022-03-28
P07582,Female,1977-11-12,AZ,Medicaid,2019-12-04
P07583,Female,1999-08-16,FL,Commercial,2023-03-25
P07584,Male,1942-05-06,OH,Medicare,2023-12-25
P07585,Female,1934-12-30,TX,Medicare,2021-05-09
P07586,Female,1962-01-24,OH,Commercial,2021-03-13
P07587,Male,2015-01-04,NC,Commercial,2021-03-09
P07588,Female,2011-12-04,CA,Medicaid,2023-12-30
P07589,Female,1957-11-26,CA,Medicare,2022-12-27
P07590,Female,1998-02-25,NC,Commercial,2022-04-06
P07591,Male,1970-10-20,OH,Commercial,2020-04-22
P07592,Female,1979-10-28,FL,Medicaid,2020-10-01
P07593,Female,1991-10-25,TX,Medicaid,2019-12-07
P07594,Male,2021-04-20,PA,Medicaid,2021-04-08
P07595,Female,1956-11-13,CA,Medicare,2021-12-26
P07596,Male,1977-10-25,FL,Medicaid,2021-03-16
P07597,Male,2017-08-08,AZ,Commercial,2022-01-29
P07598,Male,1954-05-26,AZ,Medicare,2023-03-20
P07599,Female,2009-01-04,NY,Commercial,2021-02-15
P07600,Male,1951-10-07,NY,Medicare,2022-07-13
P07601,Female,1983-09-30,GA,Medicaid,2022-09-06
P07602,Female,1977-06-17,NY,Medicaid,2020-06-15
P07603,Male,1935-08-02,AZ,Medicare,2023-09-03
P07604,Female,1948-05-26,GA,Medicare,2023-11-20
P07605,Female,2007-10-04,TX,Medicaid,2022-03-23
P07606,Male,1996-05-20,IL,Medicaid,2021-01-10
P07607,Female,1935-01-29,TX,Medicare,2019-10-22
P07608,Female,1959-04-27,AZ,Commercial,2021-06-02
P07609,Female,1965-04-07,TX,Commercial,2022-09-16
P07610,Female,1976-12-06,FL,Medicaid,2022-04-14
P07611,Male,1950-02-05,AZ,Medicare,2022-02-10
P07612,Male,1941-04-19,GA,Medicare,2022-05-01
P07613,Female,1940-05-17,NC,Medicare,2020-08-29
P07614,Female,1970-11-05,FL,Commercial,2020-01-04
P07615,Female,2019-06-13,OH,Commercial,2020-06-17
P07616,Female,2022-04-28,GA,Medicaid,2022-02-03
P07617,Female,1995-05-19,OH,Commercial,2022-07-26
P07618,Male,1953-11-16,AZ,Medicare,2023-08-09
P07619,Female,1938-12-17,FL,Medicare,2020-01-06
P07620,Male,2011-07-11,TX,Medicaid,2019-03-13
P07621,Female,1961-04-14,NC,Commercial,2023-09-23
P07622,Female,1933-08-12,AZ,Medicare,2023-05-09
P07623,Female,2021-04-25,TX,Commercial,2022-12-06
P07624,Female,1983-01-13,AZ,Commercial,2020-01-07
P07625,Male,1976-02-11,IL,Commercial,2022-12-03
P07626,Male,2002-05-15,NC,Commercial,2023-12-07
P07627,Male,1966-04-10,TX,Medicaid,2022-04-29
P07628,Female,1960-11-29,NY,Medicaid,2022-03-07
P07629,Female,1960-11-30,NC,Commercial,2022-01-10
P07630,Male,2017-04-20,NC,Medicaid,2021-06-05
P07631,Male,1934-03-14,GA,Medicare,2022-10-17
P07632,Female,1940-10-22,CA,Medicare,2023-11-08
P07633,Female,1995-05-30,PA,Medicaid,2023-06-20
P07634,Female,1942-09-18,NY,Medicare,2020-05-02
P07635,Female,2002-11-22,CA,Commercial,2020-09-14
P07636,Male,1996-08-15,TX,Commercial,2022-09-13
P07637,Female,1978-07-21,FL,Commercial,2019-04-21
P07638,Male,2022-03-23,FL,Medicaid,2021-04-19
P07639,Female,1933-02-19,TX,Medicare,2020-01-08
P07640,Male,1976-01-22,CA,Commercial,2020-01-17
P07641,Female,2014-11-23,OH,Commercial,2022-07-03
P07642,Male,1973-01-28,FL,Medicaid,2021-01-18
P07643,Male,1990-06-26,TX,Commercial,2021-01-14
P07644,Female,1950-10-30,OH,Medicare,2021-09-22
P07645,Male,1952-05-09,FL,Medicare,2020-10-29
P07646,Female,1990-12-09,AZ,Commercial,2022-04-28
P07647,Female,2010-07-16,CA,Commercial,2023-07-06
P07648,Male,1984-03-04,IL,Commercial,2023-10-11
P07649,Male,1983-01-12,NC,Commercial,2021-10-08
P07650,Male,1940-09-17,AZ,Medicare,2019-06-10
P07651,Female,1994-10-29,NC,Medicaid,2022-12-06
P07652,Male,1983-06-03,GA,Commercial,2021-01-16
P07653,Male,1936-11-04,OH,Medicare,2023-03-08
P07654,Female,1995-01-09,GA,Commercial,2020-11-05
P07655,Male,1961-09-03,CA,Commercial,2023-01-31
P07656,Female,1954-10-24,TX,Medicare,2021-10-20
P07657,Female,1934-10-06,OH,Medicare,2019-12-18
P07658,Male,1952-08-17,OH,Medicare,2022-02-20
P07659,Female,1971-04-06,PA,Commercial,2019-05-03
P07660,Female,1956-02-19,GA,Medicare,2023-10-08
P07661,Female,1985-04-07,AZ,Commercial,2023-08-01
P07662,Male,1972-05-08,OH,Medicaid,2023-02-27
P07663,Female,1934-09-24,TX,Medicare,2022-10-14
P07664,Female,2002-01-23,FL,Medicaid,2021-11-16
P07665,Female,1972-01-02,TX,Commercial,2019-06-09
P07666,Female,1963-05-16,FL,Commercial,2022-10-17
P07667,Female,1956-03-21,CA,Medicare,2022-03-21
P07668,Male,1984-09-12,FL,Commercial,2023-10-12
P07669,Male,1946-07-21,TX,Medicare,2020-06-06
P07670,Male,1952-03-13,NC,Medicare,2021-04-10
P07671,Male,1971-07-31,NY,Medicaid,2023-10-11
P07672,Female,1976-03-29,IL,Commercial,2021-09-06
P07673,Female,2011-02-22,GA,Medicaid,2022-11-29
P07674,Male,2015-01-26,NY,Commercial,2021-11-23
P07675,Female,2014-09-16,IL,Commercial,2022-08-01
P07676,Male,1934-07-11,Unknown,Medicare,2020-01-31
P07677,Female,1974-08-13,NY,Commercial,2023-09-19
P07678,Male,1962-07-01,IL,Medicaid,2021-01-02
P07679,Female,2016-04-04,NY,Medicaid,2020-01-15
P07680,Female,1978-09-04,PA,Medicaid,2023-12-30
P07681,Male,1963-10-08,IL,Medicaid,2019-06-26
P07682,Female,1935-09-25,GA,Medicare,2020-03-12
P07683,Female,1973-03-27,OH,Commercial,2022-08-10
P07684,Female,1984-01-03,CA,Medicaid,2021-08-04
P07685,Female,2023-11-25,AZ,Commercial,2020-08-07
P07686,Male,1996-01-10,CA,Medicaid,2021-06-02
P07687,Male,2007-12-21,OH,Commercial,2020-03-22
P07688,Male,1945-06-21,TX,Medicare,2019-07-23
P07689,Male,1985-11-13,CA,Commercial,2022-03-19
P07690,Male,1963-01-18,OH,Commercial,2023-06-16
P07691,Female,2020-03-28,AZ,Commercial,2021-11-05
P07692,Male,2002-08-24,GA,Commercial,2021-01-03
P07693,Male,1980-04-25,FL,Commercial,2020-02-17
P07694,Female,2003-02-25,AZ,Commercial,2022-08-05
P07695,Male,2016-10-13,CA,Commercial,2019-05-14
P07696,Female,1945-05-14,FL,Medicare,2023-10-27
P07697,Female,2022-09-13,NY,Commercial,2021-02-06
P07698,Male,1959-04-15,IL,Medicaid,2021-10-25
P07699,Female,1992-06-07,AZ,Commercial,2020-07-12
P07700,Female,1957-04-13,TX,Medicare,2022-08-02
P07701,Female,1979-05-14,OH,Commercial,2019-05-07
P07702,Male,1955-05-14,NY,Medicare,2023-12-30
P07703,Female,1950-12-01,TX,Medicare,2019-12-05
P07704,Female,1952-02-24,OH,Medicare,2021-07-16
P07705,Female,2012-10-30,GA,Commercial,2021-06-04
P07706,Female,1949-08-10,TX,Medicare,2022-06-13
P07707,Female,1988-06-28,GA,Commercial,2022-01-17
P07708,Female,1996-02-26,FL,Commercial,2021-10-31
P07709,Female,1985-05-16,TX,Commercial,2022-06-13
P07710,Female,1952-10-26,AZ,Medicare,2023-12-11
P07711,Female,2005-09-18,TX,Commercial,2022-01-01
P07712,Female,1950-10-20,NC,Medicare,2021-12-29
P07713,Male,1964-05-30,GA,Commercial,2020-05-24
P07714,Female,1974-04-14,PA,Commercial,2021-08-26
P07715,Female,2013-04-17,CA,Commercial,2021-04-04
P07716,Female,2018-04-02,AZ,Commercial,2021-09-03
P07717,Male,1949-04-19,TX,Medicare,2021-11-19
P07718,Female,1978-02-05,NY,Medicaid,2020-06-02
P07719,Male,1938-02-04,FL,Medicare,2020-08-16
P07720,Male,1959-09-23,FL,Commercial,2019-01-18
P07721,Female,2023-09-12,CA,Commercial,2021-07-09
P07722,Female,1999-12-12,OH,Medicaid,2023-11-12
P07723,Male,2006-09-25,FL,Commercial,2021-01-28
P07724,Female,1966-06-29,NC,Commercial,2022-01-09
P07725,Male,2016-05-05,NC,Medicaid,2023-07-11
P07726,Male,1997-02-15,NY,Commercial,2019-09-21
P07727,Female,1967-05-30,OH,Commercial,2020-11-02
P07728,Male,1960-01-12,CA,Commercial,2020-11-16
P07729,Female,1939-06-14,IL,Medicare,2020-10-27
P07730,Female,1981-02-21,OH,Commercial,2019-02-01
P07731,Male,1940-03-12,IL,Medicare,2020-07-25
P07732,Male,2017-07-06,TX,Commercial,2020-06-09
P07733,Female,1997-02-16,PA,Commercial,2020-04-01
P07734,Male,1992-02-20,AZ,Commercial,2020-05-20
P07735,Female,1990-09-08,FL,Medicaid,2020-06-26
P07736,Male,2020-10-14,NY,Commercial,2023-08-16
P07737,Female,1937-11-17,PA,Medicare,2021-12-28
P07738,Female,1998-01-29,TX,Commercial,2022-08-17
P07739,Male,2016-07-23,NY,Commercial,2019-07-21
P07740,Male,1964-06-08,OH,Commercial,2021-01-31
P07741,Female,1934-09-23,PA,Medicare,2021-06-04
P07742,Male,2008-08-11,FL,Commercial,2021-05-23
P07743,Female,1991-08-08,TX,Medicaid,2020-08-04
P07744,Male,1962-06-02,TX,Medicaid,2020-03-11
P07745,Male,1944-10-29,FL,Medicare,2022-12-30
P07746,Male,1941-03-20,FL,Medicare,2019-01-14
P07747,Female,1948-08-11,OH,Medicare,2020-03-12
P07748,Male,1958-10-05,PA,Medicare,2022-12-20
P07749,Male,1966-12-26,AZ,Commercial,2020-12-22
P07750,Female,1961-11-24,AZ,Medicaid,2021-11-11
P07751,Male,1975-09-25,AZ,Medicaid,2022-02-13
P07752,Female,1981-04-08,FL,Commercial,2019-09-03
P07753,Female,2001-02-22,TX,Medicaid,2022-07-29
P07754,Male,1965-01-18,FL,Medicaid,2019-10-25
P07755,Female,1962-09-14,NC,Commercial,2020-10-26
P07756,Male,1959-05-14,AZ,Medicaid,2019-12-02
P07757,Female,1961-09-25,FL,Commercial,2020-04-11
P07758,Female,1982-11-09,NY,Commercial,2020-11-25
P07759,Male,1961-06-16,NY,Commercial,2023-01-19
P07760,Male,1942-05-11,FL,Medicare,2019-01-15
P07761,Male,2008-03-29,PA,Commercial,2020-10-16
P07762,Female,2021-11-19,TX,Medicaid,2022-03-19
P07763,Female,1960-04-03,TX,Commercial,2022-09-21
P07764,Male,1996-09-12,AZ,Commercial,2023-06-03
P07765,Male,1947-09-22,GA,Medicare,2022-06-04
P07766,Male,2005-12-20,TX,Commercial,2023-05-05
P07767,Male,1944-10-18,OH,Medicare,2019-07-26
P07768,Female,1970-07-07,NY,Commercial,2021-10-28
P07769,Female,1989-10-23,CA,Medicaid,2020-11-15
P07770,Female,1950-09-05,NY,Medicare,2019-12-24
P07771,Female,2003-06-22,GA,Commercial,2019-03-14
P07772,Female,1984-11-26,Unknown,Commercial,2021-09-27
P07773,Male,1992-02-16,PA,Commercial,2023-09-28
P07774,Female,1963-09-11,GA,Medicaid,2020-12-12
P07775,Female,1937-03-29,AZ,Medicare,2019-04-09
P07776,Male,2018-05-09,FL,Commercial,2022-03-19
P07777,Female,1976-04-01,IL,Commercial,2023-06-29
P07778,Male,1962-09-17,IL,Medicaid,2020-06-06
P07779,Male,1966-10-30,FL,Commercial,2020-11-25
P07780,Male,1958-11-09,CA,Medicare,2023-03-28
P07781,Male,1952-10-09,OH,Medicare,2023-12-26
P07782,Male,2001-06-16,CA,Commercial,2021-05-27
P07783,Female,1955-05-19,IL,Medicare,2023-04-05
P07784,Male,1983-04-02,FL,Commercial,2023-01-29
P07785,Male,1960-01-15,IL,Commercial,2022-06-17
P07786,Female,2001-03-03,CA,Medicaid,2021-08-29
P07787,Male,1944-08-23,TX,Medicare,2019-12-01
P07788,Female,1979-07-13,NY,Medicaid,2021-11-07
P07789,Male,1933-01-17,TX,Medicare,2019-10-28
P07790,Female,1973-04-16,NY,Commercial,2020-12-24
P07791,Male,1941-08-01,FL,Medicare,2022-01-15
P07792,Female,1954-03-02,PA,Medicare,2021-06-16
P07793,Female,2015-11-13,TX,Commercial,2023-04-19
P07794,Female,2012-04-30,NY,Commercial,2019-02-16
P07795,Male,1940-01-20,IL,Medicare,2022-06-30
P07796,Male,1952-06-22,IL,Medicare,2019-07-03
P07797,Female,2019-05-23,OH,Commercial,2020-10-11
P07798,Female,2020-12-10,FL,Medicaid,2022-07-14
P07799,Male,2005-05-25,IL,Commercial,2021-07-27
P07800,Male,1992-09-17,FL,Commercial,2023-05-25
P07801,Female,2021-01-03,TX,Commercial,2020-12-04
P07802,Male,2015-09-07,Unknown,Medicaid,2023-09-05
P07803,Male,1984-09-08,FL,Commercial,2020-10-22
P07804,Female,2003-08-10,FL,Commercial,2023-01-05
P07805,Female,1974-04-21,CA,Commercial,2023-05-12
P07806,Female,1947-01-19,NY,Medicare,2022-11-22
P07807,Male,1951-08-28,TX,Medicare,2023-07-22
P07808,Male,1962-10-16,OH,Commercial,2019-07-25
P07809,Female,1979-03-28,IL,Medicaid,2019-04-29
P07810,Male,1970-06-17,AZ,Commercial,2019-05-20
P07811,Female,1992-07-19,FL,Commercial,2020-05-31
P07812,Male,1940-01-05,NC,Medicare,2022-11-07
P07813,Male,1953-07-04,PA,Medicare,2020-03-18
P07814,Male,1987-05-21,GA,Commercial,2020-03-18
P07815,Male,1935-01-08,NY,Medicare,2022-10-27
P07816,Female,2013-10-16,FL,Commercial,2019-10-29
P07817,Female,1958-02-05,FL,Medicare,2019-01-08
P07818,Female,1948-01-16,FL,Medicare,2022-02-12
P07819,Male,1995-07-14,NC,Medicaid,2021-01-23
P07820,Female,1996-08-31,CA,Commercial,2019-08-25
P07821,Male,1950-11-02,FL,Medicare,2022-09-10
P07822,Female,1935-12-15,CA,Medicare,2019-01-23
P07823,Female,1979-01-07,FL,Commercial,2022-06-27
P07824,Female,1982-07-27,GA,Commercial,2019-03-02
P07825,Male,1967-05-03,IL,Medicaid,2022-11-01
P07826,Female,2006-10-05,NY,Commercial,2020-04-18
P07827,Female,1953-09-04,OH,Medicare,2021-05-18
P07828,Female,1982-03-08,TX,Commercial,2022-02-22
P07829,Male,2005-05-06,FL,Medicaid,2021-10-22
P07830,Male,1962-10-12,IL,Commercial,2022-11-13
P07831,Male,2008-12-30,FL,Medicaid,2020-08-23
P07832,Male,1937-03-07,TX,Medicare,2019-01-16
P07833,Male,2002-12-02,NC,Commercial,2021-01-27
P07834,Male,1938-12-18,CA,Medicare,2022-08-15
P07835,Male,1942-09-13,IL,Medicare,2020-08-27
P07836,Female,2009-01-26,AZ,Commercial,2021-10-23
P07837,Female,1967-05-11,FL,Commercial,2019-05-26
P07838,Male,1933-12-16,GA,Medicare,2022-09-06
P07839,Female,1944-02-01,CA,Medicare,2021-05-31
P07840,Female,1965-01-23,FL,Commercial,2021-07-10
P07841,Male,2003-04-22,CA,Medicaid,2019-07-30
P07842,Female,2023-12-06,TX,Commercial,2023-06-14
P07843,Male,1995-12-27,IL,Commercial,2020-11-30
P07844,Male,1940-02-17,IL,Medicare,2019-12-17
P07845,Female,1974-03-06,GA,Commercial,2022-03-13
P07846,Female,2018-03-03,FL,Commercial,2021-06-24
P07847,Female,1934-07-07,AZ,Medicare,2022-07-13
P07848,Male,1983-05-30,FL,Commercial,2021-11-27
P07849,Male,1981-10-29,FL,Commercial,2019-04-04
P07850,Male,1954-12-18,GA,Medicare,2022-03-10
P07851,Female,1933-10-12,TX,Medicare,2022-12-29
P07852,Female,1967-05-20,FL,Medicaid,2021-02-07
P07853,Male,1938-08-07,TX,Medicare,2021-08-27
P07854,Male,1970-05-20,FL,Commercial,2020-02-08
P07855,Female,1962-07-24,OH,Commercial,2023-10-27
P07856,Female,1939-06-12,GA,Medicare,2019-06-29
P07857,Female,1996-01-19,PA,Commercial,2020-06-30
P07858,Female,1999-05-16,CA,Commercial,2019-10-19
P07859,Male,1995-01-18,NY,Medicaid,2021-12-19
P07860,Male,1937-01-12,AZ,Medicare,2021-10-10
P07861,Female,1948-05-20,TX,Medicare,2022-05-01
P07862,Female,1982-01-02,FL,Commercial,2019-11-01
P07863,Female,1988-10-02,CA,Commercial,2023-08-25
P07864,Female,1991-06-26,FL,Commercial,2021-05-12
P07865,Female,1943-12-05,GA,Medicare,2022-09-14
P07866,Female,2018-11-28,IL,Commercial,2020-10-24
P07867,Female,1967-11-14,IL,Commercial,2019-03-09
P07868,Male,1961-11-13,NY,Commercial,2020-08-18
P07869,Male,1937-08-04,NY,Medicare,2023-10-13
P07870,Male,1935-04-14,CA,Medicare,2022-01-02
P07871,Female,1983-01-07,FL,Commercial,2023-11-05
P07872,Female,2023-01-08,GA,Commercial,2021-07-28
P07873,Female,2017-10-27,CA,Commercial,2023-02-18
P07874,Female,1965-07-25,TX,Commercial,2020-07-17
P07875,Female,1936-07-27,GA,Medicare,2021-05-03
P07876,Female,1986-11-26,CA,Commercial,2022-06-19
P07877,Male,1946-12-17,CA,Medicare,2019-09-20
P07878,Male,1949-08-25,Unknown,Medicare,2020-04-08
P07879,Male,2006-02-22,IL,Medicaid,2020-11-13
P07880,Male,2014-08-13,OH,Medicaid,2022-03-26
P07881,Male,1977-08-14,CA,Commercial,2022-08-23
P07882,Male,1997-01-02,GA,Commercial,2021-01-28
P07883,Male,1961-08-16,CA,Commercial,2020-01-21
P07884,Female,1947-04-26,NC,Medicare,2019-10-26
P07885,Male,2023-01-08,CA,Commercial,2020-02-13
P07886,Male,2007-11-19,CA,Commercial,2023-11-20
P07887,Female,1975-06-29,FL,Commercial,2019-01-30
P07888,Female,1978-08-30,TX,Commercial,2022-10-20
P07889,Male,1951-11-19,IL,Medicare,2023-12-14
P07890,Male,1954-12-14,FL,Medicare,2021-03-13
P07891,Female,1949-05-09,CA,Medicare,2021-09-23
P07892,Female,2010-05-07,IL,Medicaid,2023-06-22
P07893,Female,1978-06-09,FL,Commercial,2022-12-06
P07894,Female,2023-05-01,AZ,Commercial,2022-12-22
P07895,Female,1971-04-14,IL,Commercial,2021-10-21
P07896,Female,1947-12-12,NC,Medicare,2020-04-04
P07897,Female,1943-12-20,NC,Medicare,2020-08-05
P07898,Female,2007-09-01,PA,Commercial,2023-11-15
P07899,Male,1996-06-07,FL,Medicaid,2023-02-18
P07900,Male,1974-02-05,NC,Commercial,2020-12-14
P07901,Female,2011-01-09,TX,Commercial,2019-12-28
P07902,Female,1936-03-05,PA,Medicare,2023-10-31
P07903,Male,2020-09-16,NY,Medicaid,2022-04-29
P07904,Female,1947-06-06,OH,Medicare,2023-06-04
P07905,Male,1979-11-20,FL,Medicaid,2021-07-29
P07906,Female,1987-07-09,Unknown,Commercial,2022-01-19
P07907,Female,1947-11-26,PA,Medicare,2023-02-18
P07908,Male,2009-01-03,TX,Medicaid,2019-03-08
P07909,Female,1952-07-20,NY,Medicare,2020-03-11
P07910,Female,1996-04-12,NC,Commercial,2021-04-10
P07911,Female,2015-11-25,FL,Medicaid,2020-03-05
P07912,Female,1966-01-18,TX,Commercial,2022-06-11
P07913,Male,2006-06-23,TX,Commercial,2019-05-01
P07914,Male,1977-12-05,IL,Medicaid,2021-12-12
P07915,Male,2013-08-19,FL,Medicaid,2022-01-27
P07916,Female,1981-10-15,TX,Medicaid,2021-02-27
P07917,Female,2010-12-06,AZ,Medicaid,2021-02-10
P07918,Male,2005-12-20,PA,Commercial,2020-11-27
P07919,Female,1997-04-15,NC,Medicaid,2019-11-04
P07920,Male,2015-02-19,CA,Commercial,2022-08-31
P07921,Male,1957-05-05,PA,Medicare,2020-06-20
P07922,Female,1975-04-23,IL,Commercial,2023-01-06
P07923,Male,2001-12-18,IL,Medicaid,2022-10-20
P07924,Female,1954-10-28,CA,Medicare,2021-07-12
P07925,Male,1981-12-19,NC,Medicaid,2021-05-19
P07926,Female,1983-01-11,OH,Commercial,2020-10-12
P07927,Male,1983-04-07,OH,Commercial,2023-04-22
P07928,Male,1960-01-18,NC,Commercial,2019-12-03
P07929,Female,1982-02-04,FL,Commercial,2021-03-21
P07930,Male,1952-10-11,OH,Medicare,2021-01-15
P07931,Female,2005-06-28,TX,Commercial,2020-04-08
P07932,Female,1956-05-09,FL,Medicare,2020-07-17
P07933,Female,1996-04-05,FL,Commercial,2021-11-10
P07934,Male,1987-05-03,GA,Commercial,2021-08-01
P07935,Female,1935-07-20,NY,Medicare,2022-11-03
P07936,Male,2008-12-30,GA,Commercial,2021-03-03
P07937,Male,2009-01-23,NC,Commercial,2022-12-27
P07938,Male,2020-04-24,AZ,Commercial,2020-10-29
P07939,Male,2019-03-02,FL,Commercial,2021-11-30
P07940,Male,1950-10-12,FL,Medicare,2022-10-27
P07941,Female,1991-11-24,GA,Commercial,2021-08-16
P07942,Male,2004-02-07,OH,Commercial,2019-05-03
P07943,Female,1940-03-12,GA,Medicare,2021-03-12
P07944,Female,1953-02-28,FL,Medicare,2022-04-11
P07945,Female,1942-07-24,Unknown,Medicare,2021-10-02
P07946,Female,1978-02-04,FL,Commercial,2020-12-24
P07947,Female,1965-10-11,NC,Medicaid,2023-03-27
P07948,Female,1994-03-30,NC,Commercial,2021-03-14
P07949,Male,1991-07-05,TX,Commercial,2023-11-01
P07950,Male,1989-11-01,NY,Medicaid,2019-09-27
P07951,Female,1933-04-14,CA,Medicare,2020-12-15
P07952,Female,1952-08-22,AZ,Medicare,2023-06-08
P07953,Female,2000-11-04,OH,Medicaid,2021-09-03
P07954,Female,1993-04-17,OH,Commercial,2019-08-02
P07955,Male,2022-03-25,AZ,Medicaid,2019-03-08
P07956,Female,1946-09-04,TX,Medicare,2023-04-26
P07957,Female,2002-01-13,FL,Commercial,2022-08-26
P07958,Female,2019-04-17,OH,Commercial,2023-04-13
P07959,Female,1973-12-23,FL,Commercial,2022-02-27
P07960,Male,1960-08-31,TX,Medicaid,2019-09-11
P07961,Male,1990-01-10,NC,Commercial,2020-06-21
P07962,Male,2021-10-28,CA,Commercial,2022-09-19
P07963,Female,1953-01-17,TX,Medicare,2022-05-18
P07964,Male,1952-06-25,NY,Medicare,2020-12-11
P07965,Male,2008-04-29,GA,Commercial,2021-01-07
P07966,Female,1977-04-25,FL,Medicaid,2021-09-07
P07967,Male,1957-06-28,TX,Medicare,2021-11-24
P07968,Male,2018-06-26,FL,Medicaid,2019-05-02
P07969,Male,1979-06-08,AZ,Commercial,2021-06-27
P07970,Female,2006-05-11,NY,Commercial,2020-02-04
P07971,Male,1944-04-06,IL,Medicare,2019-03-17
P07972,Male,2013-07-25,Unknown,Commercial,2022-04-30
P07973,Male,1951-07-26,NY,Medicare,2020-02-10
P07974,Female,1976-03-22,TX,Commercial,2019-12-09
P07975,Female,1945-03-30,IL,Medicare,2022-11-27
P07976,Male,1986-05-08,FL,Medicaid,2022-11-15
P07977,Male,1963-07-17,NY,Medicaid,2023-03-13
P07978,Male,2019-06-06,GA,Medicaid,2020-12-04
P07979,Female,1970-06-06,OH,Medicaid,2020-03-13
P07980,Female,1994-07-26,PA,Commercial,2020-03-31
P07981,Male,1962-10-27,CA,Commercial,2022-01-24
P07982,Male,2010-06-19,TX,Medicaid,2020-06-27
P07983,Male,1977-07-23,CA,Medicaid,2023-11-08
P07984,Male,1961-12-13,CA,Medicaid,2020-09-20
P07985,Female,1945-01-17,CA,Medicare,2021-08-19
P07986,Female,2016-05-02,IL,Commercial,2019-11-09
P07987,Female,1998-11-20,GA,Medicaid,2019-03-03
P07988,Female,1985-10-18,GA,Medicaid,2021-03-22
P07989,Male,1954-06-06,FL,Medicare,2020-11-23
P07990,Female,1992-02-22,NC,Medicaid,2019-05-13
P07991,Male,1949-07-07,IL,Medicare,2022-04-15
P07992,Female,1986-03-10,TX,Medicaid,2023-04-12
P07993,Male,1982-11-15,TX,Commercial,2021-06-21
P07994,Male,1961-06-22,AZ,Medicaid,2022-03-23
P07995,Female,1962-03-05,FL,Commercial,2020-10-30
P07996,Male,2001-02-25,PA,Commercial,2020-02-03
P07997,Male,2005-10-05,AZ,Commercial,2021-06-26
P07998,Male,1975-05-02,OH,Commercial,2022-06-18
P07999,Female,1989-12-17,TX,Commercial,2021-03-07
P08000,Male,1994-11-10,CA,Medicaid,2021-10-15
