patient_id,gender,date_of_birth,state,plan_type,enrollment_date
P00001,M,1933-04-21,FL,Medicare,2019-07-04
P00002,M,1990-05-04,NY,Commercial,2020-04-20
P00003,F,1984-02-02,TX,Medicaid,2022-12-20
P00004,F,1935-08-21,IL,Medicare,2019-01-10
P00005,F,1966-03-31,CA,Commercial,2019-01-16
P00006,F,2019-10-11,FL,Medicaid,2023-10-19
P00007,F,1948-01-24,AZ,Medicare,2023-11-16
P00008,M,1958-12-01,NC,Medicare,2022-10-12
P00009,F,1992-04-02,FL,Commercial,2020-01-13
P00010,M,2012-11-24,OH,Commercial,2021-01-06
P00011,M,1997-02-13,CA,Commercial,2021-06-10
P00012,F,2007-01-16,TX,Medicaid,2021-12-05
P00013,M,1948-03-08,FL,Medicare,2021-08-09
P00014,F,2008-03-19,GA,Medicaid,2020-10-25
P00015,M,1998-07-10,FL,Commercial,2023-09-07
P00016,M,1964-10-03,OH,Commercial,2021-01-26
P00017,M,1948-01-07,GA,Medicare,2022-11-24
P00018,F,1974-06-21,NY,Commercial,2020-01-24
P00019,F,2018-03-08,AZ,Medicaid,2023-01-10
P00020,F,1943-04-16,AZ,Medicare,2023-08-25
P00021,M,1950-04-20,OH,Medicare,2021-10-30
P00022,F,1961-08-25,OH,Commercial,2021-10-19
P00023,F,2007-07-30,IL,Medicaid,2021-05-30
P00024,F,2020-07-24,OH,Medicaid,2019-09-15
P00025,F,1956-05-26,NY,Medicare,2020-07-03
P00026,F,1965-04-13,FL,Commercial,2022-03-10
P00027,F,1987-10-21,GA,Commercial,2020-05-15
P00028,M,2020-10-09,NY,Commercial,2021-06-26
P00029,F,1991-12-15,GA,Commercial,2022-11-19
P00030,F,1958-06-22,TX,Medicare,2023-11-23
P00031,F,1943-05-02,FL,Medicare,2023-12-25
P00032,F,2020-10-16,CA,Medicaid,2022-11-18
P00033,M,2003-04-17,TX,Commercial,2019-11-29
P00034,F,1959-12-31,GA,Commercial,2021-09-07
P00035,F,2021-02-18,CA,Commercial,2021-09-29
P00036,F,1964-04-24,GA,Commercial,2022-01-03
P00037,female,1990-04-26,NY,Commercial,2022-09-21
P00038,M,1985-04-17,GA,Commercial,2020-06-06
P00039,M,1963-08-24,NC,Commercial,2023-12-09
P00040,F,1942-01-02,PA,Medicare,2020-12-11
P00041,F,1960-04-03,FL,Commercial,2019-04-28
P00042,F,2006-10-26,PA,Medicaid,2019-08-09
P00043,M,1943-01-30,PA,Medicare,2022-02-27
P00044,F,1994-04-06,AZ,Commercial,2019-09-25
P00045,M,1984-09-09,PA,Medicaid,2022-10-25
P00046,F,2003-01-20,CA,Medicaid,2022-10-18
P00047,M,1972-10-02,FL,Commercial,2022-04-15
P00048,female,2022-05-10,FL,Commercial,2023-11-30
P00049,F,1947-05-02,FL,Medicare,2022-09-04
P00050,F,1981-01-14,NY,Commercial,2019-09-25
P00051,F,1989-06-06,AZ,Commercial,2020-03-11
P00052,M,1984-01-04,FL,Commercial,2022-05-11
P00053,F,1940-09-19,NY,Medicare,2022-06-10
P00054,F,1948-03-14,AZ,Medicare,2022-04-08
P00055,M,1935-10-04,FL,Medicare,2023-05-29
P00056,F,1940-01-02,FL,Medicare,2023-03-18
P00057,F,1987-03-29,GA,Commercial,2019-01-16
P00058,F,1933-05-17,GA,Medicare,2020-07-16
P00059,F,1960-12-07,NY,Commercial,2020-08-13
P00060,M,1990-07-03,TX,Commercial,2022-08-08
P00061,F,1958-11-09,CA,Medicare,2019-09-22
P00062,M,2011-02-01,FL,Commercial,2023-02-13
P00063, f,1941-08-15,NC,Medicare,2019-03-01
P00064,F,1949-03-03,GA,Medicare,2021-06-27
P00065,M,1955-02-05,NY,Medicare,2022-05-08
P00066,M,1944-11-21,FL,Medicare,2020-04-02
P00067,M,1938-03-29,OH,Medicare,2021-12-01
P00068,F,2014-09-12,CA,Commercial,2022-08-27
P00069,F,2001-11-22,GA,Commercial,2020-08-02
P00070,M,2003-09-28,CA,Commercial,2020-05-24
P00071,M,1970-06-14,TX,Commercial,2020-12-27
P00072,F,1967-02-23,PA,Commercial,2021-09-10
P00073,F,1993-04-23,AZ,Medicaid,2022-05-11
P00074,M,1991-10-08,FL,Commercial,2021-12-26
P00075,F,2004-09-14,NY,Commercial,2019-08-20
P00076,M,1989-09-12,GA,Commercial,2022-03-16
P00077,M,1978-04-07,OH,Commercial,2019-03-03
P00078,female,1956-06-25,FL,Medicare,2023-04-11
P00079,F,1953-12-23,CA,Medicare,2023-03-11
P00080,M,1937-12-04,PA,Medicare,2022-05-04
P00081,M,1944-12-04,TX,Medicare,2023-12-27
P00082,M,2019-01-16,PA,Commercial,2019-08-11
P00083,M,1979-07-01,FL,Medicaid,2022-04-20
P00084,F,1971-07-06,IL,Commercial,2023-06-29
P00085,F,1988-03-29,OH,Commercial,2020-11-29
P00086,M,1964-10-23,TX,Commercial,2019-03-20
P00087,F,1936-12-20,FL,Medicare,2019-01-14
P00088,M,2020-09-24,NY,Commercial,2023-06-19
P00089,F,1982-10-16,NC,Commercial,2020-01-15
P00090, f,1934-03-15,FL,Medicare,2022-03-12
P00091,F,2018-03-08,IL,Commercial,2019-10-28
P00092,M,1953-05-14,OH,Medicare,2020-12-21
P00093,M,1995-02-03,AZ,Commercial,2020-05-06
P00094,M,1984-07-15,GA,Commercial,2019-10-25
P00095,F,1975-10-06,TX,Commercial,2019-07-12
P00096,M,1933-09-01,GA,Medicare,2023-04-14
P00097,M,1984-11-10,GA,Commercial,2020-05-21
P00098,F,1988-02-07,FL,Commercial,2023-04-19
P00099,M,1986-05-25,FL,Commercial,2019-04-15
P00100,male,1978-03-25,NC,Medicaid,2020-11-11
P00101,F,1999-09-21,FL,Medicaid,2023-01-15
P00102,F,1948-04-13,FL,Medicare,2022-07-16
P00103,M,1985-09-02,NY,Commercial,2019-07-12
P00104,F,2014-07-22,NC,Medicaid,2020-10-12
P00105,M,1934-05-08,OH,Medicare,2022-11-09
P00106,M,1935-01-08,CA,Medicare,2019-11-26
P00107,F,2011-06-12,GA,Commercial,2020-05-31
P00108,F,1995-04-17,CA,Commercial,2023-08-14
P00109,M,1963-05-29,CA,Commercial,2022-08-03
P00110,F,1964-07-30,GA,Medicaid,2019-10-13
P00111,F,1974-01-25,FL,Commercial,2022-04-01
P00112,F,1987-01-16,IL,Commercial,2023-10-25
P00113,M,2010-09-09,FL,Commercial,2020-12-25
P00114,F,1943-02-09,GA,Medicare,2019-07-06
P00115,F,1974-07-20,GA,Commercial,2021-03-22
P00116,M,1964-04-05,IL,Medicaid,2019-02-16
P00117,F,1935-06-27,NY,Medicare,2023-06-07
P00118,M,1940-03-27,AZ,Medicare,2020-08-31
P00119,female,1992-02-17,PA,Commercial,2020-10-03
P00120,M,1936-07-30,OH,Medicare,2019-01-31
P00121,F,1956-04-20,FL,Medicare,2021-05-25
P00122,F,1942-06-29,TX,Medicare,2019-11-23
P00123,F,2021-03-15,PA,Commercial,2023-04-11
P00124,M,1976-10-23,AZ,Commercial,2023-10-13
P00125,M,2009-04-09,PA,Commercial,2020-06-03
P00126,F,1978-05-28,IL,Commercial,2023-12-26
P00127,F,1999-07-21,CA,Commercial,2019-08-19
P00128,F,1972-08-18,NY,Commercial,2023-11-25
P00129,Female,2016-04-19,NY,Commercial,2020-07-24
P00130,F,1934-08-27,NY,Medicare,2021-09-29
P00131,M,2010-12-19,FL,Commercial,2020-10-11
P00132,F,1995-01-20,TX,Medicaid,2020-11-20
P00133,M,1958-07-21,FL,Medicare,2021-10-13
P00134,F,2013-11-01,FL,Commercial,2021-08-06
P00135,M,1947-10-11,TX,Medicare,2021-06-27
P00136,Female,1961-03-04,NC,Commercial,2020-08-14
P00137,F,2021-09-01,CA,Medicaid,2020-06-14
P00138,M,2018-09-20,CA,Commercial,2021-10-03
P00139,F,1952-07-07,OH,Medicare,2022-03-29
P00140,M,1981-12-21,TX,Commercial,2023-10-16
P00141,male,1964-06-10,NY,Commercial,2020-02-09
P00142,M,1978-12-17,NY,Commercial,2022-11-15
P00143,M,1977-03-02,FL,Medicaid,2021-10-31
P00144,F,1945-07-28,CA,Medicare,2019-01-16
P00145,F,1990-10-13,OH,Commercial,2020-01-30
P00146,M,2000-07-19,GA,Commercial,2022-04-10
P00147,F,1969-10-28,PA,Commercial,2021-08-18
P00148,M,1947-09-07,GA,Medicare,2022-05-19
P00149,F,2022-11-14,NY,Commercial,2020-11-15
P00150,M,1987-05-02,PA,Commercial,2023-03-29
P00151,F,1960-01-10,NC,Medicaid,2019-03-30
P00152,F,1959-07-08,CA,Medicaid,2019-01-26
P00153,M,1985-11-26,CA,Commercial,2022-07-06
P00154,M,1958-12-04,FL,Medicare,2022-11-07
P00155,F,2006-03-03,NC,Commercial,2021-04-22
P00156,F,1952-08-26,CA,Medicare,2020-10-08
P00157,M,2012-09-14,FL,Commercial,2020-10-14
P00158,F,1933-11-24,FL,Medicare,2023-10-17
P00159,M,1942-05-03,AZ,Medicare,2020-06-13
P00160,M,1933-12-09,FL,Medicare,2023-09-02
P00161,F,1991-02-05,IL,Commercial,2022-04-17
P00162,F,1965-10-16,GA,Medicaid,2020-06-02
P00163,F,2006-12-06,TX,Commercial,2019-07-28
P00164,F,1967-04-21,CA,Commercial,2020-10-29
P00165,M,1950-08-24,CA,Medicare,2023-03-16
P00166,F,2002-04-21,NY,Commercial,2020-08-08
P00167,M,2023-12-18,TX,Medicaid,2023-10-26
P00168,M,1979-02-21,NY,Medicaid,2022-11-06
P00169,F,1968-09-09,NC,Commercial,2023-05-21
P00170,M,1966-03-30,TX,Medicaid,2019-01-30
P00171,F,2013-01-24,CA,Commercial,2022-02-28
P00172,F,1937-06-19,TX,Medicare,2021-03-18
P00173,M,2014-09-01,TX,Commercial,2020-01-20
P00174,F,1983-09-09,GA,Medicaid,2019-02-27
P00175,F,1978-04-25,GA,Commercial,2019-01-11
P00176,F,2014-12-29,OH,Commercial,2023-03-08
P00177,F,2016-11-08,AZ,Commercial,2022-01-13
P00178,M,2019-05-10,FL,Medicaid,2021-12-23
P00179,M,1977-12-22,FL,Medicaid,2020-01-09
P00180,male,1956-09-17,AZ,Medicare,2022-04-29
P00181,M,2016-05-09,TX,Medicaid,2022-11-05
P00182,M,1991-10-02,TX,Medicaid,2020-03-24
P00183,F,1939-01-27,NC,Medicare,2021-07-12
P00184,M,2008-01-11,TX,Commercial,2020-04-07
P00185,F,1956-12-19,NY,Medicare,2022-02-07
P00186,F,1952-10-29,IL,Medicare,2021-07-28
P00187,M,2007-02-04,CA,Commercial,2023-12-16
P00188,M,1998-12-20,NC,Commercial,2023-12-03
P00189,M,1947-07-08,GA,Medicare,2024-01-01
P00190,Female,1991-01-20,GA,Commercial,2023-02-16
P00191,M,2010-05-31,IL,Medicaid,2022-04-07
P00192,F,1998-09-11,IL,Commercial,2023-10-02
P00193,F,1983-12-30,OH,Commercial,2023-03-14
P00194,M,1998-08-10,FL,Medicaid,2019-10-09
P00195,F,1981-06-17,PA,Commercial,2019-09-25
P00196,M,2016-12-02,FL,Commercial,2022-07-22
P00197,M,1949-06-22,CA,Medicare,2019-04-10
P00198,M,1967-08-07,NC,Medicaid,2023-05-31
P00199,F,1993-09-04,TX,Commercial,2023-11-05
P00200,F,1984-01-12,NY,Commercial,2022-03-26
P00201,M,1938-02-08,OH,Medicare,2022-09-05
P00202,M,2014-04-22,IL,Medicaid,2023-08-13
P00203,F,1939-05-31,,Medicare,2019-10-08
P00204,F,1996-07-12,FL,Commercial,2019-02-10
P00205,Female,1966-12-06,CA,Commercial,2022-08-26
P00206,M,1996-09-10,GA,Commercial,2022-06-06
P00207,F,1997-12-28,FL,Commercial,2020-05-30
P00208,M,1940-08-20,GA,Medicare,2019-05-05
P00209,F,2011-07-13,FL,Commercial,2022-07-27
P00210,F,1940-05-22,NY,Medicare,2020-08-04
P00211,M,1946-08-24,AZ,Medicare,2023-11-20
P00212,M,1958-09-30,PA,Medicare,2021-03-04
P00213,F,2019-04-17,CA,Commercial,2019-01-26
P00214,F,1978-11-06,FL,Medicaid,2021-08-17
P00215,M,1934-11-16,NC,Medicare,2020-10-18
P00216,F,1937-04-21,NY,Medicare,2020-07-26
P00217,F,2005-06-01,OH,Commercial,2020-11-04
P00218,M ,2004-02-18,NY,Commercial,2020-07-28
P00219,F,2023-04-07,NC,Medicaid,2019-07-28
P00220,M,2022-02-05,GA,Commercial,2023-12-13
P00221,F,1972-05-03,PA,Commercial,2019-08-01
P00222,M,1994-02-27,OH,Commercial,2019-06-20
P00223,M,1942-10-31,TX,Medicare,2019-06-27
P00224,M,1996-06-21,AZ,Medicaid,2022-03-01
P00225,M,1978-01-21,FL,Commercial,2021-02-02
P00226,M,1976-03-19,FL,Medicaid,2022-03-28
P00227,F,2005-08-06,OH,Commercial,2019-10-21
P00228,F,1940-01-28,CA,Medicare,2021-12-20
P00229,F,1934-09-08,FL,Medicare,2022-06-09
P00230,M,1982-12-23,FL,Commercial,2020-07-30
P00231,F,1960-03-16,FL,Commercial,2023-10-03
P00232,F,2004-08-03,FL,Commercial,2022-02-14
P00233,F,2016-12-19,NY,Medicaid,2022-12-21
P00234,M,1943-10-19,FL,Medicare,2022-02-18
P00235,F,2002-12-05,NY,Medicaid,2021-10-05
P00236,F,1977-01-02,CA,Medicaid,2023-09-08
P00237,M,1977-02-25,NC,Commercial,2019-09-06
P00238,M,1948-01-27,IL,Medicare,2021-12-02
P00239,M,1985-10-26,FL,Commercial,2022-03-18
P00240, f,2001-03-14,FL,Commercial,2023-04-04
P00241,M,1984-06-09,FL,Medicaid,2019-01-10
P00242,F,1949-09-15,TX,Medicare,2019-09-23
P00243,F,1989-05-01,NY,Commercial,2021-08-05
P00244,F,1943-01-19,FL,Medicare,2022-05-01
P00245,F,1934-07-16,NC,Medicare,2021-08-31
P00246,M,2011-12-22,AZ,Medicaid,2019-03-15
P00247,M,1935-02-28,GA,Medicare,2022-11-23
P00248,M,1962-10-24,FL,Commercial,2020-07-31
P00249,M,1995-10-27,OH,Commercial,2019-06-28
P00250,F,1959-05-21,OH,Commercial,2020-03-23
P00251,M,1957-03-15,FL,Medicare,2019-08-27
P00252,M,1970-03-17,CA,Medicaid,2019-04-08
P00253,female,1959-02-19,GA,Commercial,2023-09-14
P00254, f,2004-02-13,CA,Commercial,2022-10-22
P00255,M,2014-11-15,NC,Commercial,2023-04-13
P00256,M,1940-09-13,GA,Medicare,2021-03-02
P00257,Female,1967-04-14,GA,Medicaid,2021-12-19
P00258,M,2018-08-11,CA,Commercial,2023-10-19
P00259,Female,1982-04-14,CA,Commercial,2021-03-20
P00260,F,1947-07-19,IL,Medicare,2023-07-02
P00261,M,2021-07-20,NY,Commercial,2021-12-19
P00262,M ,1990-12-22,OH,Medicaid,2022-03-03
P00263,M,2018-05-23,NC,Commercial,2019-07-16
P00264,F,2012-02-20,NC,Commercial,2020-08-04
P00265,M,1992-03-08,FL,Medicaid,2020-11-18
P00266,F,2002-08-30,GA,Commercial,2019-11-06
P00267,F,2018-04-28,CA,Commercial,2023-02-06
P00268,male,1971-10-21,FL,Commercial,2022-09-21
P00269,F,2010-05-14,FL,Commercial,2020-03-30
P00270,M,1967-08-05,FL,Commercial,2020-04-04
P00271,M,2012-01-28,IL,Commercial,2023-11-24
P00272,F,1990-04-16,NC,Commercial,2022-11-18
P00273,F,1976-12-05,PA,Commercial,2022-11-13
P00274,Female,1944-02-18,AZ,Medicare,2023-12-21
P00275,F,1956-04-11,NC,Medicare,2020-09-12
P00276,M,1975-10-15,NY,Commercial,2023-09-24
P00277,M,2023-09-20,NY,Commercial,2019-10-19
P00278,Male,1938-10-29,OH,Medicare,2021-01-28
P00279,M,1979-09-10,PA,Medicaid,2020-03-12
P00280,F,1974-01-21,PA,Medicaid,2021-07-08
P00281,Female,1996-02-06,NY,Commercial,2019-02-26
P00282,F,1999-06-14,OH,Commercial,2022-08-26
P00283,M,1986-08-21,NY,Commercial,2021-03-19
P00284,F,1982-08-20,TX,Commercial,2023-12-21
P00285,F,1950-01-16,GA,Medicare,2019-11-03
P00286,F,1968-10-20,FL,Commercial,2021-03-01
P00287,F,2020-03-30,GA,Commercial,2023-02-14
P00288,male,2014-01-02,NC,Commercial,2019-12-01
P00289,M,1939-02-23,FL,Medicare,2019-01-22
P00290,F,1998-04-13,IL,Commercial,2023-08-29
P00291,M,1986-02-06,FL,Medicaid,2019-10-11
P00292,F,2020-10-13,FL,Commercial,2020-04-27
P00293,F,2017-01-06,NY,Medicaid,2022-03-26
P00294,F,1997-11-28,GA,Commercial,2020-10-30
P00295,M,1977-12-26,FL,Medicaid,2020-01-29
P00296,M,1973-10-20,FL,Medicaid,2021-08-10
P00297,M,1965-05-23,NY,Medicaid,2020-09-02
P00298,Male,2011-10-03,GA,Medicaid,2023-10-05
P00299,F,1935-05-15,CA,Medicare,2019-05-19
P00300,M,1956-11-21,FL,Medicare,2019-05-22
P00301,M,1943-04-22,FL,Medicare,2022-12-14
P00302,F,2021-10-09,FL,Commercial,2021-08-13
P00303,F,1953-06-23,FL,Medicare,2022-10-23
P00304, f,1945-11-19,OH,Medicare,2022-01-02
P00305,F,2013-01-11,NY,Medicaid,2022-08-17
P00306,F,1970-08-16,CA,Commercial,2019-09-12
P00307,F,1994-05-25,PA,Commercial,2020-07-13
P00308,M,1935-07-08,GA,Medicare,2019-10-11
P00309,M,1982-05-28,PA,Commercial,2020-01-15
P00310,M,1978-07-18,OH,Commercial,2020-05-14
P00311,M,1982-12-05,NC,Commercial,2023-03-03
P00312,M,2017-03-04,PA,Commercial,2019-11-10
P00313,female,2004-05-11,FL,Commercial,2020-02-02
P00314,M,1969-09-30,,Commercial,2023-05-20
P00315,M,2021-12-01,NY,Commercial,2023-07-25
P00316,M,1977-02-11,NC,Commercial,2020-03-14
P00317,M ,1990-09-01,GA,Commercial,2022-01-19
P00318,F,1952-02-04,FL,Medicare,2022-05-13
P00319,M,2016-03-27,AZ,Commercial,2022-01-08
P00320,F,1960-01-16,NY,Medicaid,2019-09-01
P00321,F,2021-05-05,GA,Medicaid,2022-03-09
P00322,M,2022-10-26,FL,Commercial,2022-02-25
P00323,M,2022-12-19,CA,Commercial,2022-01-03
P00324,F,1944-10-03,FL,Medicare,2023-09-24
P00325,F,1963-07-25,FL,Medicaid,2023-10-25
P00326,M,1952-05-18,AZ,Medicare,2021-12-06
P00327, f,1972-02-09,FL,Medicaid,2023-12-02
P00328,M,1953-11-10,FL,Medicare,2020-03-21
P00329,F,1935-05-15,NC,Medicare,2021-11-18
P00330,M,2019-12-01,GA,Commercial,2021-07-01
P00331,F,1948-07-09,FL,Medicare,2022-04-28
P00332,M,2018-12-05,CA,Commercial,2020-03-09
P00333,M,1938-08-17,NC,Medicare,2021-11-12
P00334,F,1993-05-24,TX,Medicaid,2023-10-29
P00335,M,1970-04-06,OH,Commercial,2021-07-24
P00336,M,1933-03-13,PA,Medicare,2023-02-12
P00337,F,1983-06-24,CA,Commercial,2021-01-11
P00338,M,1953-09-28,CA,Medicare,2021-03-09
P00339,M,2002-02-01,PA,Commercial,2021-08-18
P00340,F,1984-01-26,FL,Medicaid,2022-01-28
P00341,M,2012-01-13,NY,Commercial,2021-01-09
P00342,F,1990-03-17,FL,Medicaid,2020-08-08
P00343,M,1974-03-23,GA,Medicaid,2019-08-12
P00344,M,1941-12-03,IL,Medicare,2019-03-12
P00345,F,1952-06-06,FL,Medicare,2023-08-03
P00346,F,1943-08-06,TX,Medicare,2020-09-14
P00347,M,2007-09-29,FL,Medicaid,2023-07-31
P00348,M,1987-12-08,CA,Commercial,2021-12-01
P00349,F,1953-10-15,PA,Medicare,2020-04-19
P00350,F,1962-01-31,TX,Commercial,2021-04-17
P00351,M,1933-02-03,PA,Medicare,2019-12-19
P00352,F,2002-04-04,NY,Commercial,2019-06-11
P00353,M,1941-11-24,IL,Medicare,2019-02-19
P00354,M,1942-04-25,PA,Medicare,2020-08-21
P00355,M,2021-11-15,FL,Commercial,2020-08-21
P00356,F,1944-04-26,IL,Medicare,2019-12-28
P00357,M,1939-12-20,FL,Medicare,2022-11-02
P00358,M,1944-09-18,NY,Medicare,2022-06-30
P00359,M,1988-11-17,FL,Commercial,2022-04-19
P00360,F,1948-01-26,TX,Medicare,2020-04-13
P00361,M,2009-06-07,AZ,Medicaid,2022-04-01
P00362,M,2004-01-30,OH,Commercial,2023-04-22
P00363,M,2017-12-24,CA,Commercial,2020-01-05
P00364,F,1971-04-07,IL,Commercial,2020-04-03
P00365,F,1935-07-10,TX,Medicare,2021-01-12
P00366, f,1963-07-14,FL,Commercial,2019-08-07
P00367,F,1953-02-16,PA,Medicare,2020-01-17
P00368,M,1958-12-14,FL,Medicare,2019-07-04
P00369,M,1987-01-22,OH,Commercial,2022-09-14
P00370,M,1983-12-22,FL,Medicaid,2023-06-03
P00371,F,1956-08-21,GA,Medicare,2022-04-18
P00372,F,1998-11-11,TX,Commercial,2019-11-09
P00373,F,2014-06-24,TX,Commercial,2019-05-20
P00374,F,2023-05-29,GA,Commercial,2023-06-15
P00375,M,1992-05-11,FL,Commercial,2019-09-23
P00376,F,2012-03-15,FL,Commercial,2021-08-11
P00377,F,2014-04-01,OH,Medicaid,2019-12-01
P00378,M,2014-01-19,NY,Commercial,2020-08-04
P00379,F,2005-07-20,FL,Commercial,2023-09-14
P00380,F,1938-10-28,FL,Medicare,2021-08-01
P00381, f,1954-11-05,GA,Medicare,2023-07-23
P00382, f,1981-09-22,TX,Medicaid,2022-04-21
P00383,M,1933-05-25,NY,Medicare,2020-03-20
P00384,F,2015-12-13,FL,Commercial,2020-08-02
P00385,M,1986-01-17,AZ,Commercial,2020-06-25
P00386,F,2018-01-04,GA,Medicaid,2020-09-12
P00387,F,1942-11-01,NY,Medicare,2023-12-06
P00388,M,1999-03-22,NC,Medicaid,2021-02-02
P00389,Female,1997-05-28,TX,Commercial,2021-07-30
P00390,F,2007-07-10,FL,Medicaid,2021-05-12
P00391,F,1955-04-08,TX,Medicare,2022-12-09
P00392,F,2014-06-04,CA,Commercial,2020-06-23
P00393,F,1940-09-04,PA,Medicare,2020-12-19
P00394,M,1942-06-09,TX,Medicare,2021-12-27
P00395,F,1979-11-13,IL,Commercial,2023-09-20
P00396,M,2007-10-01,CA,Commercial,2023-08-29
P00397,F,1987-01-11,NC,Medicaid,2022-03-17
P00398,F,1989-10-25,FL,Commercial,2021-04-26
P00399,M,1982-05-27,IL,Commercial,2019-01-08
P00400,M,1974-09-14,GA,Commercial,2020-05-21
P00401,M,1987-07-16,TX,Commercial,2021-07-30
P00402,Female,1968-10-02,NY,Medicaid,2022-07-05
P00403,F,1955-06-08,AZ,Medicare,2023-02-28
P00404,M,1975-06-12,TX,Commercial,2023-04-20
P00405,F,2001-05-20,GA,Medicaid,2023-08-23
P00406,F,1983-09-11,AZ,Medicaid,2019-06-12
P00407,F,1992-06-03,OH,Commercial,2023-12-04
P00408,F,1965-04-09,NC,Medicaid,2019-09-08
P00409,M,2006-04-13,TX,Commercial,2021-02-01
P00410,M,1990-06-07,TX,Medicaid,2020-11-29
P00411,M,1933-09-13,AZ,Medicare,2019-03-19
P00412,F,1949-06-20,FL,Medicare,2020-01-27
P00413,M,2021-06-19,OH,Commercial,2023-04-08
P00414,M,1997-01-18,,Medicaid,2019-02-28
P00415,M,2023-08-17,AZ,Commercial,2023-02-14
P00416,F,2002-09-05,CA,Commercial,2021-02-27
P00417,M,1992-04-02,GA,Commercial,2020-10-19
P00418,F,1942-05-14,OH,Medicare,2022-10-13
P00419,M,1998-07-29,AZ,Commercial,2020-11-07
P00420,M,2014-12-31,IL,Medicaid,2020-10-23
P00421,male,1940-04-18,GA,Medicare,2019-02-08
P00422,M,1972-04-07,TX,Commercial,2019-06-07
P00423,F,1994-01-26,OH,Commercial,2022-01-02
P00424,M,2020-07-01,CA,Commercial,2020-07-21
P00425,F,1939-06-27,FL,Medicare,2019-11-25
P00426,M,1980-10-16,FL,Medicaid,2023-11-15
P00427, f,1963-07-18,FL,Commercial,2020-07-31
P00428,F,1968-01-01,FL,Medicaid,2019-06-03
P00429,M ,1997-07-02,TX,Commercial,2023-05-27
P00430,M,1991-04-18,,Medicaid,2020-03-27
P00431,F,2013-03-20,NC,Medicaid,2023-09-13
P00432,F,1957-05-04,FL,Medicare,2021-12-29
P00433,F,1940-03-13,CA,Medicare,2019-11-28
P00434,F,1996-05-03,TX,Medicaid,2019-01-25
P00435,F,1991-03-23,OH,Commercial,2020-05-13
P00436,M,2001-07-25,IL,Commercial,2020-05-24
P00437,F,2003-05-27,FL,Commercial,2022-09-16
P00438,F,1948-05-12,AZ,Medicare,2019-11-17
P00439,M,1938-06-06,FL,Medicare,2020-09-16
P00440,F,1937-06-06,NC,Medicare,2019-04-16
P00441,F,1998-03-21,IL,Medicaid,2020-12-27
P00442,F,1977-10-05,OH,Commercial,2023-10-21
P00443,F,1934-09-07,FL,Medicare,2021-06-13
P00444,M,1990-06-25,GA,Commercial,2020-02-18
P00445,M,2014-05-10,FL,Commercial,2020-01-25
P00446,F,1950-06-27,FL,Medicare,2022-01-26
P00447,M,2020-10-20,FL,Medicaid,2023-02-23
P00448,M,1935-03-07,FL,Medicare,2019-08-29
P00449,M,1984-06-15,CA,Commercial,2019-11-21
P00450,M,1952-07-26,FL,Medicare,2019-08-12
P00451,male,1991-02-15,TX,Commercial,2020-08-26
P00452,M,2009-07-25,NC,Medicaid,2019-11-11
P00453,F,1938-11-03,FL,Medicare,2021-12-27
P00454,F,2023-01-07,CA,Commercial,2020-02-09
P00455,M,1977-08-14,OH,Commercial,2021-07-24
P00456,M,1990-02-08,NY,Commercial,2020-01-13
P00457,M,2000-06-26,NY,Medicaid,2023-04-09
P00458,male,1967-10-05,NC,Commercial,2022-07-09
P00459,M,1947-08-17,NY,Medicare,2022-12-06
P00460,M,1941-02-02,NY,Medicare,2021-12-21
P00461,M ,1955-01-22,OH,Medicare,2019-12-07
P00462,F,1991-11-12,PA,Commercial,2023-06-06
P00463,F,1978-01-05,TX,Medicaid,2020-05-08
P00464,F,1963-02-24,TX,Commercial,2019-11-08
P00465,F,1943-05-10,,Medicare,2020-08-25
P00466,M,1934-10-26,CA,Medicare,2020-10-10
P00467,F,1951-06-01,NC,Medicare,2023-04-24
P00468,M,2019-07-30,FL,Medicaid,2020-12-09
P00469,F,2003-11-17,FL,Commercial,2022-11-14
P00470,M,1935-01-07,NY,Medicare,2022-10-09
P00471,F,1971-05-26,PA,Commercial,2019-09-12
P00472,M,1965-11-26,TX,Commercial,2020-12-05
P00473,F,2001-08-29,AZ,Commercial,2019-01-14
P00474,M,1979-03-01,OH,Commercial,2021-09-24
P00475,M,1978-07-23,OH,Commercial,2022-03-20
P00476,M,2008-07-04,PA,Commercial,2019-01-11
P00477,M,1962-11-09,GA,Commercial,2020-11-21
P00478,M,1941-11-21,TX,Medicare,2019-09-09
P00479,M,1939-01-10,FL,Medicare,2023-10-12
P00480,F,1974-01-18,TX,Commercial,2021-05-17
P00481,M,1994-11-27,FL,Commercial,2019-12-03
P00482,F,1980-06-14,OH,Commercial,2019-12-18
P00483,F,1958-04-27,OH,Medicare,2020-06-06
P00484,F,2009-02-13,GA,Commercial,2023-03-07
P00485,F,2017-06-10,NY,Commercial,2021-04-09
P00486,F,1990-02-17,NC,Commercial,2023-06-30
P00487,M,1969-11-17,OH,Commercial,2019-12-30
P00488,male,1970-12-26,AZ,Commercial,2020-11-07
P00489,M,1958-07-15,GA,Medicare,2023-01-13
P00490,F,1934-09-26,GA,Medicare,2020-05-15
P00491,M,1949-03-31,PA,Medicare,2020-05-29
P00492,F,1954-08-31,FL,Medicare,2023-09-27
P00493,Female,1946-08-05,OH,Medicare,2023-07-23
P00494,Female,1990-06-19,FL,Commercial,2022-12-31
P00495,M,1938-01-15,NY,Medicare,2023-08-27
P00496,M,1957-12-05,CA,Medicare,2021-04-26
P00497,F,1993-06-13,OH,Commercial,2019-08-10
P00498,F,1948-08-12,FL,Medicare,2023-09-09
P00499,F,1981-12-18,PA,Commercial,2020-12-06
P00500,F,1957-03-09,PA,Medicare,2021-11-19
P00501,M,1945-02-01,OH,Medicare,2019-10-28
P00502,F,2018-10-29,IL,Medicaid,2021-08-05
P00503,M,1967-03-30,PA,Medicaid,2020-08-29
P00504,M,1955-04-21,OH,Medicare,2019-05-25
P00505,F,1938-04-18,CA,Medicare,2023-04-28
P00506,M,1940-07-16,OH,Medicare,2022-06-04
P00507,M,1962-09-06,AZ,Commercial,2022-08-27
P00508,F,2022-12-06,CA,Medicaid,2023-02-28
P00509,M,2009-12-19,GA,Commercial,2020-10-06
P00510,F,2020-10-28,GA,Commercial,2023-12-19
P00511,M,1996-06-22,OH,Commercial,2022-01-27
P00512,M,1965-11-10,AZ,Medicaid,2023-05-25
P00513,M,1974-04-25,GA,Commercial,2020-12-05
P00514,M,1978-05-19,AZ,Commercial,2020-04-01
P00515,M,1968-08-28,GA,Commercial,2021-09-01
P00516,F,2023-12-01,TX,Commercial,2021-10-12
P00517,M,1972-06-26,IL,Commercial,2021-10-03
P00518,M,1939-03-07,AZ,Medicare,2023-01-04
P00519,M,1979-08-11,CA,Commercial,2022-02-15
P00520,M,1974-03-12,AZ,Medicaid,2019-05-05
P00521,F,1979-09-19,PA,Medicaid,2023-10-18
P00522,F,1996-12-02,PA,Commercial,2020-01-25
P00523,M,1984-05-08,PA,Commercial,2023-03-07
P00524,M,1956-02-11,TX,Medicare,2023-06-07
P00525,M,1983-02-13,FL,Commercial,2022-07-29
P00526,F,1994-01-15,FL,Commercial,2022-08-29
P00527,F,1998-11-22,FL,Medicaid,2022-06-03
P00528,M,2010-12-16,GA,Medicaid,2019-10-04
P00529,F,1934-06-07,FL,Medicare,2019-06-26
P00530,M,1977-01-19,GA,Commercial,2020-07-17
P00531,M,1943-01-02,CA,Medicare,2023-04-10
P00532,female,1933-09-20,FL,Medicare,2019-04-12
P00533,F,2012-08-17,TX,Commercial,2019-10-08
P00534,M,1934-05-03,GA,Medicare,2023-08-15
P00535,M,1978-02-01,FL,Commercial,2022-01-25
P00536,F,2012-10-29,NC,Commercial,2020-02-16
P00537,F,1941-01-09,IL,Medicare,2023-07-23
P00538,F,2020-03-08,NC,Commercial,2023-08-15
P00539,F,2020-12-07,NC,Commercial,2020-12-22
P00540,M,2014-02-27,AZ,Medicaid,2022-04-27
P00541,F,1976-05-11,NC,Medicaid,2021-10-18
P00542,F,1946-01-08,FL,Medicare,2020-04-02
P00543,F,1991-10-17,GA,Medicaid,2021-04-12
P00544,F,2012-01-04,CA,Medicaid,2020-06-13
P00545,M,1964-12-14,CA,Commercial,2023-05-16
P00546,M,2005-12-04,PA,Commercial,2023-12-29
P00547,F,2013-07-21,FL,Commercial,2022-09-29
P00548,F,2015-05-06,AZ,Commercial,2022-12-29
P00549,M,1935-11-02,NY,Medicare,2022-05-20
P00550,M,1976-09-23,IL,Commercial,2020-02-11
P00551,F,1998-08-11,NY,Commercial,2023-03-30
P00552,F,1995-11-17,FL,Commercial,2023-05-16
P00553,M,2001-10-28,TX,Commercial,2022-12-31
P00554,F,1962-11-07,GA,Medicaid,2022-05-16
P00555,M,1979-01-18,GA,Commercial,2023-01-06
P00556,M,1980-01-25,IL,Commercial,2023-01-31
P00557,female,1995-05-17,TX,Commercial,2021-02-08
P00558, f,1989-04-26,FL,Commercial,2023-06-12
P00559,M,1938-11-11,TX,Medicare,2023-03-27
P00560,F,1981-12-13,CA,Commercial,2019-10-28
P00561,M,1971-08-17,GA,Commercial,2023-11-29
P00562,F,2021-01-06,FL,Commercial,2023-09-12
P00563,M,1968-07-10,PA,Medicaid,2023-08-28
P00564,M,1943-03-13,GA,Medicare,2021-04-28
P00565,male,1947-08-20,IL,Medicare,2020-07-13
P00566,F,1948-09-10,FL,Medicare,2020-07-16
P00567,M,1956-03-10,CA,Medicare,2020-07-21
P00568,M,2006-07-13,NC,Commercial,2023-09-18
P00569,F,1984-04-08,FL,Commercial,2022-04-13
P00570,M,1956-04-10,NC,Medicare,2020-11-01
P00571,M,2014-04-10,TX,Commercial,2020-08-05
P00572,F,2010-04-29,TX,Medicaid,2022-05-02
P00573,M,2005-03-11,PA,Commercial,2019-10-09
P00574,F,1948-07-15,AZ,Medicare,2019-11-02
P00575,F,2014-09-12,FL,Medicaid,2020-03-05
P00576,F,1935-06-28,NC,Medicare,2020-01-07
P00577,F,2016-09-04,FL,Medicaid,2019-02-17
P00578,F,1949-12-16,FL,Medicare,2020-01-14
P00579,female,1980-08-21,FL,Medicaid,2021-01-28
P00580,M,2001-07-02,CA,Commercial,2022-01-04
P00581,M,1999-06-26,NC,Commercial,2022-03-12
P00582,F,1939-08-30,NY,Medicare,2019-11-22
P00583,M,2018-04-11,AZ,Commercial,2022-07-10
P00584,M,1977-09-18,OH,Commercial,2020-11-08
P00585,F,1988-05-09,FL,Medicaid,2021-06-28
P00586,M,1947-09-25,GA,Medicare,2022-02-09
P00587,F,1965-01-05,CA,Commercial,2021-10-01
P00588,F,1983-05-10,TX,Commercial,2023-08-07
P00589,F,2013-06-11,FL,Commercial,2020-06-16
P00590,F,1981-07-28,FL,Commercial,2023-09-02
P00591,F,1997-03-31,TX,Medicaid,2023-08-20
P00592,F,1974-07-29,NY,Commercial,2022-09-30
P00593,M,1992-03-13,CA,Commercial,2021-05-07
P00594,M,1941-11-03,OH,Medicare,2022-07-04
P00595,M,1963-03-08,AZ,Commercial,2019-08-09
P00596,M,2021-01-14,PA,Commercial,2019-05-15
P00597,M,1934-10-04,TX,Medicare,2022-01-14
P00598,M,1958-10-11,NY,Medicare,2019-01-03
P00599,F,1994-01-17,GA,Medicaid,2023-07-23
P00600,F,1950-08-05,AZ,Medicare,2023-04-14
P00601,F,1989-04-22,NY,Commercial,2022-04-08
P00602,F,1940-10-23,GA,Medicare,2019-04-17
P00603,M,1983-07-29,NC,Medicaid,2021-06-26
P00604,F,1948-04-19,NY,Medicare,2020-06-21
P00605,F,1959-02-09,AZ,Medicaid,2020-09-27
P00606,F,1953-07-25,FL,Medicare,2021-07-06
P00607,M,1984-12-04,TX,Medicaid,2019-05-07
P00608,F,1994-08-03,IL,Commercial,2019-03-26
P00609,F,1939-05-12,NY,Medicare,2021-10-06
P00610,F,1980-02-16,TX,Commercial,2020-06-08
P00611,F,1937-03-02,CA,Medicare,2020-11-19
P00612,M,1955-03-30,NC,Medicare,2021-01-13
P00613,F,1959-11-02,FL,Medicaid,2023-06-30
P00614,F,2003-06-26,GA,Medicaid,2022-12-15
P00615,M,2023-06-05,TX,Commercial,2019-01-21
P00616,F,1941-07-13,GA,Medicare,2022-10-12
P00617,Male,1942-01-29,TX,Medicare,2020-09-29
P00618,M,1981-01-15,TX,Commercial,2019-06-13
P00619,F,1982-10-16,NC,Commercial,2020-12-28
P00620,F,2001-01-16,CA,Commercial,2022-12-05
P00621,F,1937-02-26,TX,Medicare,2019-09-16
P00622,F,1964-04-18,GA,Commercial,2023-11-04
P00623,F,1968-08-14,TX,Medicaid,2020-05-22
P00624,M,1991-03-30,FL,Commercial,2022-09-03
P00625,F,2003-06-02,AZ,Medicaid,2020-10-20
P00626,F,2011-02-07,FL,Commercial,2021-08-07
P00627,M,1954-04-16,PA,Medicare,2021-02-27
P00628,F,1992-01-15,CA,Commercial,2022-02-03
P00629,M ,1933-07-31,PA,Medicare,2021-05-11
P00630,F,1980-12-01,IL,Medicaid,2019-04-30
P00631,M,1971-07-06,OH,Medicaid,2019-11-15
P00632,M,2000-01-02,CA,Medicaid,2021-11-29
P00633,M,2013-05-06,GA,Commercial,2019-04-20
P00634,M,1969-04-19,NC,Commercial,2019-07-24
P00635,F,1974-05-17,FL,Commercial,2020-11-13
P00636,F,1989-05-29,TX,Commercial,2021-01-11
P00637,F,1939-12-10,PA,Medicare,2023-10-28
P00638,F,1951-08-04,CA,Medicare,2021-05-20
P00639,M,1939-12-01,GA,Medicare,2022-12-09
P00640,Female,1968-08-31,IL,Medicaid,2023-03-15
P00641,F,1933-04-13,,Medicare,2019-09-18
P00642,M,1993-03-13,IL,Medicaid,2022-08-25
P00643,F,1999-10-12,OH,Commercial,2020-12-04
P00644,M,1997-05-07,FL,Commercial,2019-09-02
P00645,F,1934-10-10,FL,Medicare,2021-01-05
P00646,M,2017-10-19,AZ,Medicaid,2020-02-08
P00647,female,1974-01-15,FL,Commercial,2020-02-17
P00648,M,1934-05-23,AZ,Medicare,2021-10-07
P00649,M,1946-10-20,TX,Medicare,2019-05-25
P00650,M,1998-11-10,TX,Commercial,2019-06-18
P00651,M,1959-12-14,CA,Commercial,2022-04-25
P00652,male,2012-07-03,NY,Medicaid,2019-11-28
P00653,F,1936-11-25,TX,Medicare,2023-02-01
P00654,F,1985-06-02,CA,Commercial,2023-06-11
P00655,M,1971-07-27,TX,Medicaid,2021-05-09
P00656,M,2014-05-13,FL,Commercial,2020-12-22
P00657,M,1991-10-18,PA,Medicaid,2021-02-01
P00658,M,2009-11-08,NY,Commercial,2020-01-05
P00659,female,1938-11-25,NC,Medicare,2022-01-18
P00660,F,1987-11-28,CA,Commercial,2019-12-18
P00661,F,1981-12-05,CA,Commercial,2019-06-30
P00662,M,2006-09-28,GA,Medicaid,2023-07-19
P00663,F,2005-03-14,IL,Commercial,2021-10-04
P00664,F,1982-05-24,NY,Commercial,2022-11-18
P00665,M,2001-10-01,IL,Commercial,2020-09-20
P00666,F,1956-01-26,OH,Medicare,2021-12-09
P00667,F,2013-03-29,NC,Medicaid,2022-08-06
P00668,F,2004-03-22,NY,Medicaid,2022-09-29
P00669,F,2017-02-07,FL,Commercial,2022-03-25
P00670,F,2018-04-03,TX,Commercial,2023-06-17
P00671,M,2006-01-16,NC,Commercial,2023-06-25
P00672,M,1941-09-02,TX,Medicare,2020-11-10
P00673,M,2014-02-22,FL,Medicaid,2019-04-17
P00674,male,1937-11-21,NY,Medicare,2021-06-19
P00675,female,1949-09-13,FL,Medicare,2019-05-15
P00676,F,1990-02-09,TX,Commercial,2023-03-25
P00677,F,1977-11-13,NY,Medicaid,2019-02-20
P00678,M,1976-07-02,FL,Commercial,2021-01-26
P00679,F,2017-08-29,FL,Commercial,2020-04-14
P00680,M,1983-11-26,GA,Commercial,2023-09-10
P00681,M,1968-10-06,CA,Commercial,2020-12-25
P00682,M,1994-06-19,IL,Commercial,2022-02-01
P00683,F,1967-05-16,GA,Commercial,2019-07-07
P00684,M,1962-04-29,NC,Commercial,2020-01-16
P00685,F,1950-11-14,FL,Medicare,2019-09-07
P00686,M,2017-09-06,CA,Commercial,2019-07-22
P00687,M,1983-11-24,FL,Commercial,2020-05-26
P00688,F,1966-12-28,PA,Medicaid,2022-10-11
P00689,M,1944-08-11,OH,Medicare,2022-08-03
P00690,M,1937-05-19,NC,Medicare,2019-09-16
P00691,M,1989-08-18,FL,Commercial,2020-12-30
P00692,F,1996-12-17,PA,Medicaid,2019-07-19
P00693,F,1962-10-12,FL,Commercial,2020-01-12
P00694,F,2014-07-27,NY,Commercial,2020-12-20
P00695,M,1994-08-24,OH,Medicaid,2023-03-29
P00696,female,1955-03-06,CA,Medicare,2019-02-04
P00697,M,1954-05-27,PA,Medicare,2022-10-15
P00698,M,1958-01-01,,Medicare,2022-10-09
P00699,female,1958-10-28,OH,Medicare,2023-04-10
P00700,M,2008-08-18,GA,Commercial,2023-08-29
P00701,F,1976-11-30,TX,Commercial,2022-02-16
P00702,F,1967-12-25,NY,Commercial,2019-10-15
P00703,F,1969-01-28,CA,Commercial,2019-09-04
P00704,M,1991-07-06,NC,Medicaid,2021-07-20
P00705,M,2012-05-05,CA,Commercial,2022-06-06
P00706, f,1938-09-22,NC,Medicare,2022-04-09
P00707,F,1939-12-14,FL,Medicare,2019-05-31
P00708,F,1953-02-09,TX,Medicare,2023-09-23
P00709,M ,1998-05-05,IL,Commercial,2023-09-19
P00710,F,2010-04-16,GA,Commercial,2023-09-06
P00711,M,1981-06-20,FL,Medicaid,2019-07-26
P00712,M,1938-08-06,OH,Medicare,2023-07-20
P00713,F,1993-07-30,FL,Medicaid,2019-04-19
P00714,M,1962-03-28,NY,Medicaid,2023-01-31
P00715,M,1937-10-10,NC,Medicare,2021-04-06
P00716,M,2008-08-29,NY,Commercial,2019-02-26
P00717,M,1948-09-10,IL,Medicare,2023-06-04
P00718,F,1964-06-24,PA,Commercial,2022-08-06
P00719,M,1958-01-12,NY,Medicare,2020-05-14
P00720,F,1959-01-30,AZ,Medicaid,2019-12-02
P00721,M,1938-06-16,GA,Medicare,2019-06-21
P00722,F,2020-10-19,GA,Commercial,2023-11-27
P00723,F,2004-01-23,NC,Commercial,2020-02-13
P00724,F,1989-09-08,CA,Medicaid,2022-05-24
P00725,F,2023-08-24,GA,Commercial,2021-03-20
P00726,F,2012-02-12,TX,Commercial,2019-06-23
P00727,F,1972-09-26,GA,Commercial,2019-06-30
P00728,M,1983-07-17,GA,Commercial,2023-01-29
P00729,M,1984-02-01,TX,Commercial,2021-08-26
P00730,F,1944-09-06,IL,Medicare,2022-08-01
P00731,M,2009-05-18,PA,Commercial,2020-12-05
P00732,M,1965-12-18,NY,Commercial,2019-11-15
P00733,F,2000-01-03,NY,Commercial,2022-05-31
P00734,M,1963-08-02,FL,Commercial,2023-05-25
P00735,F,1973-05-01,NY,Commercial,2023-09-06
P00736,M,1939-07-03,CA,Medicare,2023-09-26
P00737,M,2010-07-26,OH,Commercial,2022-03-04
P00738,F,1988-08-05,,Commercial,2019-03-06
P00739,F,1991-12-26,IL,Commercial,2022-09-29
P00740,F,2008-09-21,PA,Commercial,2021-12-24
P00741,M,2007-08-16,FL,Commercial,2020-08-18
P00742,female,1965-08-19,IL,Commercial,2020-09-18
P00743,M,1975-09-24,GA,Medicaid,2022-08-27
P00744,M,2011-05-12,IL,Commercial,2023-05-15
P00745,F,1951-03-05,CA,Medicare,2023-03-22
P00746,M,2013-02-09,TX,Commercial,2022-11-26
P00747,F,1995-01-12,TX,Commercial,2023-07-28
P00748,M,2023-05-09,CA,Commercial,2021-09-14
P00749,F,1952-08-03,PA,Medicare,2020-10-10
P00750,F,2012-05-10,PA,Medicaid,2020-08-17
P00751,F,2008-11-13,TX,Commercial,2019-06-18
P00752,F,2011-03-09,PA,Commercial,2022-07-15
P00753,M,2012-06-19,NY,Commercial,2020-09-24
P00754,male,2018-11-01,TX,Commercial,2019-08-01
P00755,female,1954-07-29,GA,Medicare,2023-11-11
P00756,Female,1967-09-14,PA,Commercial,2020-02-06
P00757,M,2004-08-26,CA,Commercial,2023-07-25
P00758,F,1973-12-13,TX,Medicaid,2021-03-31
P00759,F,1988-12-26,NC,Commercial,2019-11-07
P00760,M,2007-08-27,PA,Commercial,2021-09-15
P00761,Female,1941-09-12,FL,Medicare,2021-03-16
P00762,male,1973-01-01,TX,Commercial,2020-11-27
P00763,F,2022-09-27,TX,Commercial,2021-02-11
P00764,M,1996-09-02,,Commercial,2020-05-06
P00765,F,2021-01-31,TX,Medicaid,2019-09-16
P00766,F,1973-02-21,OH,Commercial,2023-04-30
P00767,Female,1959-12-12,GA,Commercial,2021-12-04
P00768,male,2003-12-01,PA,Commercial,2019-09-28
P00769,M,2003-11-28,AZ,Commercial,2022-02-04
P00770,F,1954-07-17,GA,Medicare,2021-07-22
P00771,M,1991-06-07,TX,Commercial,2020-04-17
P00772,F,1948-08-25,FL,Medicare,2019-04-30
P00773,F,1955-12-28,NC,Medicare,2022-09-29
P00774,F,2011-10-20,NY,Medicaid,2019-03-25
P00775,M,2007-05-22,CA,Commercial,2020-06-15
P00776,F,1985-08-18,OH,Medicaid,2023-11-06
P00777,F,1944-11-16,OH,Medicare,2019-09-12
P00778,male,1975-05-09,NY,Commercial,2022-01-30
P00779,M,1943-05-23,IL,Medicare,2022-08-04
P00780,F,1975-07-07,IL,Medicaid,2021-05-16
P00781,M,1985-01-22,CA,Commercial,2021-02-14
P00782,F,2000-02-27,FL,Medicaid,2021-04-22
P00783,F,2001-12-17,OH,Commercial,2023-09-23
P00784,F,1947-02-05,IL,Medicare,2019-11-23
P00785,M,2004-12-13,CA,Medicaid,2022-04-18
P00786,M,1974-07-09,NC,Commercial,2023-04-19
P00787,F,2011-02-06,TX,Medicaid,2021-03-05
P00788,F,2020-01-08,NY,Commercial,2020-11-21
P00789,F,1948-12-23,OH,Medicare,2023-06-27
P00790,M,1957-12-05,PA,Medicare,2019-04-17
P00791,M,2011-10-05,FL,Commercial,2020-12-31
P00792,M,1999-09-23,FL,Commercial,2019-01-09
P00793,M,2023-09-22,TX,Commercial,2020-08-26
P00794,M,2009-08-01,TX,Commercial,2023-12-14
P00795,M,1988-09-06,OH,Commercial,2022-12-17
P00796,M,1999-06-03,FL,Commercial,2019-02-22
P00797,F,1965-02-23,OH,Commercial,2021-03-16
P00798,M,2017-06-15,NY,Commercial,2023-05-23
P00799, f,1935-09-02,NC,Medicare,2023-08-19
P00800,F,1938-06-07,NY,Medicare,2021-04-27
P00801,F,1947-05-20,OH,Medicare,2021-01-12
P00802,F,1980-02-08,TX,Commercial,2022-10-09
P00803,M,2020-01-21,TX,Medicaid,2023-01-11
P00804,F,1954-09-21,CA,Medicare,2020-12-21
P00805,F,2002-01-30,NY,Commercial,2021-10-29
P00806,M,1981-03-08,TX,Commercial,2023-10-26
P00807,M,1945-11-15,IL,Medicare,2023-09-18
P00808,F,1998-06-11,NC,Commercial,2022-10-24
P00809,F,1941-11-06,FL,Medicare,2021-03-08
P00810,F,1963-07-06,OH,Medicaid,2022-07-02
P00811,M,1966-12-15,GA,Commercial,2023-12-05
P00812,F,1976-09-13,TX,Commercial,2019-06-06
P00813,M,1988-05-31,GA,Medicaid,2020-07-15
P00814,F,1954-09-12,FL,Medicare,2021-01-31
P00815,M,1961-12-28,TX,Commercial,2022-10-13
P00816,F,2010-08-12,CA,Medicaid,2020-06-18
P00817,F,1961-06-17,TX,Medicaid,2019-04-11
P00818,F,1936-03-28,FL,Medicare,2020-08-16
P00819,F,1941-11-12,GA,Medicare,2022-07-11
P00820,M,1985-07-10,GA,Commercial,2022-01-16
P00821,M,1971-10-21,CA,Commercial,2019-05-12
P00822,F,1941-11-05,GA,Medicare,2023-12-07
P00823,M,2017-11-17,NY,Commercial,2022-11-24
P00824,F,1945-03-29,NY,Medicare,2023-06-20
P00825,M,1976-01-31,GA,Medicaid,2020-10-18
P00826,F,1964-05-03,OH,Commercial,2021-09-16
P00827,F,1942-08-15,NC,Medicare,2023-05-03
P00828,F,1962-01-19,NC,Commercial,2019-04-20
P00829,F,2021-07-03,TX,Medicaid,2021-03-31
P00830,M,1983-06-22,TX,Commercial,2022-10-05
P00831,F,1951-05-15,CA,Medicare,2019-04-11
P00832,F,1937-05-07,AZ,Medicare,2020-07-06
P00833,M,1988-07-05,TX,Commercial,2023-05-09
P00834,F,1934-07-10,NC,Medicare,2019-11-15
P00835,F,1934-09-06,NY,Medicare,2023-09-16
P00836,M,1936-04-27,IL,Medicare,2019-06-22
P00837,F,1954-04-30,GA,Medicare,2022-01-13
P00838,M,1982-07-25,NY,Medicaid,2022-07-15
P00839,M ,1986-04-16,NY,Commercial,2023-09-26
P00840,F,1956-11-11,NC,Medicare,2019-05-08
P00841,F,1964-08-02,NC,Commercial,2021-03-16
P00842,F,1951-01-06,NC,Medicare,2020-12-18
P00843,M,1958-04-08,NC,Medicare,2019-10-03
P00844,M,2004-04-13,NY,Commercial,2021-06-18
P00845,M,1960-02-20,FL,Commercial,2022-07-21
P00846,F,1992-05-23,PA,Medicaid,2020-02-11
P00847,M,2016-05-04,TX,Commercial,2021-05-09
P00848,F,1933-07-09,FL,Medicare,2022-10-23
P00849,M,1960-03-05,FL,Commercial,2019-10-13
P00850,F,2008-04-16,NY,Medicaid,2019-12-11
P00851,M,1973-06-23,TX,Commercial,2022-10-07
P00852,F,2022-11-15,NC,Commercial,2020-10-02
P00853,F,1965-03-12,CA,Medicaid,2019-05-27
P00854,F,1981-09-03,FL,Medicaid,2020-01-04
P00855,M,2009-08-22,GA,Commercial,2023-01-04
P00856,male,1966-11-16,IL,Commercial,2019-09-23
P00857,M,1944-10-13,OH,Medicare,2023-09-21
P00858,F,1959-11-17,PA,Medicaid,2020-12-01
P00859,M,1985-11-26,FL,Commercial,2021-06-12
P00860,F,1943-12-25,IL,Medicare,2023-10-26
P00861,M,1954-09-15,PA,Medicare,2020-05-17
P00862,F,1958-03-31,NY,Medicare,2022-07-07
P00863,M,1953-02-19,NC,Medicare,2019-09-29
P00864,M,1958-10-10,GA,Medicare,2019-08-13
P00865,Female,2017-07-30,CA,Commercial,2021-01-19
P00866,M,2016-03-03,OH,Medicaid,2020-11-13
P00867,female,2015-04-18,NY,Medicaid,2023-09-28
P00868,F,1942-02-04,FL,Medicare,2019-07-22
P00869,F,1960-07-31,TX,Commercial,2020-08-06
P00870,F,1977-10-31,NC,Commercial,2022-01-30
P00871,F,1942-11-09,NC,Medicare,2023-07-29
P00872,M,1991-04-18,NY,Commercial,2021-06-24
P00873,M,1962-12-22,AZ,Medicaid,2019-07-02
P00874,F,2017-07-16,FL,Commercial,2019-09-10
P00875,M,1948-08-25,FL,Medicare,2023-07-05
P00876,M,2022-01-30,GA,Medicaid,2020-03-12
P00877,F,1971-01-02,OH,Commercial,2023-08-05
P00878,F,1988-07-08,OH,Commercial,2022-02-12
P00879,M,1954-06-03,OH,Medicare,2021-10-07
P00880,F,1954-08-15,PA,Medicare,2023-11-21
P00881,F,1972-03-23,NY,Commercial,2023-04-26
P00882,M,1939-09-16,TX,Medicare,2019-08-09
P00883,M,2002-04-04,CA,Medicaid,2020-11-09
P00884,M,1982-02-05,TX,Commercial,2020-01-27
P00885,M,1994-10-30,NY,Commercial,2021-02-23
P00886,F,1995-10-11,FL,Commercial,2021-10-04
P00887,M,1972-08-15,TX,Commercial,2023-11-29
P00888,M,2009-03-04,NY,Commercial,2021-04-10
P00889,F,2016-05-12,FL,Commercial,2020-02-25
P00890,F,1936-10-22,AZ,Medicare,2022-12-25
P00891,F,1970-08-19,FL,Commercial,2021-07-19
P00892,M,2013-05-11,IL,Medicaid,2021-12-10
P00893,M,2001-01-13,FL,Commercial,2019-08-26
P00894,M,1980-07-20,PA,Commercial,2023-03-10
P00895,F,1942-12-04,CA,Medicare,2023-06-23
P00896,M,1984-11-23,FL,Medicaid,2022-12-13
P00897,F,1989-12-21,GA,Commercial,2023-03-22
P00898,M,1971-11-17,TX,Commercial,2019-10-10
P00899,male,1967-08-04,OH,Commercial,2022-09-13
P00900,M,1938-09-20,FL,Medicare,2022-03-11
P00901,F,1995-09-14,GA,Commercial,2022-09-19
P00902,F,2005-03-27,NC,Commercial,2019-12-07
P00903,F,1995-07-11,CA,Commercial,2020-09-07
P00904,M,1969-04-09,TX,Commercial,2021-08-20
P00905,F,1991-06-18,FL,Medicaid,2020-01-04
P00906,M,1955-10-19,CA,Medicare,2023-08-25
P00907,F,1996-01-20,GA,Commercial,2020-08-11
P00908,M,1978-07-11,CA,Commercial,2022-03-13
P00909,F,1977-03-01,GA,Commercial,2022-02-08
P00910,F,1989-11-26,AZ,Commercial,2023-03-19
P00911,M,1945-02-24,CA,Medicare,2023-07-08
P00912,F,1967-04-15,CA,Medicaid,2020-07-15
P00913,F,2013-10-01,PA,Medicaid,2019-10-03
P00914,M,2009-03-17,AZ,Medicaid,2019-06-13
P00915,F,1961-04-04,OH,Medicaid,2022-10-14
P00916,Male,1997-02-08,CA,Medicaid,2020-03-10
P00917,Male,2003-10-17,PA,Commercial,2023-06-13
P00918,F,1972-02-12,FL,Commercial,2020-02-11
P00919,F,1984-03-28,OH,Commercial,2021-03-04
P00920,F,1944-08-30,NC,Medicare,2019-09-12
P00921,F,2018-08-26,CA,Commercial,2023-08-31
P00922,F,1971-10-01,PA,Medicaid,2020-02-14
P00923,M,1946-07-10,NC,Medicare,2021-09-01
P00924,F,1941-02-07,NC,Medicare,2021-02-28
P00925,M,1967-03-02,IL,Commercial,2021-04-23
P00926,M,2015-11-09,NC,Commercial,2020-06-07
P00927,F,1967-11-15,GA,Commercial,2021-01-03
P00928,M,2018-12-10,FL,Medicaid,2021-12-03
P00929,F,1953-05-21,NY,Medicare,2021-10-29
P00930,F,1942-09-08,GA,Medicare,2023-08-25
P00931,M,1983-03-30,NC,Commercial,2020-05-20
P00932,F,1973-03-29,PA,Commercial,2020-06-23
P00933,F,2001-10-20,GA,Commercial,2021-03-03
P00934,M,1948-04-22,IL,Medicare,2020-05-24
P00935,M,1957-03-27,OH,Medicare,2022-08-29
P00936,M,2016-01-06,AZ,Commercial,2022-11-19
P00937,M,2005-04-12,FL,Medicaid,2019-05-20
P00938,M,2007-08-23,NY,Commercial,2019-03-28
P00939,M,1974-01-01,CA,Medicaid,2019-09-28
P00940,F,2010-09-22,OH,Commercial,2023-09-28
P00941,M,2013-03-13,IL,Commercial,2021-04-05
P00942,M,1976-08-15,IL,Medicaid,2020-04-28
P00943,F,1989-01-24,GA,Commercial,2023-10-26
P00944,F,2009-03-21,TX,Commercial,2019-03-01
P00945,F,1978-05-27,NC,Commercial,2020-01-26
P00946,Female,2009-10-14,FL,Commercial,2022-06-16
P00947,F,1938-10-24,AZ,Medicare,2021-06-21
P00948,F,2021-01-20,OH,Medicaid,2019-06-11
P00949,M,1985-03-14,PA,Medicaid,2019-09-27
P00950,F,1985-06-27,IL,Commercial,2019-11-15
P00951,F,1948-02-15,FL,Medicare,2019-02-01
P00952,M,1979-03-22,TX,Commercial,2020-04-14
P00953,F,1999-08-13,CA,Commercial,2019-05-01
P00954,M,1981-03-05,PA,Commercial,2019-03-28
P00955,M,2009-03-16,NC,Medicaid,2023-11-27
P00956,M,1987-07-11,FL,Medicaid,2020-09-25
P00957,Female,1957-12-24,CA,Medicare,2022-05-02
P00958,F,1951-04-06,GA,Medicare,2021-07-12
P00959,M,2000-08-30,TX,Commercial,2023-03-01
P00960,Female,1937-08-20,AZ,Medicare,2020-08-16
P00961,F,1956-04-15,FL,Medicare,2019-10-31
P00962,F,1968-03-11,FL,Commercial,2021-12-11
P00963,M,1961-11-29,TX,Commercial,2020-07-06
P00964,F,1982-03-06,PA,Commercial,2022-05-19
P00965,M,1970-09-16,FL,Medicaid,2020-04-04
P00966,M,2018-06-08,FL,Commercial,2023-08-04
P00967,F,1974-02-17,TX,Medicaid,2019-08-09
P00968,M,1971-10-14,CA,Commercial,2022-02-11
P00969,M,1949-10-12,FL,Medicare,2021-06-24
P00970,F,1986-01-11,OH,Commercial,2019-12-28
P00971,F,1965-08-17,PA,Commercial,2023-11-08
P00972,F,1981-01-20,NY,Commercial,2019-04-12
P00973,M,1968-08-23,FL,Commercial,2020-12-06
P00974,F,2012-05-19,NY,Medicaid,2019-02-17
P00975,F,1980-06-28,GA,Commercial,2021-04-01
P00976,M,1957-01-06,NY,Medicare,2022-12-21
P00977,M,1967-06-15,OH,Commercial,2021-02-03
P00978,F,1966-07-01,FL,Commercial,2021-02-23
P00979,M,1955-07-15,FL,Medicare,2019-05-27
P00980,M,2009-08-16,FL,Commercial,2021-02-15
P00981,F,1992-07-24,FL,Medicaid,2021-12-21
P00982,M,2023-07-17,GA,Medicaid,2023-02-14
P00983,M,1944-03-28,TX,Medicare,2022-05-17
P00984,F,2007-12-16,OH,Commercial,2021-02-04
P00985,M,1983-07-03,FL,Commercial,2022-02-27
P00986,F,1992-06-14,TX,Medicaid,2022-03-10
P00987,M,1965-04-01,IL,Commercial,2023-12-06
P00988,Male,1970-05-02,CA,Commercial,2019-04-18
P00989, f,1973-07-27,PA,Commercial,2019-10-28
P00990, f,1943-11-23,NY,Medicare,2022-09-23
P00991,M,1942-08-18,FL,Medicare,2023-04-26
P00992,M,1945-09-29,FL,Medicare,2019-10-31
P00993,F,1958-10-18,OH,Medicare,2019-10-28
P00994,F,1994-04-12,PA,Commercial,2019-07-10
P00995,F,1999-07-11,NY,Medicaid,2021-04-07
P00996, f,1998-03-17,NY,Commercial,2020-04-29
P00997,F,1957-11-11,NY,Medicare,2020-05-10
P00998,M,2008-01-07,FL,Commercial,2022-12-06
P00999,F,1986-07-12,FL,Medicaid,2021-05-20
P01000,M,2009-09-30,AZ,Commercial,2022-09-13
P01001,M,1964-08-21,FL,Commercial,2020-03-27
P01002,M,1976-02-28,TX,Commercial,2019-02-24
P01003,M,1997-04-16,NC,Commercial,2023-08-15
P01004,F,2018-10-30,TX,Commercial,2023-08-16
P01005,M,1938-01-04,AZ,Medicare,2022-09-06
P01006,F,2008-11-14,FL,Commercial,2023-06-02
P01007,F,1997-09-22,PA,Medicaid,2023-12-16
P01008,M,1966-04-09,FL,Commercial,2019-02-11
P01009,M,1948-06-21,GA,Medicare,2021-02-03
P01010,M,1986-07-22,NY,Commercial,2020-02-14
P01011,F,1950-01-27,PA,Medicare,2021-03-04
P01012,Female,1951-03-18,TX,Medicare,2020-04-09
P01013,M ,1983-01-15,GA,Commercial,2020-07-28
P01014,F,1978-09-19,TX,Medicaid,2023-03-15
P01015,F,1961-02-24,FL,Commercial,2023-04-02
P01016,M,1991-10-16,PA,Commercial,2021-07-23
P01017,M,1952-03-12,IL,Medicare,2022-02-23
P01018,F,1968-06-14,NC,Medicaid,2019-10-20
P01019,F,2007-05-28,NY,Commercial,2022-06-22
P01020,M,1979-11-20,CA,Commercial,2022-05-11
P01021,M,1962-02-14,CA,Medicaid,2021-05-11
P01022,F,1951-09-22,FL,Medicare,2023-01-15
P01023,M,1963-05-28,TX,Medicaid,2019-09-18
P01024,F,1945-11-01,CA,Medicare,2023-12-13
P01025,M,1938-01-28,PA,Medicare,2019-10-08
P01026,M,2007-09-07,TX,Commercial,2020-11-21
P01027,M,2014-03-28,PA,Medicaid,2019-07-26
P01028,M,1978-03-27,OH,Commercial,2022-07-14
P01029,F,1944-06-14,IL,Medicare,2019-07-03
P01030,F,1990-11-17,AZ,Commercial,2019-09-08
P01031,M,1958-09-20,FL,Medicare,2021-09-20
P01032,F,1944-05-22,TX,Medicare,2022-08-02
P01033,M,1942-06-19,OH,Medicare,2023-01-07
P01034,F,1990-06-01,PA,Medicaid,2023-03-31
P01035, f,2013-10-01,FL,Commercial,2021-02-01
P01036,M,1954-06-18,CA,Medicare,2019-03-16
P01037,F,1991-12-01,IL,Commercial,2021-03-05
P01038,M,2017-07-08,GA,Commercial,2019-03-08
P01039,F,2009-11-28,TX,Commercial,2020-03-23
P01040,F,2010-05-03,TX,Commercial,2020-07-30
P01041,Female,1960-06-08,TX,Commercial,2020-05-18
P01042,F,1942-02-24,CA,Medicare,2019-05-13
P01043,M,1952-07-16,FL,Medicare,2019-09-19
P01044,F,1949-11-02,OH,Medicare,2023-03-12
P01045,F,1991-10-08,FL,Commercial,2021-01-29
P01046,M,1962-03-09,PA,Commercial,2021-09-13
P01047,F,1979-01-17,FL,Commercial,2019-08-11
P01048,F,1948-12-09,OH,Medicare,2022-12-25
P01049,M,2005-04-29,TX,Medicaid,2019-11-27
P01050,M,1980-07-09,CA,Commercial,2021-08-11
P01051,F,1957-09-28,FL,Medicare,2019-05-06
P01052,M,2014-06-28,NY,Commercial,2020-01-19
P01053,F,2019-01-25,GA,Commercial,2022-04-12
P01054,F,1977-10-20,FL,Commercial,2019-10-13
P01055,F,1995-03-02,NC,Commercial,2023-01-24
P01056,M,1940-11-29,FL,Medicare,2023-12-25
P01057,F,1975-04-13,IL,Medicaid,2021-06-21
P01058,M,1981-12-04,CA,Commercial,2022-01-21
P01059,F,1940-12-09,FL,Medicare,2023-05-17
P01060,F,1952-12-18,IL,Medicare,2019-01-13
P01061,M,1967-03-14,FL,Medicaid,2023-10-22
P01062,Male,1942-06-05,PA,Medicare,2021-01-21
P01063,F,1986-04-24,TX,Commercial,2022-09-12
P01064,F,1958-11-05,CA,Medicare,2022-07-10
P01065,M,2009-01-29,PA,Commercial,2022-12-12
P01066,M,1999-03-12,FL,Medicaid,2022-01-22
P01067,F,2020-07-06,NC,Commercial,2020-09-01
P01068,F,1934-02-06,FL,Medicare,2022-05-23
P01069,M,1979-11-10,NC,Commercial,2020-05-24
P01070,F,2003-09-17,FL,Commercial,2021-10-07
P01071,F,1989-12-14,FL,Medicaid,2020-01-29
P01072,F,1953-11-01,FL,Medicare,2021-10-12
P01073, f,2008-02-28,CA,Commercial,2022-03-05
P01074,M,2005-08-04,AZ,Medicaid,2021-06-20
P01075,F,2016-05-10,AZ,Medicaid,2020-07-28
P01076,M,1988-02-14,OH,Commercial,2021-09-06
P01077,F,1939-03-29,PA,Medicare,2019-06-23
P01078,F,1968-08-08,PA,Commercial,2021-06-04
P01079,M,1955-08-27,NY,Medicare,2022-07-10
P01080,F,1980-11-22,GA,Commercial,2023-11-11
P01081,F,2011-03-05,NC,Commercial,2022-01-15
P01082,F,2003-01-07,FL,Medicaid,2023-09-24
P01083,M,2012-07-02,PA,Medicaid,2023-10-28
P01084,M,1988-07-02,TX,Medicaid,2022-02-23
P01085,M,2022-02-25,GA,Medicaid,2022-07-21
P01086,M,1950-08-29,PA,Medicare,2019-07-31
P01087,F,1933-08-05,FL,Medicare,2020-05-09
P01088,M,1933-02-08,AZ,Medicare,2020-01-19
P01089,F,2002-08-15,AZ,Commercial,2021-04-11
P01090,F,1995-01-28,CA,Commercial,2023-06-14
P01091,F,1996-11-03,NC,Commercial,2019-10-01
P01092,F,1945-07-03,FL,Medicare,2021-07-12
P01093,F,1994-07-06,TX,Commercial,2021-11-09
P01094,F,1968-09-11,IL,Commercial,2020-12-24
P01095,M,1935-01-15,FL,Medicare,2023-03-09
P01096,M,2011-07-09,GA,Commercial,2021-08-06
P01097,M,1997-02-14,TX,Commercial,2020-12-22
P01098,F,2018-10-12,NC,Medicaid,2020-07-07
P01099,Female,1980-08-26,NC,Medicaid,2021-07-03
P01100,M,1998-07-10,FL,Commercial,2019-01-07
P01101,F,2000-06-09,GA,Commercial,2019-01-20
P01102,F,1989-10-09,PA,Commercial,2023-07-09
P01103,F,1949-09-08,FL,Medicare,2023-08-03
P01104,F,1999-05-19,GA,Medicaid,2021-06-05
P01105,F,1960-09-21,FL,Commercial,2019-11-13
P01106,male,1938-03-29,OH,Medicare,2021-06-10
P01107,M,1986-07-10,FL,Commercial,2022-12-01
P01108,M,1991-01-13,TX,Commercial,2021-03-11
P01109,F,1993-10-06,NY,Medicaid,2019-04-16
P01110,F,1963-02-28,FL,Commercial,2023-03-03
P01111,M,1963-07-07,,Commercial,2021-10-10
P01112,F,1997-11-30,PA,Commercial,2020-10-23
P01113,M,1949-04-18,CA,Medicare,2022-01-14
P01114,M,2018-10-15,TX,Medicaid,2023-10-13
P01115,F,2003-11-12,FL,Medicaid,2020-08-27
P01116,F,2004-06-20,CA,Commercial,2020-04-19
P01117,F,1978-03-20,GA,Commercial,2020-09-23
P01118,M,1951-09-29,CA,Medicare,2020-09-08
P01119,F,1993-05-18,FL,Commercial,2020-09-20
P01120,F,2007-12-27,NC,Medicaid,2022-05-08
P01121,F,1935-10-26,TX,Medicare,2023-12-02
P01122,M ,2006-03-31,NY,Commercial,2019-01-23
P01123,M,1991-12-28,FL,Medicaid,2022-12-24
P01124,M,2001-08-23,GA,Commercial,2019-11-11
P01125,M,1966-06-29,NY,Commercial,2021-04-20
P01126,F,1936-12-07,NY,Medicare,2021-04-22
P01127,female,1954-01-08,AZ,Medicare,2023-11-24
P01128,F,1952-06-29,TX,Medicare,2019-01-20
P01129,M,1944-08-30,FL,Medicare,2021-05-12
P01130,M,2001-01-09,NY,Medicaid,2019-11-09
P01131,F,1989-06-11,TX,Medicaid,2020-02-12
P01132,M,1949-04-28,PA,Medicare,2023-04-25
P01133,F,2020-11-29,GA,Commercial,2019-04-08
P01134,M,1935-11-05,PA,Medicare,2021-01-18
P01135,M,1973-12-15,NC,Medicaid,2023-01-29
P01136,M,2001-06-27,FL,Commercial,2021-02-05
P01137,M,1999-03-02,TX,Commercial,2020-12-03
P01138,M,1959-02-06,NY,Commercial,2020-09-27
P01139,M,1959-06-06,NY,Commercial,2022-05-25
P01140,M,1938-12-12,TX,Medicare,2019-04-21
P01141,F,2021-05-17,CA,Commercial,2022-10-26
P01142,F,1942-05-13,NC,Medicare,2021-07-18
P01143,M,1977-05-28,NY,Medicaid,2019-10-24
P01144,M,1964-04-12,CA,Medicaid,2023-08-13
P01145,M,1962-06-11,PA,Commercial,2021-12-26
P01146,F,1983-04-20,NY,Commercial,2021-08-10
P01147,F,1945-07-07,TX,Medicare,2020-02-21
P01148,F,2007-11-08,GA,Medicaid,2020-01-25
P01149,M,1977-12-02,FL,Commercial,2020-01-08
P01150,F,1984-02-04,GA,Medicaid,2022-03-18
P01151,F,1995-07-25,TX,Commercial,2021-07-18
P01152, f,1997-09-05,OH,Medicaid,2023-11-13
P01153,F,1977-09-15,GA,Commercial,2019-11-22
P01154,F,1996-12-13,NC,Commercial,2022-06-27
P01155,M,1942-01-21,FL,Medicare,2021-08-31
P01156,F,1960-12-01,FL,Commercial,2020-08-05
P01157,F,2001-10-13,TX,Commercial,2020-02-14
P01158,F,2005-07-17,NY,Commercial,2023-07-29
P01159,F,2019-08-24,FL,Commercial,2020-03-02
P01160,M,1954-12-17,FL,Medicare,2022-02-14
P01161,M,1959-09-03,CA,Commercial,2021-11-30
P01162,M,1943-03-23,TX,Medicare,2023-05-04
P01163,M,2008-10-01,TX,Medicaid,2020-06-02
P01164,F,2012-02-19,TX,Commercial,2021-08-16
P01165,M,2017-08-22,TX,Commercial,2023-06-26
P01166,F,1984-12-27,FL,Medicaid,2023-04-18
P01167,M,2004-11-22,GA,Medicaid,2020-05-25
P01168,M,1958-03-11,CA,Medicare,2023-06-17
P01169,F,1997-08-05,NY,Medicaid,2021-05-25
P01170,F,1982-01-07,IL,Commercial,2020-07-07
P01171,F,2018-03-19,PA,Commercial,2019-06-12
P01172,F,1949-12-20,FL,Medicare,2023-03-19
P01173, f,1997-09-08,GA,Commercial,2022-07-11
P01174,M,1955-04-12,IL,Medicare,2023-03-25
P01175,F,1952-12-08,TX,Medicare,2019-08-10
P01176,M,1947-01-02,NY,Medicare,2021-01-15
P01177,M,1997-11-01,NC,Commercial,2019-02-02
P01178,F,1991-03-17,CA,Commercial,2023-10-14
P01179,F,1972-02-29,FL,Commercial,2020-06-22
P01180,F,1973-06-30,GA,Commercial,2023-11-02
P01181,F,1958-03-13,FL,Medicare,2023-06-16
P01182,F,1982-02-12,FL,Commercial,2021-11-05
P01183,F,1965-04-07,FL,Commercial,2022-03-03
P01184,F,1967-04-18,CA,Commercial,2022-03-06
P01185,M,2002-08-12,TX,Commercial,2023-08-31
P01186,Male,1973-09-16,FL,Medicaid,2021-04-13
P01187,F,1971-02-19,FL,Commercial,2022-04-20
P01188,M,2000-10-11,AZ,Medicaid,2019-01-14
P01189,M,1967-08-03,FL,Commercial,2020-01-22
P01190,F,1956-06-27,GA,Medicare,2021-10-30
P01191,F,1975-08-12,CA,Commercial,2020-03-06
P01192,F,1975-08-18,FL,Commercial,2021-02-14
P01193,F,1973-05-27,FL,Medicaid,2021-07-11
P01194,M,1961-09-02,FL,Medicaid,2019-05-30
P01195,M,1968-01-06,AZ,Medicaid,2021-01-24
P01196,M,1996-10-28,CA,Commercial,2021-08-03
P01197,F,1987-08-13,NY,Commercial,2021-03-03
P01198,M,1947-02-27,IL,Medicare,2020-02-06
P01199,F,1968-07-11,CA,Commercial,2020-04-18
P01200,F,1948-04-18,GA,Medicare,2021-04-05
P01201,F,1936-05-09,NY,Medicare,2023-02-13
P01202,M,1945-09-02,NY,Medicare,2020-10-26
P01203,M,1961-04-04,TX,Medicaid,2021-11-07
P01204,M,1957-10-06,OH,Medicare,2019-05-06
P01205,M,2014-04-02,FL,Commercial,2019-06-19
P01206,F,1964-11-15,FL,Commercial,2023-12-31
P01207,F,1949-04-22,TX,Medicare,2019-01-04
P01208,M,2013-11-20,FL,Commercial,2019-07-02
P01209,M,2023-02-18,AZ,Commercial,2019-06-21
P01210,F,2010-05-17,NY,Commercial,2021-07-07
P01211,F,1942-12-17,FL,Medicare,2022-08-26
P01212,Male,1974-11-22,CA,Medicaid,2020-12-20
P01213,F,1933-10-24,OH,Medicare,2019-08-04
P01214,F,1982-01-15,TX,Commercial,2021-10-02
P01215,F,1997-05-30,NY,Commercial,2019-01-29
P01216,F,1939-09-22,NC,Medicare,2022-09-12
P01217,M,2013-09-21,GA,Commercial,2019-09-28
P01218,M,1952-12-22,CA,Medicare,2023-09-03
P01219,Female,1936-10-18,CA,Medicare,2019-10-23
P01220,F,1968-02-23,OH,Commercial,2019-04-13
P01221,M ,1988-05-27,IL,Commercial,2020-06-28
P01222,F,1979-08-20,IL,Commercial,2020-11-19
P01223,F,1964-12-24,FL,Medicaid,2021-12-12
P01224, f,1940-08-28,PA,Medicare,2019-08-21
P01225,M,1961-08-14,NC,Commercial,2023-05-15
P01226,M,2015-11-19,TX,Medicaid,2022-07-20
P01227,F,1974-05-24,IL,Commercial,2023-05-07
P01228,Male,1978-05-04,PA,Commercial,2022-08-12
P01229,male,1970-01-01,OH,Medicaid,2021-05-21
P01230,F,2013-08-23,FL,Commercial,2022-04-29
P01231,M,1961-09-22,FL,Commercial,2021-11-25
P01232,F,1942-03-06,IL,Medicare,2022-11-06
P01233,M,2016-08-26,AZ,Commercial,2022-03-29
P01234,M,1944-05-15,GA,Medicare,2021-07-07
P01235,F,1970-04-06,GA,Commercial,2022-12-07
P01236,M,1993-02-13,CA,Commercial,2019-04-29
P01237,M,1999-09-07,FL,Commercial,2019-07-09
P01238,F,2006-05-18,CA,Commercial,2019-08-17
P01239,M,1990-11-14,AZ,Commercial,2023-12-30
P01240,M,1960-03-22,GA,Commercial,2021-07-12
P01241,M,1984-12-15,OH,Medicaid,2020-01-11
P01242,M,1977-04-21,NY,Commercial,2022-04-05
P01243,female,1973-10-16,GA,Commercial,2022-11-05
P01244,F,1973-07-16,TX,Commercial,2020-12-11
P01245,F,1997-12-04,CA,Commercial,2023-12-28
P01246,M ,1974-04-24,OH,Commercial,2020-12-10
P01247,M,1942-07-09,CA,Medicare,2021-09-30
P01248,M,1986-05-03,IL,Commercial,2020-08-02
P01249,F,2004-08-27,FL,Medicaid,2020-08-03
P01250,M,1962-12-29,AZ,Medicaid,2021-04-29
P01251,M,1976-06-02,CA,Commercial,2021-01-31
P01252,M,1986-04-20,TX,Commercial,2023-11-14
P01253,M,1994-05-03,FL,Commercial,2019-02-06
P01254,F,1951-09-28,GA,Medicare,2023-08-16
P01255,F,1973-04-14,TX,Commercial,2019-02-14
P01256,F,2006-06-17,IL,Medicaid,2019-02-19
P01257,F,1952-10-16,OH,Medicare,2020-05-31
P01258,Female,2005-11-21,FL,Medicaid,2020-04-10
P01259,M,1937-09-04,TX,Medicare,2023-11-08
P01260, f,1976-12-23,NY,Medicaid,2019-04-07
P01261,F,1977-04-14,PA,Commercial,2021-05-12
P01262,F,2002-12-26,OH,Commercial,2022-04-22
P01263,M ,1981-12-14,GA,Commercial,2020-08-27
P01264,M,1976-11-04,FL,Medicaid,2021-04-30
P01265,F,1949-09-03,FL,Medicare,2022-03-13
P01266,M,1962-12-24,NY,Medicaid,2022-05-24
P01267,M,1968-05-16,FL,Commercial,2023-05-31
P01268,M,1995-11-14,GA,Medicaid,2019-06-18
P01269,M,2009-03-13,PA,Commercial,2020-09-03
P01270,M,2017-06-10,TX,Commercial,2022-07-25
P01271,M,1986-12-01,AZ,Medicaid,2020-05-22
P01272,F,1980-08-07,OH,Commercial,2020-07-14
P01273,M,1979-11-11,GA,Commercial,2023-04-21
P01274,F,1952-01-09,FL,Medicare,2023-02-16
P01275,F,1978-05-29,NY,Commercial,2022-11-06
P01276,M,1972-03-11,NC,Commercial,2023-06-23
P01277,M,1977-08-17,NY,Commercial,2019-11-22
P01278,M,1989-11-08,IL,Commercial,2023-03-23
P01279,M,2023-10-08,OH,Medicaid,2019-12-13
P01280,M,1958-08-01,NY,Medicare,2021-05-10
P01281,M,1982-03-25,FL,Commercial,2023-06-02
P01282,M,1986-07-27,TX,Commercial,2019-10-13
P01283,F,1986-01-27,NY,Commercial,2023-02-19
P01284,F,1933-08-21,GA,Medicare,2019-01-04
P01285,F,1988-10-07,PA,Medicaid,2023-12-07
P01286,M,2002-07-04,TX,Medicaid,2020-11-21
P01287,M,1984-11-21,GA,Commercial,2022-06-08
P01288,M,2005-05-01,OH,Commercial,2021-05-03
P01289,F,1992-11-25,CA,Commercial,2019-10-22
P01290,M,1950-05-12,FL,Medicare,2020-01-26
P01291,M,1977-08-14,NY,Commercial,2022-08-06
P01292,M,1949-08-23,NC,Medicare,2023-09-07
P01293,F,1942-05-23,NY,Medicare,2022-08-02
P01294,M,2015-04-19,TX,Commercial,2019-12-16
P01295,M,1980-01-27,NC,Commercial,2021-06-05
P01296,F,2002-09-17,NC,Commercial,2020-03-18
P01297,F,2020-03-10,FL,Commercial,2021-07-13
P01298,F,2011-03-03,GA,Commercial,2021-05-10
P01299,F,1958-01-02,CA,Medicare,2023-09-05
P01300,F,1996-01-15,GA,Commercial,2023-11-21
P01301,Male,2010-03-18,AZ,Commercial,2020-06-27
P01302,M,1950-09-15,FL,Medicare,2022-12-28
P01303,M,1943-04-23,OH,Medicare,2022-03-14
P01304,F,1974-03-20,AZ,Commercial,2022-02-26
P01305,F,2001-09-16,TX,Medicaid,2020-11-02
P01306,M,2017-03-10,CA,Medicaid,2019-04-20
P01307,M,1948-04-19,FL,Medicare,2020-03-20
P01308,M,1955-07-06,CA,Medicare,2020-10-23
P01309,M,2016-02-21,AZ,Commercial,2019-10-31
P01310,M,2006-11-29,AZ,Medicaid,2021-06-15
P01311,M,2023-04-27,TX,Commercial,2023-04-11
P01312,M,1993-03-20,PA,Medicaid,2021-07-24
P01313,F,1955-12-18,PA,Medicare,2019-02-12
P01314,F,2011-08-06,TX,Commercial,2020-02-08
P01315,M,2016-06-26,PA,Commercial,2022-04-03
P01316,F,1946-10-17,FL,Medicare,2022-05-21
P01317,F,1958-02-14,AZ,Medicare,2019-06-01
P01318,F,1962-05-17,PA,Commercial,2023-07-13
P01319,M,1937-09-22,NY,Medicare,2019-05-05
P01320,F,2009-07-25,TX,Medicaid,2020-08-14
P01321,M,2010-11-21,IL,Commercial,2019-12-19
P01322,M,1962-11-30,FL,Commercial,2022-05-11
P01323,M,1985-04-03,NY,Commercial,2020-10-05
P01324,F,1951-01-07,NY,Medicare,2022-05-17
P01325,M,1981-09-21,TX,Commercial,2023-12-01
P01326,M,1987-10-04,FL,Medicaid,2021-09-24
P01327,Female,2016-04-26,GA,Commercial,2019-02-08
P01328,M,1934-06-28,AZ,Medicare,2022-10-16
P01329,F,2016-11-11,OH,Commercial,2023-03-12
P01330,M,2011-05-03,PA,Commercial,2019-05-25
P01331,M,1946-10-16,NY,Medicare,2019-06-15
P01332,M,1995-11-20,NC,Commercial,2019-10-09
P01333,M,1948-07-15,NY,Medicare,2019-02-14
P01334,F,2019-04-07,NC,Medicaid,2019-01-19
P01335,M,1985-06-24,PA,Medicaid,2019-05-31
P01336,M,1978-05-09,GA,Medicaid,2019-03-08
P01337,F,2010-10-06,AZ,Commercial,2020-04-13
P01338,M,1943-07-05,IL,Medicare,2022-06-07
P01339,M,2001-04-15,TX,Medicaid,2021-09-17
P01340,F,1966-06-22,AZ,Commercial,2022-02-06
P01341,M,1972-10-05,IL,Commercial,2021-06-16
P01342,F,2006-01-17,FL,Medicaid,2020-07-06
P01343,F,1990-12-07,FL,Commercial,2022-10-17
P01344,F,1949-02-02,NC,Medicare,2023-12-04
P01345,F,2001-04-11,OH,Medicaid,2020-12-28
P01346,F,1933-11-21,GA,Medicare,2019-01-14
P01347,F,2004-09-29,NY,Commercial,2019-09-12
P01348,M,1984-08-19,NY,Commercial,2023-12-13
P01349,F,1959-01-17,NY,Commercial,2021-01-04
P01350,M,2003-06-27,FL,Commercial,2021-05-07
P01351,Female,1946-09-28,GA,Medicare,2021-11-17
P01352,F,2012-01-31,PA,Medicaid,2020-08-29
P01353,M,1997-11-18,FL,Commercial,2021-11-14
P01354,F,2017-03-08,CA,Commercial,2019-06-08
P01355,F,2021-03-03,CA,Medicaid,2019-06-20
P01356,M,1981-08-12,AZ,Commercial,2020-10-13
P01357,F,1937-12-16,AZ,Medicare,2021-09-17
P01358,F,2008-02-12,IL,Commercial,2021-01-07
P01359,M,1941-01-12,CA,Medicare,2019-07-04
P01360, f,1986-08-15,FL,Commercial,2022-07-02
P01361,M,1954-10-25,GA,Medicare,2019-08-30
P01362,F,1960-09-24,NY,Commercial,2021-01-18
P01363,F,1949-11-12,FL,Medicare,2023-09-08
P01364,F,2003-05-24,FL,Commercial,2020-04-03
P01365,F,1960-06-25,TX,Commercial,2022-12-28
P01366,M,1938-08-24,TX,Medicare,2021-06-05
P01367,M,1961-05-08,CA,Commercial,2019-04-03
P01368,M,2014-05-18,IL,Commercial,2020-02-09
P01369,F,2016-12-27,TX,Commercial,2020-07-04
P01370,M,2016-08-04,FL,Commercial,2023-08-27
P01371,M,2016-02-20,CA,Commercial,2019-09-17
P01372,F,1993-03-16,TX,Medicaid,2022-04-29
P01373,F,1982-02-22,IL,Commercial,2023-10-02
P01374,F,1975-01-18,TX,Medicaid,2019-03-17
P01375,F,2022-12-09,TX,Medicaid,2023-01-18
P01376,F,2004-09-24,NC,Commercial,2022-05-21
P01377,F,1954-07-17,NY,Medicare,2023-04-17
P01378,M,2014-06-28,CA,Medicaid,2020-11-23
P01379,F,1956-03-20,FL,Medicare,2019-09-01
P01380,F,1982-04-11,TX,Commercial,2021-05-28
P01381,M,2010-04-18,FL,Commercial,2019-08-29
P01382,F,2004-11-04,OH,Commercial,2019-04-28
P01383,F,1944-04-28,GA,Medicare,2019-08-23
P01384,F,1986-03-16,FL,Medicaid,2023-03-10
P01385,M,2008-04-01,CA,Medicaid,2022-12-22
P01386,F,1963-06-03,CA,Commercial,2022-07-04
P01387,M,1941-11-29,TX,Medicare,2020-10-24
P01388,M,2005-11-07,AZ,Commercial,2019-09-11
P01389,M,1978-04-04,,Medicaid,2022-06-10
P01390,M,1990-02-18,IL,Commercial,2020-09-03
P01391,M,2019-03-06,TX,Medicaid,2023-01-25
P01392,M,1971-07-30,CA,Medicaid,2021-04-15
P01393,F,2009-05-31,TX,Commercial,2020-02-08
P01394,F,1979-10-29,TX,Commercial,2022-01-11
P01395,F,2002-05-29,FL,Medicaid,2023-03-10
P01396,M,1975-10-22,GA,Commercial,2021-12-12
P01397,F,1945-03-16,PA,Medicare,2020-03-12
P01398,M,1973-03-20,PA,Medicaid,2019-05-01
P01399,F,1952-12-13,FL,Medicare,2020-12-03
P01400,M,1988-01-25,FL,Commercial,2020-08-25
P01401,F,2019-03-17,FL,Commercial,2021-11-27
P01402,M ,1989-08-15,CA,Commercial,2019-05-12
P01403,F,1994-07-20,GA,Medicaid,2019-08-28
P01404,M,1977-12-03,OH,Commercial,2019-02-22
P01405,M,2007-01-25,FL,Commercial,2019-09-09
P01406,F,1978-11-25,NC,Commercial,2021-04-08
P01407,M,1995-01-30,IL,Medicaid,2019-03-16
P01408,M,1980-05-07,FL,Commercial,2020-12-14
P01409,M,1996-01-31,PA,Medicaid,2020-12-30
P01410,M,1946-08-18,IL,Medicare,2020-09-21
P01411,F,2010-02-08,NY,Medicaid,2023-01-27
P01412,M,1970-07-29,GA,Medicaid,2019-10-23
P01413,M,2019-08-27,CA,Medicaid,2022-03-10
P01414,M,2008-08-30,TX,Medicaid,2020-09-16
P01415,M,1996-01-19,IL,Commercial,2019-10-14
P01416,M,1957-07-15,CA,Medicare,2023-06-06
P01417,F,1943-07-11,OH,Medicare,2022-07-01
P01418,M,1958-05-11,CA,Medicare,2019-04-18
P01419,F,2008-06-12,GA,Medicaid,2022-03-13
P01420,M,2007-06-18,NY,Medicaid,2020-09-12
P01421,F,1943-08-16,PA,Medicare,2021-03-13
P01422,M,1980-11-02,TX,Commercial,2019-08-28
P01423,F,1992-01-03,TX,Commercial,2021-06-14
P01424,F,2008-07-05,AZ,Commercial,2021-11-17
P01425,F,1967-01-12,TX,Commercial,2023-12-03
P01426,F,1981-07-16,PA,Commercial,2021-08-18
P01427,M,1997-05-27,FL,Commercial,2021-01-29
P01428,F,1990-06-15,OH,Commercial,2020-07-23
P01429,F,1948-01-14,CA,Medicare,2020-02-08
P01430,F,2014-11-21,FL,Commercial,2020-02-15
P01431,F,1971-06-27,FL,Medicaid,2021-09-15
P01432,F,1958-11-05,GA,Medicare,2023-08-11
P01433,F,2022-02-18,CA,Commercial,2022-09-24
P01434,M,1990-06-21,TX,Commercial,2021-12-19
P01435,M,1967-01-30,GA,Commercial,2019-02-10
P01436,M,1976-09-22,CA,Medicaid,2020-02-27
P01437,F,2003-11-03,AZ,Commercial,2019-07-14
P01438,F,1945-05-16,FL,Medicare,2019-01-17
P01439,F,1985-11-08,CA,Medicaid,2023-05-03
P01440,M,2008-08-17,IL,Medicaid,2023-12-11
P01441,F,1970-09-08,CA,Commercial,2021-02-18
P01442,F,2004-10-12,AZ,Commercial,2022-09-05
P01443,M,2009-11-14,CA,Commercial,2019-08-30
P01444,F,2017-05-06,NC,Commercial,2021-09-05
P01445,M,1978-03-30,OH,Commercial,2023-12-15
P01446,M,1940-08-10,FL,Medicare,2022-11-21
P01447,M,1971-09-21,CA,Medicaid,2022-04-18
P01448,F,1939-11-05,CA,Medicare,2023-11-13
P01449,female,1941-04-28,FL,Medicare,2022-06-01
P01450,M,2017-03-11,NY,Commercial,2021-04-22
P01451,F,1963-06-15,OH,Medicaid,2019-07-16
P01452,F,1934-07-27,FL,Medicare,2020-10-03
P01453,F,1997-05-09,TX,Medicaid,2023-07-15
P01454,F,1967-02-01,FL,Medicaid,2021-12-03
P01455,F,2014-01-04,FL,Commercial,2020-02-29
P01456,M,1980-10-22,NY,Commercial,2022-02-25
P01457,M ,1999-07-11,FL,Commercial,2021-03-10
P01458,Female,1995-02-16,TX,Commercial,2019-01-29
P01459,M,1963-05-16,FL,Medicaid,2023-04-25
P01460,M,1981-03-09,IL,Commercial,2021-08-13
P01461,F,1956-01-03,IL,Medicare,2020-12-15
P01462,M,1953-11-24,GA,Medicare,2020-01-06
P01463,F,1986-05-22,FL,Commercial,2019-10-27
P01464,M,2017-06-20,GA,Commercial,2022-07-26
P01465,F,1943-09-20,FL,Medicare,2021-09-01
P01466,F,1949-05-07,NC,Medicare,2019-11-08
P01467,M,1982-11-24,CA,Commercial,2019-10-23
P01468,Male,1968-07-04,,Commercial,2019-11-20
P01469,F,1934-08-02,PA,Medicare,2020-08-31
P01470,M ,1973-08-11,OH,Commercial,2022-08-31
P01471,M,1964-05-21,TX,Medicaid,2022-02-28
P01472, f,1959-01-22,CA,Commercial,2020-09-22
P01473,F,1981-01-20,NY,Commercial,2022-09-24
P01474,F,2003-04-21,CA,Commercial,2020-08-05
P01475,M,1939-09-03,FL,Medicare,2021-06-06
P01476,F,1950-01-13,TX,Medicare,2021-10-16
P01477,F,1997-01-01,GA,Commercial,2022-03-24
P01478,F,2001-02-26,FL,Medicaid,2020-02-19
P01479,F,1976-02-17,TX,Commercial,2021-09-04
P01480,M,1977-03-08,NC,Commercial,2022-06-20
P01481,F,1971-03-30,TX,Commercial,2022-01-31
P01482,F,1966-04-11,AZ,Commercial,2021-08-01
P01483,F,1940-05-12,TX,Medicare,2020-11-30
P01484,F,2012-05-10,IL,Commercial,2019-01-20
P01485,F,1941-08-11,FL,Medicare,2022-04-20
P01486,F,2010-02-11,TX,Commercial,2023-02-09
P01487,M,1983-05-15,FL,Medicaid,2019-02-12
P01488,F,1986-05-22,GA,Commercial,2023-04-07
P01489,F,1968-04-05,FL,Medicaid,2019-06-27
P01490,M,1969-12-04,CA,Commercial,2023-04-17
P01491,M,1971-01-31,GA,Commercial,2022-03-08
P01492,M,2018-06-02,FL,Medicaid,2019-01-06
P01493,M,1940-01-22,GA,Medicare,2023-03-05
P01494,F,1940-11-24,NC,Medicare,2023-03-16
P01495,F,1960-10-07,TX,Commercial,2020-12-16
P01496,F,1936-01-20,FL,Medicare,2023-01-19
P01497,F,1973-04-23,FL,Medicaid,2023-11-18
P01498,M,1938-05-09,NC,Medicare,2020-07-13
P01499,M,2013-08-06,NC,Commercial,2019-03-18
P01500,M,1944-06-12,NY,Medicare,2020-03-16
P01501,M,1945-06-15,NY,Medicare,2019-03-09
P01502,M,1964-10-20,GA,Medicaid,2021-05-15
P01503,F,2012-06-08,NY,Commercial,2020-12-07
P01504,M,2015-06-27,NC,Commercial,2019-02-03
P01505,F,1986-09-08,OH,Medicaid,2021-06-26
P01506,F,1938-08-28,TX,Medicare,2023-10-22
P01507,Male,1953-03-26,NC,Medicare,2022-10-23
P01508,M,2014-04-29,NY,Commercial,2020-11-25
P01509,M,1991-07-14,NC,Commercial,2019-09-20
P01510,F,1955-05-26,NC,Medicare,2020-12-21
P01511,M,2018-10-04,OH,Commercial,2021-12-22
P01512,F,1972-07-02,FL,Commercial,2022-05-25
P01513,M,1953-06-09,TX,Medicare,2020-08-03
P01514,F,1951-10-01,GA,Medicare,2019-07-05
P01515,F,1965-10-31,NY,Medicaid,2022-08-12
P01516,F,2004-06-23,NY,Commercial,2021-03-28
P01517,M,1990-01-22,NC,Commercial,2021-11-12
P01518,M,1999-07-17,CA,Medicaid,2022-10-09
P01519,F,1984-02-06,CA,Commercial,2021-12-23
P01520,F,1997-02-24,CA,Commercial,2023-07-24
P01521,F,1995-04-05,GA,Commercial,2021-05-09
P01522,M,1943-02-09,GA,Medicare,2023-06-20
P01523,M,1987-08-04,GA,Medicaid,2021-08-19
P01524,M,1956-03-29,OH,Medicare,2019-07-09
P01525,F,1937-11-09,FL,Medicare,2023-04-11
P01526,F,1996-09-06,TX,Commercial,2022-10-02
P01527,M,1970-06-08,GA,Commercial,2020-05-26
P01528,M,1977-12-18,CA,Commercial,2019-06-21
P01529,F,1966-03-27,IL,Commercial,2019-03-25
P01530,F,1994-01-28,PA,Commercial,2023-05-27
P01531,Female,1987-11-24,FL,Commercial,2022-10-22
P01532,F,2015-01-04,CA,Commercial,2019-02-01
P01533,F,1956-11-29,FL,Medicare,2021-06-23
P01534,M,1938-11-15,OH,Medicare,2019-11-03
P01535,F,1982-03-28,TX,Commercial,2023-12-06
P01536,F,2002-04-25,GA,Commercial,2023-06-03
P01537,M,1956-01-25,NY,Medicare,2022-12-25
P01538,F,1944-07-29,TX,Medicare,2023-07-28
P01539,F,1998-06-06,IL,Medicaid,2019-07-21
P01540,M,2015-11-08,FL,Commercial,2019-12-27
P01541,F,1987-04-24,IL,Medicaid,2022-01-19
P01542,M,1988-01-02,GA,Commercial,2023-08-12
P01543,F,2014-05-28,FL,Commercial,2023-06-22
P01544,F,2006-01-25,OH,Commercial,2022-09-10
P01545,F,2008-08-10,NY,Commercial,2020-05-15
P01546,M,1978-01-07,IL,Commercial,2019-12-31
P01547,F,2007-06-20,CA,Commercial,2021-04-22
P01548,M,1939-11-10,NY,Medicare,2019-06-20
P01549,F,2006-08-21,GA,Commercial,2019-05-14
P01550,M,1993-07-05,IL,Commercial,2020-03-02
P01551,F,1973-12-07,NC,Commercial,2023-08-11
P01552,F,2020-02-09,CA,Commercial,2019-07-22
P01553,M,1966-10-05,OH,Commercial,2019-06-19
P01554,F,2002-04-29,FL,Commercial,2021-03-16
P01555,F,2001-01-30,PA,Commercial,2021-01-03
P01556,M,1938-07-26,NY,Medicare,2020-02-09
P01557,M,2006-05-23,OH,Medicaid,2021-01-15
P01558,male,1993-06-26,NC,Commercial,2022-04-13
P01559,F,1958-03-28,NY,Medicare,2020-07-09
P01560,F,1974-12-17,OH,Medicaid,2020-01-29
P01561,F,1990-08-22,NC,Medicaid,2023-04-18
P01562,F,1943-05-23,FL,Medicare,2020-08-09
P01563,F,1998-11-28,NC,Medicaid,2023-02-19
P01564,F,1976-02-22,NY,Medicaid,2021-02-16
P01565,F,1944-05-15,PA,Medicare,2023-06-19
P01566,F,1986-12-30,OH,Commercial,2019-01-17
P01567,F,1990-12-27,FL,Commercial,2020-08-31
P01568,Female,1991-11-04,FL,Commercial,2021-08-27
P01569,F,1959-05-04,FL,Commercial,2021-06-26
P01570,F,1985-06-25,OH,Commercial,2020-11-27
P01571,M,1985-07-08,PA,Commercial,2023-05-19
P01572,F,1952-06-10,NC,Medicare,2021-06-15
P01573,F,1952-07-04,PA,Medicare,2020-06-04
P01574,M,1977-08-28,CA,Medicaid,2022-09-13
P01575,F,1968-12-29,NY,Commercial,2021-08-10
P01576,F,1973-12-21,AZ,Commercial,2022-05-09
P01577,M,1947-04-25,FL,Medicare,2023-03-14
P01578,M,1973-04-04,TX,Medicaid,2019-02-10
P01579,M,2021-10-05,GA,Medicaid,2021-01-15
P01580,M,2006-10-04,,Medicaid,2022-01-16
P01581,M,2008-08-05,CA,Medicaid,2022-04-24
P01582,F,1981-05-10,GA,Commercial,2020-08-10
P01583,F,1975-05-30,NY,Commercial,2023-06-18
P01584,F,2014-06-10,FL,Commercial,2021-03-03
P01585,M,1954-12-18,TX,Medicare,2022-11-07
P01586,M,1991-07-28,GA,Medicaid,2019-07-23
P01587,F,1961-04-01,IL,Commercial,2020-01-31
P01588,M,1939-05-31,NY,Medicare,2020-03-20
P01589,M,1966-03-12,OH,Commercial,2023-04-10
P01590,F,2011-04-23,NY,Commercial,2023-08-07
P01591,male,2006-02-06,FL,Commercial,2021-09-17
P01592,M,1982-06-06,NC,Commercial,2022-03-24
P01593,F,1976-06-07,FL,Medicaid,2020-05-20
P01594,F,1967-06-12,TX,Commercial,2020-06-11
P01595,F,2023-09-27,CA,Medicaid,2022-01-07
P01596,F,1943-07-26,OH,Medicare,2023-03-13
P01597,M,1992-10-31,IL,Commercial,2022-05-20
P01598,M,1987-07-29,GA,Commercial,2021-06-27
P01599,M,2007-11-08,NC,Medicaid,2022-09-26
P01600,M,1982-07-05,NY,Commercial,2022-06-01
P01601,M,2006-01-17,OH,Medicaid,2022-10-19
P01602,F,1963-07-20,IL,Commercial,2023-09-05
P01603,M,1934-04-06,NY,Medicare,2020-12-30
P01604,M,1981-07-24,GA,Medicaid,2019-01-08
P01605,F,1989-02-04,OH,Commercial,2019-03-31
P01606,F,2017-10-16,NY,Commercial,2019-05-11
P01607,male,1984-03-02,IL,Medicaid,2020-09-16
P01608,M,2014-04-11,CA,Commercial,2020-04-07
P01609,M,1988-02-11,IL,Commercial,2023-09-06
P01610,F,1982-11-13,FL,Commercial,2022-12-31
P01611,M,2019-02-09,NC,Commercial,2020-06-22
P01612,F,1944-02-04,TX,Medicare,2019-01-23
P01613,M ,1938-09-14,NC,Medicare,2019-06-19
P01614,M,1963-05-18,IL,Commercial,2020-11-06
P01615,M,2009-05-31,CA,Medicaid,2023-06-17
P01616,M,1964-12-14,OH,Commercial,2019-03-05
P01617, f,1989-06-23,FL,Commercial,2022-05-31
P01618,M,1935-05-06,FL,Medicare,2023-10-16
P01619,M,1969-10-18,CA,Medicaid,2020-02-29
P01620,F,2004-08-22,TX,Commercial,2023-02-19
P01621,F,1987-06-02,FL,Commercial,2022-06-30
P01622,M,1937-01-26,NC,Medicare,2020-08-14
P01623,F,2018-12-09,NC,Medicaid,2019-03-07
P01624,F,1980-01-25,FL,Commercial,2019-06-21
P01625,M,1994-03-09,FL,Commercial,2023-03-09
P01626,F,1943-02-27,TX,Medicare,2023-02-15
P01627,F,1967-12-15,CA,Commercial,2019-12-17
P01628,M,2006-06-07,IL,Commercial,2022-06-02
P01629,F,1967-08-20,TX,Commercial,2023-08-12
P01630,M,2010-01-30,FL,Commercial,2021-01-23
P01631,F,1988-04-05,PA,Commercial,2020-09-19
P01632,M,1999-05-09,FL,Medicaid,2019-01-03
P01633, f,1945-12-21,CA,Medicare,2021-07-28
P01634,M ,1936-02-16,TX,Medicare,2020-01-03
P01635,M,1973-07-06,IL,Medicaid,2021-05-01
P01636,M ,1969-11-03,NC,Commercial,2019-05-22
P01637,F,1974-02-15,FL,Commercial,2021-07-26
P01638,F,2004-02-05,TX,Medicaid,2020-08-18
P01639,F,1964-07-03,FL,Commercial,2019-03-11
P01640,M,1935-05-05,GA,Medicare,2019-08-14
P01641,M,1957-05-23,TX,Medicare,2021-12-31
P01642,M,2011-09-13,CA,Commercial,2021-06-20
P01643,F,1977-04-02,OH,Commercial,2021-01-15
P01644,M,2005-01-01,FL,Commercial,2023-05-20
P01645,F,1981-01-25,NY,Commercial,2022-11-01
P01646,M,2019-04-26,PA,Commercial,2020-06-16
P01647,M,1982-08-22,TX,Commercial,2023-08-24
P01648,F,1939-02-04,NY,Medicare,2020-12-30
P01649,F,1989-01-27,OH,Medicaid,2021-07-31
P01650,F,1981-12-29,NC,Medicaid,2021-07-30
P01651,M ,1959-08-31,NY,Commercial,2019-10-11
P01652,M,1969-06-13,AZ,Commercial,2022-08-18
P01653,F,1995-06-05,FL,Commercial,2020-01-19
P01654,F,1967-04-16,FL,Commercial,2020-01-31
P01655,M,1961-06-27,TX,Medicaid,2019-01-16
P01656,M,2013-12-26,FL,Commercial,2019-11-26
P01657,F,2000-11-01,GA,Commercial,2021-06-20
P01658,F,1975-03-29,FL,Medicaid,2022-03-08
P01659,F,1990-04-22,NC,Commercial,2020-02-06
P01660,M,2015-05-09,TX,Commercial,2019-05-14
P01661,F,1993-07-24,PA,Commercial,2022-08-07
P01662,M,1957-09-22,GA,Medicare,2022-02-26
P01663,M,1941-09-10,CA,Medicare,2021-07-08
P01664,M,1990-04-24,GA,Commercial,2023-06-19
P01665,M,2014-06-30,FL,Medicaid,2022-06-07
P01666,F,2020-11-14,NC,Medicaid,2023-03-04
P01667,M,2005-08-08,FL,Medicaid,2020-02-22
P01668,M,2013-03-06,NC,Commercial,2021-07-13
P01669,M,1967-05-28,NC,Commercial,2020-12-26
P01670,F,2006-02-18,NC,Medicaid,2023-08-09
P01671,F,1982-06-29,CA,Commercial,2021-02-19
P01672,M,1956-07-07,IL,Medicare,2020-05-30
P01673,F,1944-01-20,FL,Medicare,2020-07-22
P01674,M,1963-06-30,IL,Commercial,2020-01-11
P01675,F,1951-11-13,FL,Medicare,2023-06-07
P01676,F,2005-08-07,NY,Medicaid,2021-04-04
P01677,M,1934-05-09,IL,Medicare,2021-08-04
P01678,M,1991-08-28,GA,Commercial,2019-07-16
P01679,M,2008-08-04,PA,Medicaid,2020-07-20
P01680,F,1940-02-17,CA,Medicare,2019-03-27
P01681,F,1958-07-26,PA,Medicare,2023-11-16
P01682,F,1987-09-12,FL,Medicaid,2021-10-07
P01683,Male,1948-11-22,CA,Medicare,2020-06-27
P01684,F,1997-08-06,FL,Commercial,2023-07-23
P01685,F,1990-03-27,FL,Commercial,2020-09-30
P01686,F,1963-09-14,NC,Commercial,2022-11-05
P01687,M,1935-07-14,OH,Medicare,2023-08-19
P01688,M,1943-05-07,NC,Medicare,2020-09-18
P01689,Female,1950-01-27,NC,Medicare,2021-11-14
P01690,M,2012-03-09,OH,Commercial,2021-12-22
P01691,F,1958-09-18,NY,Medicare,2022-05-17
P01692,F,1989-11-02,TX,Medicaid,2020-07-30
P01693,F,1990-05-01,OH,Commercial,2020-11-28
P01694,M,1937-09-30,NC,Medicare,2020-09-02
P01695,F,1953-08-10,GA,Medicare,2020-01-25
P01696,F,1943-11-25,TX,Medicare,2020-12-23
P01697,M,1991-03-25,FL,Commercial,2023-08-18
P01698,M,1938-11-03,OH,Medicare,2023-03-19
P01699,M,1975-08-16,GA,Medicaid,2019-01-18
P01700,M,1933-08-05,CA,Medicare,2022-07-29
P01701,M,1978-12-16,NC,Medicaid,2021-11-12
P01702,F,1977-03-23,AZ,Medicaid,2022-02-11
P01703,M,2012-05-20,TX,Commercial,2019-01-20
P01704,F,1955-06-18,PA,Medicare,2019-11-19
P01705,F,1959-10-29,NC,Commercial,2021-08-02
P01706,M,2014-12-12,FL,Medicaid,2020-08-04
P01707,F,2009-12-11,TX,Commercial,2021-03-31
P01708,female,2007-05-18,TX,Commercial,2020-10-11
P01709,F,1961-04-03,FL,Medicaid,2019-03-28
P01710,M,1963-03-17,TX,Commercial,2020-08-23
P01711,M,1943-03-15,FL,Medicare,2023-06-10
P01712,F,1983-08-11,PA,Commercial,2021-06-27
P01713,F,2008-12-31,TX,Medicaid,2019-11-28
P01714,M,2021-10-03,FL,Medicaid,2023-10-21
P01715,M,2009-03-19,CA,Commercial,2022-03-21
P01716,Female,1934-03-28,PA,Medicare,2022-12-30
P01717,F,1968-06-29,IL,Commercial,2020-05-26
P01718,M,1952-12-23,IL,Medicare,2023-04-20
P01719,F,1950-03-23,,Medicare,2020-11-19
P01720,M,1987-03-10,TX,Medicaid,2023-09-07
P01721,female,2010-10-10,NY,Commercial,2019-05-21
P01722,M,1987-03-14,TX,Commercial,2022-05-28
P01723,M,1938-05-12,IL,Medicare,2021-12-19
P01724,M,1948-02-11,FL,Medicare,2020-01-25
P01725,M,1969-05-17,CA,Commercial,2022-02-08
P01726,F,2008-11-29,GA,Commercial,2023-06-05
P01727,F,2011-05-10,PA,Commercial,2019-06-25
P01728,M,2013-11-22,TX,Medicaid,2023-06-12
P01729,M,2015-09-29,PA,Commercial,2021-07-08
P01730,M,1984-02-17,IL,Commercial,2023-05-20
P01731,F,1981-01-12,FL,Medicaid,2020-07-07
P01732,M,1966-07-11,OH,Commercial,2022-08-27
P01733,F,1948-09-16,TX,Medicare,2019-05-06
P01734,F,2006-08-10,TX,Commercial,2022-12-28
P01735,F,1976-10-04,GA,Medicaid,2020-08-27
P01736,M,1948-06-05,CA,Medicare,2023-12-07
P01737,M,1996-07-31,TX,Medicaid,2023-06-09
P01738,F,2014-12-10,OH,Commercial,2022-08-15
P01739,M,1946-05-23,OH,Medicare,2019-08-02
P01740,F,1942-05-11,TX,Medicare,2019-01-09
P01741,F,1989-05-02,FL,Commercial,2020-12-08
P01742,F,1965-01-21,FL,Commercial,2022-04-27
P01743,F,2011-04-20,GA,Commercial,2022-06-11
P01744,F,2016-04-29,AZ,Medicaid,2022-12-12
P01745,F,1951-10-16,TX,Medicare,2022-04-20
P01746,M,1958-07-15,OH,Medicare,2021-07-11
P01747,M,1957-07-26,IL,Medicare,2020-07-30
P01748,M,1938-01-15,TX,Medicare,2022-11-09
P01749,F,1997-07-11,CA,Commercial,2023-10-28
P01750,F,2000-04-24,PA,Commercial,2021-03-16
P01751,F,1937-06-17,CA,Medicare,2022-10-15
P01752,Female,1998-12-11,FL,Commercial,2021-12-31
P01753,M,1969-01-24,OH,Medicaid,2020-06-12
P01754,F,1972-05-01,IL,Medicaid,2019-07-10
P01755,M,2010-10-08,OH,Commercial,2021-05-01
P01756,M,1941-12-10,OH,Medicare,2019-05-14
P01757,F,1988-01-25,OH,Commercial,2022-08-28
P01758,M,1981-09-10,CA,Medicaid,2020-06-09
P01759,F,1976-12-25,GA,Medicaid,2019-02-09
P01760,M,2003-05-22,IL,Medicaid,2022-12-04
P01761,M,1992-12-26,FL,Commercial,2020-04-24
P01762,F,2017-10-14,PA,Commercial,2021-08-20
P01763,F,1994-02-08,TX,Commercial,2019-08-08
P01764,F,1979-12-19,NC,Commercial,2022-06-23
P01765,M,2004-04-01,OH,Commercial,2019-03-15
P01766,F,2003-05-21,OH,Commercial,2020-01-06
P01767,M,1993-09-11,FL,Medicaid,2020-06-24
P01768,F,1967-09-19,CA,Commercial,2023-11-09
P01769,M,1984-07-11,GA,Commercial,2023-08-04
P01770,F,1964-06-20,FL,Medicaid,2020-09-09
P01771,M,1938-02-10,NY,Medicare,2021-08-10
P01772,M,1955-09-28,AZ,Medicare,2022-05-22
P01773,F,1940-05-30,AZ,Medicare,2019-10-18
P01774,female,2003-04-26,CA,Medicaid,2021-08-07
P01775,M,1952-12-27,OH,Medicare,2021-09-16
P01776,M,1943-02-09,GA,Medicare,2022-05-22
P01777,M,1937-01-03,GA,Medicare,2019-02-05
P01778, f,1965-11-30,NC,Commercial,2022-03-07
P01779,M,1986-09-27,OH,Commercial,2022-09-15
P01780,M,1994-03-19,OH,Commercial,2020-08-19
P01781,M,1974-03-11,FL,Commercial,2023-10-31
P01782,F,1938-11-05,TX,Medicare,2021-01-10
P01783,F,1992-02-01,FL,Commercial,2021-03-07
P01784,M,1970-09-02,OH,Commercial,2022-10-13
P01785,M,2011-09-16,TX,Commercial,2020-02-28
P01786,M,2005-08-23,TX,Medicaid,2023-10-14
P01787,M,2022-04-30,CA,Commercial,2019-02-05
P01788,F,1952-10-17,FL,Medicare,2019-09-22
P01789,M,2011-06-17,TX,Medicaid,2023-02-15
P01790,M,1983-12-05,NC,Commercial,2021-07-17
P01791,M,1945-11-08,GA,Medicare,2023-01-07
P01792,M,1985-03-26,CA,Commercial,2020-11-28
P01793, f,1995-08-14,AZ,Commercial,2022-03-29
P01794,F,1952-03-17,FL,Medicare,2021-07-24
P01795,M,2017-04-06,GA,Medicaid,2019-03-22
P01796,M,1985-01-02,NC,Commercial,2020-11-28
P01797,F,1934-11-11,CA,Medicare,2019-09-02
P01798,M,1972-01-25,AZ,Commercial,2020-11-13
P01799,F,1936-02-10,FL,Medicare,2021-08-19
P01800,F,1954-07-26,PA,Medicare,2023-12-05
P01801,M,1956-11-12,NY,Medicare,2023-07-23
P01802,M,1954-11-13,GA,Medicare,2021-05-03
P01803,male,2023-06-29,NY,Commercial,2021-06-26
P01804,M,1935-12-29,TX,Medicare,2021-06-29
P01805,M,1954-11-27,FL,Medicare,2019-10-12
P01806,F,1938-06-20,GA,Medicare,2023-07-11
P01807,M,1987-06-10,GA,Commercial,2020-09-16
P01808,F,1961-02-20,CA,Commercial,2020-04-10
P01809,M,1973-01-10,FL,Commercial,2020-10-10
P01810,M,2014-09-25,FL,Commercial,2022-10-28
P01811,F,2016-09-02,TX,Commercial,2021-12-21
P01812,F,1966-10-20,NC,Commercial,2023-09-24
P01813,M,1935-10-12,AZ,Medicare,2023-02-12
P01814,M,1974-07-24,FL,Commercial,2019-12-28
P01815,Female,1983-01-04,AZ,Medicaid,2020-12-01
P01816,F,1937-02-08,NC,Medicare,2019-09-06
P01817,F,1936-02-02,IL,Medicare,2020-07-18
P01818,M,2003-07-21,NY,Commercial,2022-10-19
P01819,F,1987-05-07,NY,Commercial,2019-12-09
P01820,M,1952-04-12,OH,Medicare,2020-07-26
P01821,M,2003-10-05,CA,Medicaid,2023-01-17
P01822,F,1991-07-17,IL,Commercial,2023-12-23
P01823,male,1952-06-14,IL,Medicare,2020-03-09
P01824,M,1945-08-17,NY,Medicare,2020-05-25
P01825,F,1952-07-12,CA,Medicare,2023-07-22
P01826,F,2005-07-24,NY,Commercial,2021-09-05
P01827,F,1939-12-10,NC,Medicare,2019-06-09
P01828,M,1963-03-27,NC,Commercial,2020-01-16
P01829,M,1980-02-07,CA,Medicaid,2019-12-02
P01830,M,2014-03-31,FL,Commercial,2022-01-14
P01831,M,2010-01-25,AZ,Commercial,2023-05-25
P01832,M,1963-07-28,TX,Medicaid,2022-04-01
P01833,F,2023-12-12,GA,Commercial,2020-07-27
P01834,F,1991-09-26,GA,Commercial,2019-10-20
P01835,M,1985-02-23,FL,Commercial,2020-10-13
P01836,M,1969-11-11,NY,Commercial,2023-10-23
P01837,M,1965-06-15,FL,Commercial,2021-01-19
P01838,M,2005-12-31,FL,Commercial,2023-01-25
P01839,F,1935-09-05,FL,Medicare,2020-12-15
P01840,F,1939-11-21,FL,Medicare,2021-12-10
P01841,M,1961-11-20,AZ,Commercial,2021-05-04
P01842,M,1948-11-01,CA,Medicare,2021-01-08
P01843,M,2016-06-18,FL,Commercial,2020-10-24
P01844,F,1963-04-25,CA,Medicaid,2023-12-23
P01845,M,1990-09-17,CA,Commercial,2019-03-05
P01846,F,1958-03-08,CA,Medicare,2021-02-16
P01847,F,2011-08-11,TX,Commercial,2021-06-20
P01848,male,1950-04-07,CA,Medicare,2022-02-10
P01849,M,1977-06-21,FL,Commercial,2023-06-25
P01850,M,1947-04-13,GA,Medicare,2020-11-08
P01851,F,1995-01-09,AZ,Commercial,2022-03-09
P01852,F,2017-01-03,TX,Medicaid,2019-06-21
P01853,M,1952-05-31,FL,Medicare,2020-09-18
P01854,M,1939-01-15,GA,Medicare,2021-10-19
P01855,F,1986-04-19,NC,Medicaid,2023-11-05
P01856,F,2020-09-24,FL,Medicaid,2021-03-25
P01857,F,1960-01-25,TX,Commercial,2019-10-12
P01858,F,2018-11-09,TX,Commercial,2021-09-09
P01859,F,1984-07-14,GA,Commercial,2020-10-02
P01860,M,1985-11-06,NY,Commercial,2023-05-30
P01861,F,1936-03-20,FL,Medicare,2021-12-20
P01862,M,1988-02-09,NY,Medicaid,2020-01-15
P01863,M,1998-03-08,FL,Medicaid,2021-11-19
P01864,F,1951-11-25,AZ,Medicare,2019-07-31
P01865,F,1958-09-24,CA,Medicare,2021-12-15
P01866,male,1993-08-29,FL,Medicaid,2019-12-13
P01867,Male,1979-11-20,FL,Medicaid,2020-10-14
P01868,M,1975-06-22,NC,Commercial,2019-04-08
P01869,F,1942-12-19,NC,Medicare,2021-05-04
P01870,M,1959-05-23,TX,Medicaid,2021-08-30
P01871,M,2017-06-05,FL,Commercial,2022-03-27
P01872,Female,2006-05-28,NY,Commercial,2020-09-28
P01873,F,2001-02-01,GA,Medicaid,2019-02-08
P01874,M,2002-03-19,FL,Medicaid,2023-02-28
P01875,F,2001-09-28,TX,Medicaid,2019-04-29
P01876,F,1958-06-06,OH,Medicare,2019-02-14
P01877,M,1995-03-15,TX,Commercial,2020-02-28
P01878,F,1974-02-24,FL,Commercial,2021-02-06
P01879,M,1951-05-12,FL,Medicare,2019-09-10
P01880,M,1934-12-01,CA,Medicare,2022-09-11
P01881,M,1941-07-26,NY,Medicare,2020-11-01
P01882,F,1955-02-22,NC,Medicare,2019-12-24
P01883,F,2020-12-05,CA,Commercial,2019-12-24
P01884,M,1955-05-31,NY,Medicare,2021-01-26
P01885,M,2009-06-17,NY,Commercial,2022-01-28
P01886,F,1984-10-11,AZ,Commercial,2019-04-04
P01887,F,2018-08-28,PA,Commercial,2020-08-20
P01888,F,1970-01-09,TX,Commercial,2020-02-26
P01889,F,2006-05-28,CA,Medicaid,2020-11-20
P01890,M,1990-01-22,FL,Commercial,2019-08-14
P01891,M,1986-07-12,FL,Commercial,2021-08-13
P01892,F,1940-02-27,TX,Medicare,2021-04-09
P01893,M,1934-05-19,OH,Medicare,2019-12-26
P01894,M,2006-02-02,IL,Commercial,2021-06-01
P01895,M,1973-09-03,NC,Commercial,2022-10-12
P01896,M,1990-08-14,NC,Commercial,2020-03-20
P01897,F,1948-12-17,FL,Medicare,2022-02-15
P01898,male,2006-10-09,IL,Commercial,2023-06-24
P01899,F,1995-11-12,FL,Commercial,2022-02-20
P01900,F,1969-10-26,IL,Commercial,2023-09-25
P01901,M,1953-09-10,FL,Medicare,2019-08-13
P01902,F,1998-02-16,FL,Commercial,2019-02-01
P01903,M,1998-08-15,CA,Medicaid,2022-09-02
P01904,F,2015-03-06,FL,Commercial,2019-06-04
P01905,F,1946-03-09,FL,Medicare,2020-06-12
P01906,M,2008-01-08,NC,Commercial,2019-03-24
P01907,F,1970-06-29,NC,Commercial,2023-03-11
P01908,F,1989-02-25,GA,Commercial,2023-09-10
P01909,F,2009-07-31,NY,Medicaid,2019-05-28
P01910,M,1964-05-15,CA,Medicaid,2022-08-28
P01911,M,1970-03-11,FL,Commercial,2021-01-08
P01912,M,2004-11-10,NY,Commercial,2019-07-01
P01913,male,2016-12-11,CA,Medicaid,2022-04-16
P01914,M,1941-11-01,IL,Medicare,2023-07-22
P01915,F,1999-04-13,TX,Commercial,2020-01-18
P01916,F,1997-07-12,NC,Commercial,2021-09-30
P01917,male,1944-09-20,NY,Medicare,2023-11-21
P01918,F,1958-03-26,NC,Medicare,2022-04-19
P01919,M,1942-12-26,OH,Medicare,2021-05-09
P01920,F,1969-10-29,NY,Medicaid,2019-08-10
P01921,M,2015-07-14,,Commercial,2022-11-15
P01922,F,2014-01-31,PA,Commercial,2021-05-31
P01923,M,1964-04-02,CA,Commercial,2023-02-04
P01924,M,1984-04-26,CA,Commercial,2022-07-21
P01925,F,2008-04-16,NY,Commercial,2022-09-07
P01926,F,1972-09-09,FL,Commercial,2021-05-20
P01927,M,2012-07-21,NY,Commercial,2020-09-08
P01928, f,1944-02-12,NY,Medicare,2023-06-10
P01929,F,1966-04-09,TX,Commercial,2023-08-16
P01930,M,1992-05-27,FL,Commercial,2020-05-07
P01931,F,1955-12-02,OH,Medicare,2022-07-14
P01932,F,1954-04-08,NY,Medicare,2020-11-29
P01933,F,1934-08-20,NC,Medicare,2023-08-14
P01934,F,1986-08-13,FL,Medicaid,2020-12-31
P01935,M,1948-04-30,NY,Medicare,2019-06-17
P01936, f,2010-08-10,FL,Commercial,2021-10-24
P01937,F,2000-06-05,NC,Commercial,2021-02-11
P01938,M,1935-12-28,CA,Medicare,2022-07-14
P01939,M,1978-10-25,NY,Commercial,2022-07-29
P01940,F,1999-06-19,AZ,Commercial,2023-09-04
P01941,M,1977-01-16,TX,Commercial,2021-08-10
P01942,M,2019-03-30,TX,Commercial,2019-04-09
P01943,F,2003-08-02,NC,Commercial,2023-06-04
P01944,F,1998-01-12,NY,Commercial,2021-12-02
P01945,M,2018-09-22,CA,Medicaid,2019-10-27
P01946,Female,1970-02-09,AZ,Medicaid,2021-07-10
P01947,F,1985-08-06,NC,Commercial,2020-03-15
P01948,M,1969-11-30,FL,Medicaid,2022-02-15
P01949,female,1972-01-01,GA,Commercial,2020-12-28
P01950,F,2021-01-08,PA,Medicaid,2019-01-25
P01951,F,1967-05-12,FL,Medicaid,2021-01-05
P01952,M,2019-11-08,NY,Commercial,2020-01-09
P01953,M,1956-01-04,IL,Medicare,2020-07-15
P01954,F,1980-12-16,OH,Medicaid,2023-07-11
P01955,F,1970-08-31,FL,Medicaid,2023-03-15
P01956,M,1991-04-03,OH,Medicaid,2020-12-18
P01957,M,1940-12-12,TX,Medicare,2022-04-06
P01958,M,2014-02-04,IL,Commercial,2021-07-31
P01959,F,2016-04-28,CA,Medicaid,2021-08-02
P01960,F,1942-01-19,CA,Medicare,2020-01-15
P01961, f,1938-03-01,FL,Medicare,2019-01-19
P01962,M,2009-03-05,GA,Commercial,2019-01-07
P01963,M,1936-10-09,TX,Medicare,2023-08-09
P01964,F,2018-10-18,NC,Commercial,2020-04-13
P01965,M,1950-10-04,NY,Medicare,2020-05-18
P01966,M,1975-11-06,PA,Commercial,2019-09-06
P01967,M,1934-05-03,FL,Medicare,2021-11-14
P01968,F,1984-12-10,TX,Medicaid,2021-06-28
P01969,F,1959-07-29,CA,Commercial,2021-09-29
P01970,M,1943-06-03,CA,Medicare,2022-02-19
P01971,F,2002-06-18,NY,Commercial,2022-10-08
P01972,F,1978-07-07,TX,Medicaid,2020-10-15
P01973,F,1945-10-11,FL,Medicare,2023-12-02
P01974,M,1964-11-22,NC,Commercial,2020-04-04
P01975,F,1973-01-05,IL,Commercial,2019-10-19
P01976,M,2021-07-15,OH,Commercial,2022-11-12
P01977,M,2011-05-29,NC,Commercial,2022-12-08
P01978,F,1983-06-08,CA,Medicaid,2021-06-27
P01979,M,1956-08-19,OH,Medicare,2019-10-10
P01980,M,2009-04-12,OH,Commercial,2023-06-08
P01981,M,1975-08-17,FL,Medicaid,2021-11-04
P01982,M,1993-08-02,TX,Commercial,2022-12-03
P01983,M,1980-03-13,PA,Medicaid,2019-09-30
P01984,M,1996-09-06,PA,Commercial,2019-08-06
P01985,F,1937-04-20,NC,Medicare,2023-08-01
P01986,M,1998-05-03,TX,Medicaid,2023-04-12
P01987,female,2013-12-20,OH,Commercial,2023-03-20
P01988,M,1949-04-26,GA,Medicare,2019-12-13
P01989,F,2013-03-14,GA,Medicaid,2019-07-03
P01990,Female,1971-09-25,NY,Commercial,2022-02-21
P01991,M,1996-02-02,CA,Commercial,2023-03-20
P01992,M,1934-12-24,,Medicare,2020-09-08
P01993,F,1968-10-27,CA,Commercial,2019-07-21
P01994,M,1966-01-20,NC,Commercial,2019-06-15
P01995,F,2008-02-23,FL,Commercial,2021-10-11
P01996,F,1946-03-31,GA,Medicare,2020-02-06
P01997,M,1997-05-25,NC,Commercial,2019-03-24
P01998,F,1969-10-19,IL,Commercial,2019-11-16
P01999,F,1980-07-06,IL,Medicaid,2021-08-18
P02000,F,1942-06-08,FL,Medicare,2022-09-12
P02001,F,2008-11-29,CA,Medicaid,2022-02-22
P02002,M,1998-05-28,OH,Commercial,2022-03-12
P02003,F,2022-11-29,GA,Medicaid,2019-01-25
P02004,M,1952-11-16,CA,Medicare,2020-05-04
P02005,M,1964-10-30,TX,Commercial,2019-09-18
P02006,F,1972-10-23,NC,Medicaid,2020-02-13
P02007,M,2003-12-03,FL,Commercial,2021-08-15
P02008,F,1992-01-17,TX,Commercial,2020-01-21
P02009,F,1961-03-14,TX,Commercial,2020-10-21
P02010,M,1958-06-29,TX,Medicare,2020-04-21
P02011,M,1969-08-19,FL,Commercial,2022-07-01
P02012,F,1986-10-23,TX,Commercial,2022-11-05
P02013,M,1991-01-20,CA,Commercial,2023-02-07
P02014,M,1985-03-15,FL,Commercial,2022-07-23
P02015, f,2009-04-01,TX,Commercial,2019-02-11
P02016,M,1944-07-13,FL,Medicare,2019-04-18
P02017,F,2004-12-21,AZ,Commercial,2023-04-10
P02018,F,1974-05-12,FL,Commercial,2021-03-27
P02019,F,1941-07-07,CA,Medicare,2019-04-21
P02020,F,1998-09-14,TX,Commercial,2020-03-26
P02021,M,1941-09-07,GA,Medicare,2020-12-10
P02022,F,1994-12-10,PA,Commercial,2021-01-03
P02023,F,1962-02-16,NC,Commercial,2022-05-16
P02024,F,1984-11-01,CA,Commercial,2019-05-20
P02025,F,1966-03-10,FL,Commercial,2023-08-03
P02026,M,1959-01-11,GA,Commercial,2019-08-30
P02027,M,2002-12-15,GA,Medicaid,2019-08-26
P02028,F,2007-05-19,TX,Commercial,2022-09-11
P02029,F,1953-12-07,IL,Medicare,2021-06-11
P02030,F,1933-03-03,TX,Medicare,2019-08-01
P02031,M,1975-06-30,TX,Commercial,2021-08-19
P02032,F,1937-12-24,FL,Medicare,2022-07-03
P02033,M,1967-03-26,TX,Commercial,2023-08-27
P02034,M,1979-03-28,FL,Commercial,2021-10-19
P02035,F,1990-01-28,TX,Commercial,2022-08-13
P02036,F,1948-07-07,AZ,Medicare,2019-10-01
P02037,F,1982-01-25,CA,Medicaid,2019-09-13
P02038,F,1998-05-03,GA,Commercial,2022-05-20
P02039,F,1936-06-23,GA,Medicare,2022-12-13
P02040,M,1937-08-23,CA,Medicare,2022-07-20
P02041,F,2013-09-16,FL,Commercial,2021-12-29
P02042,F,1951-05-20,IL,Medicare,2020-08-29
P02043,M,1952-04-06,CA,Medicare,2023-03-30
P02044,M,1995-12-19,NY,Medicaid,2019-01-03
P02045,F,1969-08-03,NC,Medicaid,2020-07-03
P02046,M,1984-12-15,GA,Commercial,2023-05-07
P02047,F,1985-08-09,FL,Commercial,2022-06-06
P02048,M,1946-03-15,CA,Medicare,2020-07-01
P02049,M,1989-04-23,FL,Commercial,2021-06-26
P02050,F,2016-11-16,FL,Commercial,2021-05-15
P02051,F,1979-04-15,IL,Medicaid,2023-10-18
P02052,F,2019-12-27,OH,Commercial,2021-12-13
P02053,M,1990-12-27,FL,Commercial,2020-12-06
P02054,F,2000-02-02,IL,Medicaid,2020-04-03
P02055,F,2015-12-21,FL,Commercial,2021-10-08
P02056,F,1993-09-26,OH,Commercial,2021-03-25
P02057,M,2010-11-13,TX,Medicaid,2022-11-22
P02058,F,2008-06-02,NY,Commercial,2020-01-06
P02059,M ,1966-06-24,NC,Commercial,2020-07-07
P02060,F,2001-02-28,FL,Commercial,2020-04-14
P02061,F,1997-01-05,IL,Medicaid,2020-08-30
P02062,F,2023-04-04,FL,Commercial,2019-01-30
P02063,F,1945-07-14,IL,Medicare,2019-08-10
P02064,F,2001-12-14,FL,Commercial,2019-12-14
P02065,F,1977-01-29,FL,Commercial,2022-04-30
P02066,F,2016-06-10,FL,Medicaid,2023-09-02
P02067,F,1956-10-13,TX,Medicare,2023-12-31
P02068,M,2015-06-18,CA,Medicaid,2020-02-09
P02069,F,1981-08-10,CA,Commercial,2019-07-06
P02070,M,1946-08-26,PA,Medicare,2020-10-03
P02071,M ,1970-07-19,NY,Medicaid,2020-05-25
P02072,Male,1978-03-31,NY,Commercial,2023-07-22
P02073,F,1969-11-02,TX,Commercial,2021-03-05
P02074,M,1963-01-15,CA,Medicaid,2020-12-22
P02075,M,1969-12-09,IL,Commercial,2023-03-22
P02076,F,1944-11-08,TX,Medicare,2020-04-01
P02077,F,1969-04-29,TX,Medicaid,2022-04-30
P02078,F,2017-11-08,TX,Commercial,2023-01-07
P02079,F,1982-03-23,GA,Commercial,2020-07-10
P02080,F,1959-04-08,CA,Commercial,2021-10-30
P02081,F,1999-07-29,FL,Commercial,2021-04-28
P02082,M,1960-07-19,PA,Commercial,2021-04-16
P02083,F,1953-01-01,FL,Medicare,2020-11-21
P02084,F,1993-03-16,FL,Commercial,2021-12-08
P02085,M,1940-05-15,FL,Medicare,2019-12-07
P02086,F,2016-11-10,TX,Commercial,2019-08-17
P02087,F,1967-05-31,OH,Commercial,2021-08-02
P02088,F,1977-12-17,IL,Commercial,2023-02-27
P02089,F,1958-10-01,TX,Medicare,2022-08-11
P02090,M,1961-04-21,,Commercial,2020-02-23
P02091,F,2012-08-05,NC,Commercial,2022-09-20
P02092,M,1973-01-02,NC,Medicaid,2020-02-11
P02093,M,1946-01-23,NC,Medicare,2020-09-10
P02094,F,1983-11-28,NY,Commercial,2021-10-06
P02095,M,2021-02-12,CA,Medicaid,2023-05-16
P02096,M,1984-02-20,FL,Commercial,2021-04-22
P02097,M,1979-11-24,GA,Commercial,2020-07-16
P02098,F,1960-08-13,IL,Commercial,2023-03-27
P02099,M,2001-01-19,FL,Commercial,2019-11-18
P02100,F,2019-12-26,TX,Commercial,2023-01-10
P02101,F,1946-12-10,GA,Medicare,2021-12-10
P02102,M,2014-06-28,FL,Commercial,2021-05-06
P02103,F,2004-01-19,IL,Medicaid,2020-04-23
P02104,F,1969-09-21,FL,Medicaid,2022-11-17
P02105,F,1958-03-24,NY,Medicare,2022-04-29
P02106,M,1935-04-23,PA,Medicare,2019-12-22
P02107,Female,1945-11-08,FL,Medicare,2022-05-10
P02108,F,1999-09-18,FL,Medicaid,2020-12-03
P02109,M,1984-05-18,TX,Commercial,2022-01-05
P02110,F,2005-07-09,FL,Commercial,2023-09-20
P02111,F,1949-10-06,FL,Medicare,2021-06-07
P02112,M,1934-10-19,CA,Medicare,2022-03-19
P02113,M,1971-06-12,FL,Commercial,2022-09-05
P02114,M,1942-03-04,CA,Medicare,2019-09-18
P02115,F,2010-08-03,IL,Commercial,2020-02-18
P02116,F,1987-01-29,,Medicaid,2022-08-13
P02117,M,1969-05-02,GA,Commercial,2021-05-20
P02118,F,1997-08-06,FL,Commercial,2020-05-28
P02119,Male,2019-04-18,FL,Commercial,2023-09-26
P02120,F,1988-07-21,TX,Commercial,2023-07-14
P02121,M,2006-03-30,NY,Commercial,2021-04-21
P02122,F,2004-01-08,FL,Commercial,2019-05-09
P02123,M,1964-03-19,TX,Commercial,2019-05-15
P02124,F,1962-11-10,FL,Commercial,2021-10-03
P02125,M,2007-12-06,NC,Commercial,2020-06-26
P02126,Female,1985-03-11,TX,Commercial,2021-07-18
P02127,M,1988-02-26,NC,Commercial,2019-06-25
P02128,Female,1961-06-07,CA,Commercial,2021-02-26
P02129,F,1962-10-03,TX,Commercial,2019-07-20
P02130,F,2001-02-13,CA,Commercial,2022-03-09
P02131,F,2022-07-21,FL,Commercial,2019-05-08
P02132,M,1943-09-17,NC,Medicare,2020-05-18
P02133,M,2023-08-21,TX,Medicaid,2020-03-01
P02134,M,1973-09-14,NY,Medicaid,2023-12-06
P02135,F,1950-09-19,,Medicare,2019-12-22
P02136,F,1943-09-05,CA,Medicare,2023-03-11
P02137,F,2014-04-29,NC,Commercial,2019-04-29
P02138,F,1941-12-25,FL,Medicare,2023-01-22
P02139,M,1955-08-22,NY,Medicare,2019-11-16
P02140,M,1983-10-31,FL,Medicaid,2020-10-29
P02141,F,2023-05-10,GA,Medicaid,2022-01-15
P02142,F,1981-01-02,FL,Commercial,2019-07-21
P02143,F,1957-03-19,CA,Medicare,2022-01-23
P02144,F,2014-10-02,CA,Medicaid,2023-09-07
P02145,F,1975-06-28,PA,Commercial,2023-08-16
P02146,F,1988-12-24,NY,Medicaid,2019-09-29
P02147,F,1962-08-03,OH,Commercial,2022-01-30
P02148,F,2008-09-21,IL,Medicaid,2019-11-28
P02149,M,1953-07-01,FL,Medicare,2023-11-26
P02150,M,2022-08-04,NC,Commercial,2023-08-15
P02151,F,1944-04-26,TX,Medicare,2019-01-24
P02152, f,1967-06-16,GA,Commercial,2023-04-15
P02153,F,1949-01-23,AZ,Medicare,2020-07-26
P02154,M,1937-12-06,GA,Medicare,2022-04-03
P02155,F,1947-01-22,IL,Medicare,2021-07-03
P02156,M,1973-03-18,PA,Medicaid,2023-06-06
P02157,M,1963-04-16,PA,Commercial,2022-09-02
P02158,M,1977-03-05,CA,Commercial,2020-03-19
P02159,F,1964-12-13,CA,Commercial,2021-04-29
P02160,F,1959-10-16,TX,Commercial,2021-06-26
P02161,F,1964-01-01,TX,Commercial,2019-04-13
P02162,F,1995-03-16,PA,Commercial,2021-12-13
P02163,F,1997-08-24,TX,Commercial,2019-12-27
P02164,M,1996-08-22,NY,Commercial,2020-05-18
P02165,M,1962-05-23,AZ,Medicaid,2021-09-13
P02166,M,2005-07-30,TX,Commercial,2022-07-16
P02167,male,1975-05-14,PA,Medicaid,2022-03-26
P02168,F,1983-01-25,GA,Commercial,2019-08-25
P02169,M,2019-09-02,FL,Commercial,2022-06-22
P02170,M,1958-02-09,CA,Medicare,2020-09-25
P02171,F,2011-06-21,NY,Commercial,2023-05-19
P02172,M,1976-08-17,,Commercial,2022-04-09
P02173,M,1944-01-31,FL,Medicare,2019-05-02
P02174,M,2000-07-06,FL,Commercial,2021-04-21
P02175,M,2019-11-16,PA,Commercial,2019-11-23
P02176,F,1937-09-18,NY,Medicare,2022-09-15
P02177,M,1974-02-26,NY,Commercial,2020-03-13
P02178,F,1967-06-27,GA,Medicaid,2019-01-30
P02179,M,2005-06-10,IL,Commercial,2019-05-19
P02180,M,1970-04-27,IL,Medicaid,2021-10-29
P02181,F,1934-10-22,NY,Medicare,2020-08-05
P02182,F,2001-11-28,GA,Medicaid,2019-07-10
P02183,Male,1994-07-24,AZ,Medicaid,2019-12-09
P02184,F,1979-01-31,IL,Commercial,2019-02-12
P02185,F,1949-11-15,NY,Medicare,2023-11-05
P02186,F,1991-04-14,CA,Commercial,2021-04-29
P02187,M,2001-01-08,TX,Medicaid,2020-01-18
P02188,F,1953-11-26,GA,Medicare,2020-05-09
P02189, f,1989-11-13,NC,Commercial,2023-03-27
P02190,Male,1998-02-17,NC,Medicaid,2021-02-21
P02191,F,1994-11-22,CA,Commercial,2023-03-06
P02192,M,1943-04-05,PA,Medicare,2023-07-18
P02193,F,1937-03-16,NY,Medicare,2023-06-12
P02194, f,2020-09-08,PA,Commercial,2019-03-30
P02195,M,1955-09-17,GA,Medicare,2022-08-23
P02196,F,2012-06-24,AZ,Medicaid,2021-09-20
P02197,M,1989-06-30,GA,Commercial,2022-09-21
P02198,F,1944-02-22,FL,Medicare,2019-07-15
P02199,M,2010-05-29,CA,Commercial,2019-07-24
P02200,F,1933-01-12,FL,Medicare,2020-09-22
P02201,M,1960-10-05,FL,Commercial,2019-11-11
P02202,F,2021-09-20,NC,Medicaid,2023-06-24
P02203,M,1974-10-05,TX,Medicaid,2019-01-03
P02204,F,2013-05-08,OH,Commercial,2021-12-01
P02205,M,1965-12-19,FL,Commercial,2022-01-01
P02206,F,1946-02-21,TX,Medicare,2023-01-09
P02207, f,1952-03-25,TX,Medicare,2019-08-15
P02208,M,1977-01-05,NY,Commercial,2023-02-26
P02209,F,2014-01-16,TX,Commercial,2019-09-19
P02210,M,2000-12-06,TX,Commercial,2020-06-05
P02211,male,1991-04-04,TX,Medicaid,2020-02-23
P02212,F,1975-07-02,FL,Commercial,2023-11-08
P02213,M,1996-04-07,CA,Medicaid,2020-04-24
P02214,F,1968-02-17,NY,Commercial,2019-03-05
P02215,M,1992-06-02,TX,Medicaid,2022-01-12
P02216,F,2001-12-30,GA,Commercial,2021-10-02
P02217,F,2002-02-19,IL,Commercial,2023-06-11
P02218,M,1971-07-26,GA,Medicaid,2021-07-22
P02219,M,1980-07-17,IL,Medicaid,2020-08-20
P02220,M,2015-06-02,GA,Commercial,2022-07-04
P02221,M,1975-02-03,AZ,Commercial,2020-04-19
P02222,F,1997-06-22,TX,Commercial,2023-07-29
P02223,F,2001-10-17,NY,Commercial,2020-08-19
P02224,F,2017-04-08,GA,Commercial,2021-01-23
P02225,M,1959-05-15,IL,Medicaid,2022-11-08
P02226,F,2020-12-08,GA,Commercial,2022-04-12
P02227,M,1938-06-20,NC,Medicare,2022-10-21
P02228,F,2019-03-21,FL,Commercial,2020-11-19
P02229,F,1991-02-13,CA,Commercial,2020-10-26
P02230,M,1947-09-20,OH,Medicare,2021-03-23
P02231,F,1991-06-25,NY,Commercial,2023-01-12
P02232,F,1937-03-06,CA,Medicare,2022-12-02
P02233,M,1985-06-01,OH,Commercial,2019-12-14
P02234,M,1988-07-31,NY,Medicaid,2021-09-11
P02235,F,1955-10-26,GA,Medicare,2021-10-29
P02236,F,1962-12-16,TX,Medicaid,2022-06-18
P02237, f,1999-04-25,NC,Commercial,2019-05-10
P02238,M,1989-01-14,GA,Commercial,2022-10-21
P02239,F,1965-05-26,CA,Commercial,2020-02-28
P02240,M,1936-03-22,FL,Medicare,2020-02-27
P02241,F,1976-04-28,IL,Commercial,2022-10-14
P02242,M,2012-08-27,CA,Commercial,2023-12-11
P02243,M,1994-06-24,NY,Commercial,2022-10-02
P02244,M,1988-09-24,PA,Commercial,2022-08-29
P02245,F,2012-10-11,OH,Commercial,2020-04-12
P02246,F,1998-05-31,FL,Commercial,2021-05-07
P02247,F,1969-05-10,TX,Commercial,2021-11-07
P02248,F,1949-01-05,NY,Medicare,2021-08-16
P02249,Female,1970-10-06,TX,Commercial,2019-03-30
P02250,female,1963-09-18,TX,Commercial,2019-04-22
P02251,F,1946-11-01,TX,Medicare,2023-11-16
P02252,F,1934-01-19,FL,Medicare,2019-10-15
P02253,F,1968-03-21,FL,Commercial,2022-03-13
P02254,M,1952-09-02,GA,Medicare,2020-03-31
P02255,M,1968-01-13,FL,Medicaid,2019-01-30
P02256,F,1943-04-20,NY,Medicare,2021-06-07
P02257,M,2015-07-12,FL,Medicaid,2020-11-19
P02258,F,1951-08-15,FL,Medicare,2021-11-10
P02259,Male,1974-06-07,PA,Commercial,2023-08-18
P02260,F,2015-12-01,CA,Commercial,2023-10-27
P02261,F,1958-10-30,IL,Medicare,2022-03-15
P02262,M,1981-01-24,AZ,Medicaid,2019-11-24
P02263,F,1993-10-17,CA,Commercial,2022-04-18
P02264,F,1972-11-02,OH,Commercial,2021-11-06
P02265, f,1958-02-21,FL,Medicare,2021-05-07
P02266,M,2001-01-21,NC,Commercial,2022-05-26
P02267,M,1955-03-09,CA,Medicare,2021-07-21
P02268,F,1943-11-25,NC,Medicare,2020-12-20
P02269,M,1958-02-28,FL,Medicare,2019-10-01
P02270,F,2016-09-25,IL,Medicaid,2020-03-26
P02271,Male,1948-12-27,TX,Medicare,2019-12-01
P02272,F,1940-01-30,OH,Medicare,2021-05-22
P02273,F,1956-09-25,AZ,Medicare,2020-07-05
P02274,M,2016-05-05,PA,Medicaid,2023-04-04
P02275,M,1999-12-06,TX,Medicaid,2023-04-07
P02276,M,2010-10-23,TX,Commercial,2019-05-25
P02277,M,1939-02-14,CA,Medicare,2020-12-25
P02278,F,2004-05-29,NY,Commercial,2023-06-10
P02279,M,1982-01-01,TX,Medicaid,2021-12-18
P02280,F,1955-10-28,CA,Medicare,2019-02-27
P02281,M,2004-02-10,IL,Commercial,2023-11-24
P02282,F,1978-02-15,TX,Commercial,2021-10-16
P02283,M,1970-01-28,FL,Commercial,2019-10-27
P02284,M,1934-12-13,NC,Medicare,2019-04-10
P02285,female,1968-11-23,CA,Commercial,2022-02-28
P02286,F,2012-06-21,IL,Commercial,2019-06-07
P02287,F,1979-11-20,OH,Medicaid,2020-06-04
P02288,F,1941-12-08,TX,Medicare,2021-12-21
P02289,M,1969-03-10,CA,Commercial,2020-02-09
P02290,F,1997-04-22,PA,Commercial,2020-01-02
P02291,F,1981-02-26,TX,Medicaid,2022-08-17
P02292,Female,1940-01-25,FL,Medicare,2023-07-22
P02293,F,1946-11-09,CA,Medicare,2020-02-06
P02294,F,1961-03-03,FL,Commercial,2023-08-04
P02295,M,2013-12-16,IL,Commercial,2020-02-11
P02296,M,2014-08-18,FL,Commercial,2022-03-23
P02297,M,1957-09-14,TX,Medicare,2020-06-28
P02298,F,1990-10-06,IL,Commercial,2020-12-15
P02299,F,1994-04-13,FL,Commercial,2023-10-23
P02300,F,1956-11-17,FL,Medicare,2023-12-15
P02301,F,2012-03-11,FL,Medicaid,2020-11-08
P02302,F,1950-02-16,AZ,Medicare,2021-06-05
P02303,F,2000-05-03,AZ,Commercial,2023-10-14
P02304,M ,1973-12-02,TX,Commercial,2019-02-16
P02305,F,1995-05-29,OH,Commercial,2022-10-23
P02306,M,1998-05-16,NC,Commercial,2019-09-18
P02307,M,1953-08-17,FL,Medicare,2023-06-02
P02308,M,1981-08-19,GA,Commercial,2022-11-03
P02309, f,1940-07-13,IL,Medicare,2021-05-11
P02310,M,1964-01-03,FL,Medicaid,2021-05-13
P02311,F,1997-12-30,NY,Medicaid,2020-12-26
P02312,F,1971-06-30,GA,Commercial,2023-02-23
P02313,female,1993-09-07,CA,Commercial,2022-09-06
P02314,female,1997-06-14,FL,Commercial,2022-09-08
P02315,F,1994-12-30,GA,Commercial,2021-10-20
P02316,M,1995-01-31,FL,Commercial,2019-05-23
P02317,M,1992-07-18,AZ,Commercial,2021-09-10
P02318,F,1953-01-12,FL,Medicare,2019-01-07
P02319,F,1978-11-05,TX,Commercial,2022-09-29
P02320,F,2021-06-01,TX,Medicaid,2022-10-16
P02321,M,2020-04-27,TX,Commercial,2023-07-01
P02322,F,2022-03-16,OH,Commercial,2022-12-10
P02323,F,1979-12-29,TX,Commercial,2022-06-12
P02324,F,2010-05-14,CA,Commercial,2022-01-31
P02325,M,1998-11-08,CA,Commercial,2020-06-08
P02326,F,1970-07-28,PA,Medicaid,2021-10-10
P02327,F,2015-12-13,PA,Commercial,2020-07-28
P02328,F,2014-12-11,GA,Commercial,2023-07-23
P02329,M,1948-03-27,OH,Medicare,2019-04-09
P02330,female,2005-04-14,OH,Commercial,2023-04-07
P02331,M,1953-02-08,IL,Medicare,2023-11-01
P02332,M,1983-04-21,AZ,Commercial,2021-11-17
P02333,female,1976-05-28,NC,Medicaid,2020-09-30
P02334,M,2012-11-19,NY,Commercial,2022-10-29
P02335,M,1989-03-27,GA,Commercial,2023-03-10
P02336,F,1955-10-10,PA,Medicare,2019-10-12
P02337,M,2018-11-23,IL,Medicaid,2019-11-19
P02338,F,1993-04-08,FL,Commercial,2020-03-31
P02339,M,1940-05-31,CA,Medicare,2022-11-25
P02340,M,2009-11-07,FL,Commercial,2021-04-28
P02341,M,1972-06-14,GA,Commercial,2020-07-22
P02342,M,1959-04-24,TX,Commercial,2021-11-03
P02343,F,1949-07-02,TX,Medicare,2023-02-09
P02344,M,2013-04-13,NC,Commercial,2019-11-07
P02345,M,1948-06-30,FL,Medicare,2019-04-25
P02346,M,1968-08-25,CA,Commercial,2023-03-05
P02347,F,2014-10-11,CA,Medicaid,2020-06-27
P02348,F,1993-09-28,OH,Medicaid,2019-07-27
P02349,F,1989-03-11,FL,Commercial,2021-04-19
P02350,F,2015-08-18,TX,Commercial,2023-10-04
P02351,F,2021-04-14,NC,Commercial,2020-07-20
P02352,F,2016-08-22,NC,Medicaid,2019-05-22
P02353,F,2020-06-23,NY,Commercial,2022-09-11
P02354,M,1946-05-24,NY,Medicare,2023-04-23
P02355,F,1963-07-11,AZ,Commercial,2022-09-28
P02356,F,1946-04-04,TX,Medicare,2019-12-11
P02357,M ,2007-01-29,FL,Commercial,2021-03-21
P02358,F,1938-02-20,AZ,Medicare,2023-11-30
P02359,M,1960-01-30,OH,Medicaid,2021-01-24
P02360,M ,1961-12-21,GA,Commercial,2019-12-06
P02361,F,1981-03-29,PA,Medicaid,2023-01-28
P02362,F,1993-04-10,GA,Commercial,2021-01-31
P02363,F,2013-08-03,PA,Commercial,2022-11-10
P02364,F,1963-09-09,CA,Medicaid,2023-11-28
P02365,M,1943-12-13,NY,Medicare,2021-12-31
P02366,F,1948-02-29,IL,Medicare,2020-02-19
P02367,F,1979-03-01,OH,Commercial,2020-08-29
P02368,F,2012-12-04,FL,Commercial,2023-06-30
P02369,F,2016-06-02,NC,Commercial,2023-01-27
P02370,F,1939-06-14,OH,Medicare,2021-04-21
P02371,M,2022-10-30,CA,Commercial,2022-05-26
P02372,F,2006-06-14,GA,Commercial,2022-05-06
P02373,M,1982-03-10,GA,Commercial,2021-10-28
P02374,M,2011-09-04,AZ,Commercial,2020-03-17
P02375,M,1974-04-11,TX,Commercial,2021-02-15
P02376,F,2017-01-11,NY,Commercial,2019-09-27
P02377,F,1984-07-19,CA,Medicaid,2023-06-29
P02378,M,1939-11-23,FL,Medicare,2021-09-06
P02379,M,1976-09-14,FL,Commercial,2021-04-02
P02380,M,1941-11-12,FL,Medicare,2020-03-19
P02381,F,1972-08-25,FL,Medicaid,2021-06-05
P02382,F,2005-05-10,IL,Commercial,2019-06-04
P02383,F,2008-10-19,FL,Commercial,2019-10-26
P02384,Male,1960-06-27,GA,Commercial,2020-07-23
P02385,M,1976-01-02,NY,Commercial,2022-01-06
P02386,Male,1945-09-26,IL,Medicare,2022-05-24
P02387,M,2022-02-13,FL,Medicaid,2021-05-03
P02388,M,2000-09-11,GA,Commercial,2021-09-08
P02389,F,1940-05-21,NC,Medicare,2023-11-09
P02390,Male,1999-11-05,NY,Commercial,2022-11-08
P02391,male,1953-09-25,CA,Medicare,2019-10-30
P02392,M,1955-02-19,FL,Medicare,2021-09-17
P02393,M,1959-05-31,PA,Commercial,2019-04-04
P02394,M,1967-06-08,CA,Commercial,2022-10-10
P02395,M,1951-06-29,PA,Medicare,2019-03-02
P02396,M,1969-10-03,AZ,Medicaid,2019-12-20
P02397,M,1994-01-26,NC,Commercial,2022-03-18
P02398,M,2023-08-11,FL,Commercial,2020-12-14
P02399,M,2003-12-28,NC,Commercial,2019-01-24
P02400,F,1946-02-04,CA,Medicare,2020-11-02
P02401,M,1946-12-15,FL,Medicare,2019-05-07
P02402,M,1954-02-11,GA,Medicare,2023-06-14
P02403,M,1944-09-25,FL,Medicare,2023-03-09
P02404,F,2023-12-07,IL,Medicaid,2023-12-30
P02405,M,1989-10-12,OH,Medicaid,2022-05-18
P02406,M,1989-05-07,NC,Commercial,2020-01-22
P02407,F,1951-06-16,OH,Medicare,2019-03-09
P02408,M,2007-11-07,CA,Commercial,2021-04-17
P02409,M,1971-09-14,PA,Commercial,2021-11-21
P02410,M,1997-10-16,GA,Medicaid,2019-05-07
P02411,F,1938-05-07,GA,Medicare,2021-01-23
P02412,F,1996-02-20,CA,Medicaid,2021-04-26
P02413,M,1962-09-29,PA,Commercial,2023-07-31
P02414,M,1942-02-08,PA,Medicare,2022-12-06
P02415,F,1987-08-06,AZ,Commercial,2020-07-07
P02416,M,1966-12-01,OH,Commercial,2020-07-06
P02417,F,2022-09-05,GA,Commercial,2021-07-10
P02418,F,1952-02-17,GA,Medicare,2020-07-01
P02419,M,1977-03-11,NY,Commercial,2020-07-19
P02420,F,1965-04-10,CA,Medicaid,2023-09-04
P02421,F,2020-08-08,NY,Commercial,2019-10-31
P02422,M,1976-03-23,,Commercial,2020-07-15
P02423,F,1938-04-16,NY,Medicare,2022-11-27
P02424,F,2001-03-17,PA,Commercial,2022-12-10
P02425,F,1975-06-12,GA,Medicaid,2019-03-20
P02426,M,1955-06-30,CA,Medicare,2022-09-24
P02427,M,1981-01-13,GA,Commercial,2023-11-03
P02428,F,1956-01-21,CA,Medicare,2023-11-05
P02429,F,1956-06-19,NC,Medicare,2022-11-11
P02430,M,1958-10-19,GA,Medicare,2020-11-13
P02431,M,2009-08-04,NC,Medicaid,2021-09-21
P02432,M,1939-07-01,NC,Medicare,2020-05-06
P02433,F,1935-04-29,TX,Medicare,2022-11-04
P02434,M,1963-09-07,IL,Commercial,2022-11-07
P02435,M,1933-12-15,OH,Medicare,2021-12-25
P02436,F,1986-03-06,NY,Medicaid,2020-01-16
P02437, f,1958-01-19,FL,Medicare,2021-06-28
P02438,M,1938-12-01,NY,Medicare,2020-03-12
P02439,M,1984-09-06,TX,Commercial,2023-07-14
P02440,F,1954-07-26,GA,Medicare,2021-12-15
P02441,F,1981-03-29,CA,Medicaid,2021-10-25
P02442,M,1987-03-25,IL,Commercial,2023-08-30
P02443,M,1966-08-28,FL,Commercial,2022-06-07
P02444,F,1950-09-08,OH,Medicare,2022-08-08
P02445,F,1998-08-06,CA,Commercial,2021-09-22
P02446,F,1950-10-05,NC,Medicare,2023-03-06
P02447,M,2009-07-25,PA,Commercial,2022-08-27
P02448,M,2010-09-27,TX,Commercial,2019-03-19
P02449,F,1949-12-10,CA,Medicare,2023-04-15
P02450,M,1957-04-15,GA,Medicare,2019-12-01
P02451,M,1933-03-19,GA,Medicare,2021-04-16
P02452,M,1937-09-18,NY,Medicare,2023-08-11
P02453,F,1935-08-08,FL,Medicare,2021-12-31
P02454,F,1933-08-07,GA,Medicare,2021-06-08
P02455,F,1958-12-23,FL,Medicare,2022-08-14
P02456,F,1938-06-15,FL,Medicare,2022-09-01
P02457,M,1938-07-17,TX,Medicare,2020-06-11
P02458,M,2012-01-23,FL,Commercial,2023-11-04
P02459,F,2018-08-18,FL,Commercial,2019-05-13
P02460,M,1948-03-17,NC,Medicare,2022-05-23
P02461,M,1974-08-11,CA,Medicaid,2022-02-04
P02462,F,1957-10-25,,Medicare,2023-05-14
P02463,F,1976-08-26,IL,Commercial,2019-08-08
P02464,M,1938-02-12,PA,Medicare,2022-11-21
P02465,M,1975-09-30,NC,Commercial,2019-12-27
P02466,M,1943-02-27,GA,Medicare,2022-05-16
P02467,M,1994-05-03,FL,Medicaid,2023-11-05
P02468,F,1935-04-04,IL,Medicare,2021-12-16
P02469,F,1939-04-02,AZ,Medicare,2021-05-22
P02470,M,1975-06-27,NY,Commercial,2021-08-30
P02471, f,1964-05-26,CA,Commercial,2019-01-26
P02472,M ,2010-12-06,FL,Medicaid,2021-05-27
P02473,F,1950-04-20,FL,Medicare,2020-02-10
P02474,F,1949-04-16,CA,Medicare,2022-02-25
P02475,M,1999-11-25,FL,Commercial,2023-04-12
P02476,F,1980-06-25,NY,Commercial,2021-07-06
P02477,M,2005-06-29,OH,Commercial,2021-03-16
P02478,M,2008-09-09,OH,Commercial,2021-11-30
P02479,Male,1999-12-08,PA,Commercial,2020-03-03
P02480,M,2016-12-28,GA,Medicaid,2019-03-08
P02481,F,1958-10-16,TX,Medicare,2023-08-07
P02482,M ,2015-10-09,CA,Commercial,2023-08-31
P02483,M,2002-10-15,CA,Commercial,2022-08-20
P02484,F,2003-05-25,AZ,Commercial,2021-01-27
P02485,F,1961-07-31,GA,Medicaid,2023-10-16
P02486,F,1959-11-22,FL,Commercial,2023-01-13
P02487,M,1939-12-02,TX,Medicare,2021-12-16
P02488,M,2013-05-06,NY,Medicaid,2022-02-15
P02489,F,1976-01-25,TX,Commercial,2019-10-10
P02490,F,1949-03-07,TX,Medicare,2021-04-09
P02491,F,1982-03-30,GA,Medicaid,2019-08-24
P02492,F,1964-09-06,TX,Commercial,2020-03-16
P02493,F,2013-04-19,NC,Commercial,2021-12-07
P02494,M,1961-12-02,FL,Medicaid,2019-02-12
P02495,M,2020-10-30,PA,Medicaid,2019-10-15
P02496,M,1949-11-11,CA,Medicare,2021-07-15
P02497,Male,1948-10-25,FL,Medicare,2019-10-02
P02498,M,1966-08-23,FL,Commercial,2022-09-20
P02499,M,1987-12-17,FL,Medicaid,2022-12-18
P02500,M,2014-03-10,FL,Commercial,2020-01-18
P02501,M,2007-04-16,CA,Commercial,2020-01-22
P02502,M,1952-05-14,IL,Medicare,2022-11-23
P02503,F,1987-10-29,FL,Medicaid,2020-03-27
P02504,F,2023-02-19,GA,Medicaid,2021-06-19
P02505,M,1991-12-30,PA,Commercial,2021-03-18
P02506,M,1997-01-03,NY,Commercial,2019-10-09
P02507,M,2023-04-11,TX,Medicaid,2023-03-15
P02508,F,2007-10-20,NY,Medicaid,2021-12-26
P02509,M,1950-10-21,FL,Medicare,2022-07-21
P02510,M,1937-04-22,GA,Medicare,2021-03-21
P02511,M,2019-03-13,AZ,Commercial,2023-03-19
P02512,F,2022-07-14,CA,Commercial,2023-05-28
P02513,F,2001-12-10,GA,Commercial,2020-07-10
P02514,F,1993-07-04,IL,Commercial,2023-09-21
P02515,M,1994-07-10,TX,Commercial,2021-12-01
P02516,F,1978-09-04,FL,Medicaid,2019-01-28
P02517,M,2012-02-06,AZ,Commercial,2019-01-05
P02518,F,2020-08-28,NC,Commercial,2023-02-09
P02519,M,1943-10-05,OH,Medicare,2019-05-16
P02520,F,1965-04-29,FL,Commercial,2022-04-29
P02521,M,2013-05-20,GA,Commercial,2023-01-04
P02522,M,1933-05-19,IL,Medicare,2021-06-24
P02523,M,1983-07-02,FL,Commercial,2021-07-24
P02524,M,1956-09-06,PA,Medicare,2022-02-17
P02525,F,1968-09-28,OH,Medicaid,2021-11-13
P02526,F,2009-11-18,TX,Commercial,2023-07-08
P02527,F,1989-10-25,IL,Medicaid,2022-09-07
P02528,M,2001-06-03,IL,Medicaid,2023-01-07
P02529,M,1980-08-05,PA,Medicaid,2019-05-06
P02530,Female,1955-04-07,TX,Medicare,2021-07-15
P02531,M,1954-03-13,CA,Medicare,2021-04-10
P02532,F,1940-06-11,TX,Medicare,2021-10-23
P02533,F,1953-11-23,FL,Medicare,2019-08-01
P02534,Female,1982-12-30,IL,Commercial,2020-01-06
P02535,M,1974-10-09,AZ,Medicaid,2020-07-22
P02536,F,1936-09-19,FL,Medicare,2022-06-11
P02537,M,1946-12-05,NC,Medicare,2022-06-18
P02538,M,1996-03-22,IL,Commercial,2019-04-21
P02539,M,1959-08-21,CA,Commercial,2019-05-10
P02540,F,1936-04-04,FL,Medicare,2022-08-03
P02541,M,1952-10-16,FL,Medicare,2022-04-27
P02542,M,2004-12-28,NY,Commercial,2022-05-07
P02543,F,1985-11-12,IL,Commercial,2020-01-31
P02544,F,1983-07-14,GA,Commercial,2019-04-05
P02545,F,1934-07-09,TX,Medicare,2019-07-27
P02546,F,1965-07-25,OH,Commercial,2019-10-21
P02547,F,1979-01-16,OH,Medicaid,2022-04-06
P02548,M,2009-05-07,IL,Commercial,2022-06-02
P02549,F,2009-04-08,PA,Commercial,2019-07-24
P02550,M,1983-11-17,CA,Commercial,2022-01-10
P02551,F,1958-07-15,IL,Medicare,2022-12-04
P02552,M,1962-05-19,CA,Commercial,2019-10-17
P02553,M,1941-06-01,CA,Medicare,2021-08-09
P02554,F,1989-01-20,FL,Medicaid,2023-07-28
P02555,F,1970-07-11,NY,Commercial,2019-07-11
P02556,M,1957-08-18,FL,Medicare,2022-07-13
P02557,F,2022-01-21,IL,Commercial,2022-06-17
P02558,M,2003-08-31,FL,Commercial,2021-05-06
P02559,M,2002-06-06,TX,Commercial,2022-08-26
P02560,M,1987-12-22,AZ,Commercial,2019-11-11
P02561,M,1944-11-01,OH,Medicare,2020-07-18
P02562,F,1934-12-11,OH,Medicare,2021-03-07
P02563,F,1953-08-01,NC,Medicare,2023-01-01
P02564, f,1933-01-25,FL,Medicare,2021-07-22
P02565,M,1947-12-06,GA,Medicare,2022-08-22
P02566,F,1959-01-10,OH,Commercial,2019-03-13
P02567,Female,2004-02-18,IL,Commercial,2020-01-16
P02568,M,2008-12-29,TX,Commercial,2023-06-03
P02569,female,1953-12-26,GA,Medicare,2021-05-13
P02570,F,1960-02-07,GA,Medicaid,2020-02-08
P02571,F,1980-06-01,CA,Commercial,2021-05-21
P02572,F,1956-10-29,GA,Medicare,2023-05-15
P02573,F,1943-01-18,FL,Medicare,2023-04-21
P02574,F,1965-06-10,TX,Medicaid,2020-05-04
P02575,F,1957-05-14,CA,Medicare,2021-05-20
P02576,M,1944-04-28,CA,Medicare,2021-04-15
P02577,F,1934-10-19,TX,Medicare,2022-08-27
P02578,M,1987-08-23,TX,Medicaid,2022-09-06
P02579,M,1967-11-16,GA,Commercial,2021-12-19
P02580,M,1959-06-22,CA,Medicaid,2021-04-15
P02581,M,1986-01-05,GA,Commercial,2021-08-29
P02582,F,1974-05-16,IL,Medicaid,2019-08-11
P02583,F,1985-04-23,GA,Commercial,2023-01-22
P02584,F,1989-10-22,OH,Commercial,2021-08-23
P02585,F,2002-06-17,TX,Commercial,2022-10-29
P02586,M,1981-01-03,CA,Commercial,2023-12-20
P02587,M,2006-11-29,NC,Commercial,2021-12-06
P02588, f,2011-10-19,FL,Commercial,2023-09-20
P02589,F,2006-04-13,TX,Commercial,2022-02-21
P02590,M,2023-12-29,FL,Commercial,2020-11-03
P02591,M,1945-10-17,NY,Medicare,2022-02-15
P02592,F,2007-01-22,IL,Medicaid,2020-08-12
P02593,M,1939-12-26,CA,Medicare,2022-07-12
P02594,Male,1995-07-29,NC,Commercial,2021-12-29
P02595,F,2001-09-02,GA,Commercial,2019-08-18
P02596,F,2009-08-08,NY,Medicaid,2022-10-15
P02597,M,1970-09-28,OH,Commercial,2021-07-01
P02598,F,1990-09-22,FL,Commercial,2020-06-04
P02599,M,1994-03-29,FL,Medicaid,2022-03-12
P02600,M,1981-12-22,GA,Medicaid,2022-06-25
P02601,M,1971-11-15,GA,Commercial,2020-07-07
P02602,M,1938-09-26,AZ,Medicare,2023-08-19
P02603,M,1993-03-05,FL,Commercial,2022-09-04
P02604,Female,1949-08-10,FL,Medicare,2021-12-15
P02605,F,1965-12-19,FL,Commercial,2022-12-01
P02606,M,1961-06-25,GA,Commercial,2021-04-23
P02607,F,1937-05-17,TX,Medicare,2020-11-27
P02608,M,1966-07-17,FL,Commercial,2019-03-06
P02609,F,1947-11-30,FL,Medicare,2020-12-29
P02610,F,1983-02-15,FL,Commercial,2021-01-16
P02611,F,1981-02-21,OH,Medicaid,2020-05-17
P02612,M,2010-02-02,NY,Medicaid,2022-12-17
P02613,F,2023-01-15,OH,Commercial,2021-08-26
P02614,F,1937-09-07,FL,Medicare,2019-11-05
P02615,F,1966-07-31,TX,Commercial,2023-02-15
P02616,female,2012-01-16,AZ,Commercial,2022-07-19
P02617,M,1984-07-20,FL,Commercial,2022-11-26
P02618,M,2014-02-19,TX,Medicaid,2019-03-18
P02619,M,1987-05-10,GA,Medicaid,2022-03-26
P02620,M,2003-01-28,FL,Medicaid,2022-05-18
P02621,F,1975-12-29,CA,Medicaid,2019-12-06
P02622,M,1986-04-18,CA,Medicaid,2019-06-17
P02623,M,1991-03-15,TX,Commercial,2023-12-23
P02624,M,1979-10-21,NY,Medicaid,2019-08-11
P02625,F,1956-04-07,TX,Medicare,2020-06-20
P02626,F,2023-10-22,NY,Commercial,2019-09-08
P02627,F,1935-02-05,PA,Medicare,2023-07-27
P02628,F,1973-02-03,NC,Commercial,2023-10-22
P02629,F,1992-12-30,GA,Commercial,2022-04-29
P02630,M ,2012-06-29,GA,Commercial,2019-10-03
P02631,F,2023-08-15,NC,Commercial,2021-07-06
P02632,F,2004-02-10,GA,Commercial,2020-05-25
P02633,M,1974-09-06,IL,Medicaid,2022-10-11
P02634,M,1935-04-14,PA,Medicare,2022-05-01
P02635,F,1937-11-19,GA,Medicare,2019-08-13
P02636,Female,2002-10-15,OH,Commercial,2021-07-21
P02637,M,1996-01-07,FL,Commercial,2020-02-09
P02638,male,1974-08-13,FL,Commercial,2020-10-21
P02639,M,1984-03-27,AZ,Medicaid,2023-02-15
P02640,F,2021-01-12,OH,Commercial,2019-04-16
P02641,M,1955-01-14,NY,Medicare,2019-04-11
P02642,M,1939-12-25,PA,Medicare,2020-02-08
P02643,F,1955-10-09,FL,Medicare,2021-08-28
P02644,Female,2022-04-15,NC,Medicaid,2021-11-10
P02645,M,2019-01-28,AZ,Commercial,2022-07-07
P02646,M,1973-01-08,PA,Medicaid,2020-10-11
P02647,F,1950-04-13,TX,Medicare,2022-06-15
P02648,M,1941-11-23,TX,Medicare,2023-01-27
P02649,M,1933-04-04,IL,Medicare,2023-09-13
P02650,F,1981-09-23,GA,Medicaid,2021-11-19
P02651,F,2015-03-12,IL,Medicaid,2019-12-05
P02652,Female,1985-06-15,TX,Commercial,2020-01-18
P02653,M,2017-10-25,FL,Medicaid,2019-10-04
P02654,F,1945-02-27,GA,Medicare,2020-12-20
P02655,M,1996-01-06,NY,Commercial,2019-09-01
P02656,Male,2007-07-01,FL,Medicaid,2020-02-02
P02657,M,1960-03-10,TX,Commercial,2019-12-21
P02658,M,1957-12-10,IL,Medicare,2021-06-15
P02659,M,1972-09-24,FL,Commercial,2023-07-30
P02660,M,1990-11-15,CA,Commercial,2022-02-07
P02661,F,1979-09-20,TX,Medicaid,2019-10-08
P02662,F,2007-08-17,CA,Commercial,2020-04-16
P02663,F,1966-07-27,NY,Commercial,2023-12-10
P02664,M,1994-09-05,PA,Commercial,2023-07-14
P02665,F,1996-06-16,TX,Commercial,2020-09-17
P02666,F,1994-10-12,NY,Medicaid,2019-02-11
P02667,F,2004-08-27,FL,Medicaid,2020-05-07
P02668,M,2003-03-01,NY,Commercial,2019-04-07
P02669,F,1949-06-09,FL,Medicare,2023-09-02
P02670,F,1992-12-22,CA,Commercial,2019-08-09
P02671,M,1954-09-03,TX,Medicare,2023-05-12
P02672,M,1999-03-05,OH,Commercial,2019-08-02
P02673,M,1959-10-28,TX,Commercial,2019-02-18
P02674,Male,2016-01-30,CA,Commercial,2021-06-13
P02675,M ,1938-09-15,FL,Medicare,2021-05-05
P02676,female,1944-05-16,NC,Medicare,2021-07-07
P02677,F,2022-07-11,AZ,Commercial,2021-03-28
P02678,M,1978-05-17,NY,Medicaid,2019-11-27
P02679,F,1942-03-15,FL,Medicare,2022-08-06
P02680,M,2021-11-07,CA,Commercial,2022-08-03
P02681,M,1968-08-25,FL,Medicaid,2019-03-01
P02682,F,2016-06-07,NY,Medicaid,2019-10-03
P02683,M,2004-09-27,FL,Commercial,2021-04-20
P02684,F,1958-08-17,NY,Medicare,2022-12-31
P02685,F,2014-02-11,PA,Commercial,2019-03-25
P02686,F,1937-10-09,FL,Medicare,2019-08-11
P02687,M,1969-10-23,NY,Commercial,2022-05-12
P02688,M,1953-06-02,GA,Medicare,2021-04-19
P02689,F,1974-11-25,GA,Commercial,2021-11-27
P02690,M,1942-12-31,CA,Medicare,2019-10-16
P02691,female,1964-02-18,OH,Medicaid,2020-07-26
P02692,F,1968-09-22,PA,Commercial,2021-07-16
P02693,M,1983-11-19,GA,Medicaid,2019-03-02
P02694,M,1970-05-06,FL,Medicaid,2020-12-17
P02695,M,2004-07-09,NY,Medicaid,2021-08-01
P02696,M,1973-07-18,CA,Commercial,2019-05-16
P02697,F,2009-07-24,NC,Medicaid,2021-10-03
P02698,M,1984-11-08,OH,Commercial,2021-11-29
P02699,F,1964-02-22,PA,Commercial,2022-01-22
P02700,M,1976-12-31,FL,Medicaid,2022-11-25
P02701,F,1957-07-08,AZ,Medicare,2022-08-10
P02702,F,1938-09-24,AZ,Medicare,2023-07-19
P02703,Male,1966-05-11,FL,Commercial,2020-05-13
P02704,F,1966-06-14,TX,Medicaid,2021-01-20
P02705,M,1941-08-13,OH,Medicare,2019-05-06
P02706,M,1976-06-19,NY,Commercial,2020-12-12
P02707,F,1972-10-10,FL,Medicaid,2023-08-08
P02708,M,1976-11-14,TX,Commercial,2020-11-25
P02709,M,2015-02-05,CA,Commercial,2023-02-16
P02710,M,1941-05-22,PA,Medicare,2023-10-26
P02711,F,2012-05-07,PA,Medicaid,2020-09-09
P02712,M,1987-01-02,IL,Commercial,2023-11-12
P02713,Female,2001-02-04,NY,Commercial,2021-12-16
P02714,M,2010-06-01,OH,Commercial,2019-07-12
P02715,M,2005-03-17,FL,Medicaid,2022-09-21
P02716,F,2018-06-22,NY,Commercial,2020-07-11
P02717,M,1944-10-06,IL,Medicare,2022-02-13
P02718,F,1996-05-18,PA,Medicaid,2023-06-09
P02719,M,1997-02-01,CA,Commercial,2023-01-07
P02720,M,1957-02-13,FL,Medicare,2023-08-18
P02721,M,1939-07-01,FL,Medicare,2023-04-01
P02722,F,2012-01-21,NC,Medicaid,2023-03-12
P02723,F,1968-10-20,TX,Commercial,2019-08-04
P02724,F,2022-12-17,TX,Commercial,2019-12-21
P02725,F,2020-08-06,PA,Commercial,2022-03-28
P02726,F,1942-10-18,FL,Medicare,2020-05-22
P02727,male,1944-01-17,TX,Medicare,2022-12-25
P02728,F,1960-11-19,GA,Commercial,2020-10-23
P02729,M,1989-06-19,FL,Commercial,2022-12-28
P02730, f,1999-03-26,GA,Medicaid,2020-10-19
P02731,F,1969-11-21,FL,Commercial,2022-03-20
P02732,M,2008-12-15,NY,Commercial,2019-09-17
P02733,F,1948-06-12,TX,Medicare,2019-10-31
P02734,M,1997-02-05,NY,Commercial,2022-05-03
P02735,M,2003-12-27,PA,Commercial,2023-10-18
P02736,M,2004-12-24,NY,Commercial,2022-05-23
P02737,M,2023-01-29,CA,Commercial,2022-08-05
P02738,M,1939-05-27,CA,Medicare,2021-11-16
P02739,M,1957-04-19,NY,Medicare,2021-02-17
P02740,F,1938-09-22,TX,Medicare,2019-01-21
P02741,F,1981-09-08,IL,Commercial,2023-09-09
P02742,M,2022-07-13,TX,Medicaid,2021-03-25
P02743,F,1966-10-14,CA,Commercial,2023-02-22
P02744,M,1956-07-23,CA,Medicare,2021-04-08
P02745,M,1979-01-18,PA,Commercial,2020-10-26
P02746,F,1940-04-02,NY,Medicare,2019-12-16
P02747,F,1974-02-17,NY,Commercial,2021-03-16
P02748,M,1979-07-04,NY,Commercial,2023-02-11
P02749,F,2000-03-19,OH,Commercial,2019-06-09
P02750,female,1963-08-01,TX,Commercial,2021-12-23
P02751,M,1981-05-20,IL,Commercial,2021-08-09
P02752,M,1953-04-09,PA,Medicare,2020-10-18
P02753,M,1970-03-05,FL,Medicaid,2022-09-05
P02754,F,2010-01-28,TX,Commercial,2019-01-24
P02755,F,1959-11-24,IL,Medicaid,2023-10-12
P02756,M,1954-03-17,GA,Medicare,2023-03-26
P02757,F,2011-04-17,TX,Medicaid,2019-01-21
P02758,M,1950-04-07,GA,Medicare,2021-09-29
P02759,M,1955-12-27,FL,Medicare,2019-07-16
P02760,Female,1954-07-06,NY,Medicare,2019-06-24
P02761,M,1936-01-16,OH,Medicare,2019-01-20
P02762,M,2007-02-07,CA,Medicaid,2020-05-17
P02763,M,2001-10-08,FL,Commercial,2020-08-03
P02764,M,1994-07-07,NY,Commercial,2020-12-07
P02765,F,1982-02-19,TX,Commercial,2020-08-02
P02766,M,2009-01-26,CA,Medicaid,2022-09-19
P02767,M,1978-09-02,TX,Commercial,2019-12-06
P02768,M,1934-03-13,AZ,Medicare,2023-01-25
P02769,F,2002-03-02,PA,Medicaid,2021-08-09
P02770,M,1981-11-07,NC,Medicaid,2022-02-18
P02771,F,2006-12-20,NY,Commercial,2020-03-13
P02772,F,1945-12-14,CA,Medicare,2022-09-23
P02773,F,1984-11-08,NY,Medicaid,2022-12-21
P02774,F,2007-04-06,OH,Commercial,2019-12-18
P02775,F,1950-08-11,IL,Medicare,2021-07-27
P02776,F,1968-04-25,AZ,Commercial,2020-05-26
P02777,F,1952-11-29,CA,Medicare,2019-08-12
P02778,F,1952-05-26,NC,Medicare,2019-10-30
P02779,F,2001-04-04,TX,Commercial,2022-01-02
P02780,F,1959-01-10,FL,Commercial,2023-02-23
P02781,F,1976-09-06,NC,Commercial,2019-03-16
P02782,F,1972-06-15,IL,Commercial,2022-06-15
P02783,F,1948-07-08,PA,Medicare,2020-02-28
P02784,M,1967-08-28,PA,Commercial,2020-02-29
P02785,F,1989-05-12,TX,Commercial,2021-10-16
P02786,M,1944-06-08,NC,Medicare,2023-03-09
P02787,F,1955-03-03,CA,Medicare,2021-08-23
P02788,F,1953-12-21,CA,Medicare,2023-04-11
P02789,F,2017-10-12,FL,Medicaid,2022-03-30
P02790,Female,2019-06-04,CA,Commercial,2022-02-01
P02791,M,1982-06-05,GA,Medicaid,2021-05-31
P02792,M,1964-02-06,NC,Commercial,2023-01-26
P02793,M,1950-04-29,IL,Medicare,2019-10-11
P02794,F,2015-12-31,NC,Medicaid,2023-08-11
P02795,F,1992-07-06,GA,Medicaid,2019-01-29
P02796,M,1936-02-27,NY,Medicare,2022-06-10
P02797,F,1958-02-16,CA,Medicare,2021-07-22
P02798,F,1984-03-14,NC,Commercial,2019-08-18
P02799,F,1934-07-10,FL,Medicare,2020-09-25
P02800,M,1941-11-23,NY,Medicare,2023-09-20
P02801,M,2023-10-16,PA,Medicaid,2020-12-25
P02802,F,2009-02-25,FL,Commercial,2021-03-04
P02803,F,2012-08-29,NC,Commercial,2019-05-05
P02804,M,1941-03-28,IL,Medicare,2021-03-10
P02805,F,2017-12-18,OH,Commercial,2019-01-17
P02806,female,2000-07-05,IL,Commercial,2021-05-08
P02807,F,2016-01-20,OH,Commercial,2023-01-15
P02808,female,1946-10-03,NY,Medicare,2021-06-23
P02809,F,1993-12-20,NY,Commercial,2019-06-02
P02810,M,2019-09-18,FL,Commercial,2023-12-01
P02811,M,2021-12-08,FL,Commercial,2022-01-03
P02812,M,1992-05-22,CA,Medicaid,2023-10-07
P02813,F,1939-10-24,GA,Medicare,2019-10-18
P02814,F,2012-10-03,TX,Commercial,2021-06-13
P02815,M,2002-05-31,OH,Commercial,2020-06-04
P02816,F,1955-09-05,FL,Medicare,2019-03-01
P02817,F,1993-05-08,GA,Commercial,2019-11-05
P02818,F,1940-01-27,NC,Medicare,2021-12-18
P02819,F,1998-01-26,FL,Commercial,2019-05-01
P02820,F,2011-04-10,NY,Medicaid,2021-08-23
P02821,F,1963-01-13,FL,Commercial,2019-02-11
P02822,M,1950-04-07,OH,Medicare,2019-02-04
P02823,F,2003-12-08,CA,Commercial,2022-11-23
P02824,M,2008-01-18,CA,Medicaid,2020-02-10
P02825,M,2015-06-09,GA,Medicaid,2020-07-07
P02826,F,1952-12-29,NC,Medicare,2020-02-26
P02827,M,1964-05-19,TX,Commercial,2023-03-01
P02828,M,2006-10-03,CA,Commercial,2021-06-24
P02829,F,1982-06-19,FL,Medicaid,2023-03-31
P02830,M,1936-05-05,FL,Medicare,2019-07-08
P02831,M,1964-12-21,FL,Commercial,2019-08-22
P02832,M,2004-07-25,GA,Commercial,2021-02-05
P02833,F,2017-12-11,FL,Commercial,2023-05-10
P02834,F,1966-11-20,FL,Medicaid,2020-09-20
P02835,F,1947-10-16,PA,Medicare,2021-10-22
P02836,F,1939-03-22,CA,Medicare,2020-01-25
P02837,F,1942-08-03,CA,Medicare,2023-07-04
P02838,M,2008-12-14,GA,Commercial,2021-12-20
P02839,F,2006-04-03,FL,Commercial,2022-03-13
P02840, f,1989-06-16,AZ,Commercial,2019-03-29
P02841,F,1957-11-10,FL,Medicare,2022-07-06
P02842,F,1998-06-09,PA,Commercial,2019-01-24
P02843,male,1972-10-02,NC,Commercial,2019-05-25
P02844,M,1972-05-13,TX,Commercial,2021-01-25
P02845,F,2016-01-21,OH,Commercial,2023-02-17
P02846,F,1944-09-07,OH,Medicare,2022-11-22
P02847,Female,2013-04-03,PA,Commercial,2023-12-01
P02848,M,1989-12-23,CA,Commercial,2020-02-17
P02849,F,1951-08-06,GA,Medicare,2020-05-17
P02850,F,1994-02-10,CA,Commercial,2022-05-24
P02851,F,2015-12-05,FL,Commercial,2020-05-07
P02852,F,2001-01-26,TX,Commercial,2021-02-12
P02853,F,2022-11-27,CA,Medicaid,2019-12-03
P02854,M,1960-07-09,GA,Commercial,2023-07-27
P02855,F,1952-10-26,PA,Medicare,2023-01-04
P02856,Female,1992-12-24,AZ,Medicaid,2019-12-20
P02857,F,1952-08-26,FL,Medicare,2022-02-26
P02858,F,2012-06-02,GA,Commercial,2019-03-18
P02859,M,1949-04-12,NY,Medicare,2019-08-08
P02860,M,1961-09-07,FL,Commercial,2023-07-14
P02861,M,1992-07-05,FL,Commercial,2021-12-26
P02862,M,1946-10-26,IL,Medicare,2020-05-06
P02863,M,1970-04-09,FL,Commercial,2023-04-28
P02864,M,1995-11-01,GA,Commercial,2019-09-13
P02865, f,1965-02-20,TX,Commercial,2023-07-06
P02866,M,2001-10-27,FL,Commercial,2023-06-16
P02867,M,1991-05-04,PA,Commercial,2021-04-15
P02868,M,1947-09-03,PA,Medicare,2022-10-08
P02869,F,1985-01-02,TX,Medicaid,2020-10-22
P02870,M,1970-09-20,GA,Commercial,2022-01-16
P02871,F,1954-01-19,IL,Medicare,2022-08-25
P02872,M,1991-03-02,NC,Commercial,2019-10-27
P02873,F,1980-07-14,NY,Commercial,2023-03-16
P02874,M,2002-07-04,TX,Commercial,2021-07-15
P02875,F,1967-08-25,NY,Commercial,2023-02-28
P02876,M,2004-07-28,GA,Commercial,2023-04-27
P02877,M,2004-07-14,NY,Commercial,2022-12-23
P02878,F,2002-11-08,NC,Commercial,2022-09-21
P02879,F,1944-09-05,TX,Medicare,2021-12-11
P02880,F,2016-02-16,NC,Commercial,2021-09-01
P02881,F,2014-01-08,NC,Commercial,2023-04-23
P02882,F,1973-12-11,OH,Commercial,2023-10-22
P02883,M,1954-04-08,CA,Medicare,2023-07-13
P02884,M,2017-10-05,FL,Commercial,2020-11-06
P02885,F,1945-05-07,NC,Medicare,2019-02-19
P02886,M,1998-05-19,PA,Commercial,2023-11-16
P02887,F,2021-02-14,FL,Commercial,2023-10-30
P02888,M,1969-04-19,IL,Medicaid,2020-02-06
P02889,F,2016-03-06,IL,Commercial,2020-05-18
P02890,M,1997-03-14,NC,Commercial,2020-05-02
P02891,female,2010-05-09,FL,Commercial,2023-02-20
P02892,F,2004-08-04,CA,Medicaid,2019-09-05
P02893,F,1955-08-31,TX,Medicare,2020-11-19
P02894,M,1944-08-27,TX,Medicare,2023-03-20
P02895,M,1963-08-24,FL,Medicaid,2023-06-04
P02896,M,2015-09-18,NC,Commercial,2020-12-28
P02897,M,2011-09-10,CA,Medicaid,2020-02-10
P02898,F,1966-06-07,NY,Commercial,2020-02-06
P02899,M,1949-09-24,TX,Medicare,2021-01-24
P02900,M,2019-08-27,TX,Commercial,2021-06-04
P02901,F,2015-04-18,NY,Commercial,2020-07-11
P02902,F,1997-09-03,NY,Medicaid,2023-05-08
P02903, f,1987-11-24,FL,Commercial,2022-03-07
P02904,F,1982-12-25,TX,Medicaid,2023-07-05
P02905,F,2014-03-27,FL,Commercial,2019-10-24
P02906,M,1938-01-19,OH,Medicare,2020-12-22
P02907,M,2007-04-27,NY,Medicaid,2020-02-13
P02908,F,1989-12-09,OH,Commercial,2021-07-07
P02909,M,2003-06-10,TX,Medicaid,2019-05-10
P02910,M,1945-09-24,FL,Medicare,2019-05-11
P02911,Male,1957-09-05,GA,Medicare,2020-12-03
P02912,M,1987-01-30,GA,Commercial,2019-11-02
P02913,M,1943-03-07,TX,Medicare,2020-09-15
P02914,F,1953-04-07,OH,Medicare,2020-05-21
P02915,M,2019-07-03,FL,Commercial,2022-10-07
P02916,F,1972-06-03,TX,Commercial,2019-02-04
P02917,F,1961-01-31,FL,Commercial,2023-01-30
P02918,F,1986-05-04,TX,Medicaid,2020-07-13
P02919,M,2021-06-03,CA,Commercial,2020-12-20
P02920,M,1933-11-26,FL,Medicare,2023-07-17
P02921,F,2005-01-02,FL,Medicaid,2020-02-18
P02922,M,2020-03-11,NC,Commercial,2023-08-13
P02923,F,2014-08-20,TX,Commercial,2021-06-16
P02924,M,1958-10-01,TX,Medicare,2019-12-05
P02925,F,1996-01-13,NC,Commercial,2023-05-18
P02926,M,1951-01-17,FL,Medicare,2022-03-14
P02927,M,1954-07-31,PA,Medicare,2021-06-18
P02928,F,1954-10-08,OH,Medicare,2019-05-21
P02929,male,2005-03-15,TX,Commercial,2022-02-03
P02930,M,1933-05-17,,Medicare,2023-05-31
P02931,F,1953-02-06,TX,Medicare,2023-05-07
P02932,M,2019-06-16,OH,Commercial,2023-01-04
P02933,M ,1933-06-13,FL,Medicare,2019-09-03
P02934,F,2010-11-09,NC,Medicaid,2020-02-20
P02935,F,1937-05-25,TX,Medicare,2021-11-30
P02936,male,1976-08-21,OH,Commercial,2019-10-08
P02937,M,1989-10-18,AZ,Commercial,2019-05-31
P02938,Male,2014-03-21,GA,Commercial,2019-09-02
P02939,M,1968-08-27,NY,Commercial,2023-12-24
P02940,M,2008-10-15,CA,Commercial,2023-07-05
P02941,F,1980-01-16,CA,Medicaid,2020-05-18
P02942,F,1981-01-14,FL,Commercial,2022-02-04
P02943,F,1970-07-04,CA,Medicaid,2023-03-18
P02944,F,1976-09-15,NC,Commercial,2020-10-09
P02945,M,1978-11-02,IL,Commercial,2022-03-24
P02946,M,2020-05-17,NC,Commercial,2019-05-31
P02947,Female,1963-05-24,CA,Commercial,2021-02-13
P02948,M,1956-05-20,GA,Medicare,2022-10-22
P02949,F,2007-03-27,FL,Medicaid,2019-05-02
P02950,F,1995-07-14,CA,Medicaid,2021-01-01
P02951,M,2005-04-26,CA,Commercial,2022-07-10
P02952,F,1933-05-06,PA,Medicare,2023-04-15
P02953,M ,2020-03-16,NY,Commercial,2021-03-25
P02954,F,1994-04-04,FL,Medicaid,2020-04-08
P02955,F,1935-12-19,GA,Medicare,2019-10-29
P02956,M,1981-05-20,NY,Commercial,2023-05-14
P02957,M,1990-01-09,TX,Commercial,2021-11-04
P02958,M,1974-06-10,FL,Commercial,2019-01-03
P02959,M,2013-06-21,FL,Commercial,2020-09-12
P02960,M,1962-05-24,TX,Medicaid,2023-07-17
P02961,M,1934-06-10,TX,Medicare,2019-06-03
P02962,F,2001-08-07,AZ,Medicaid,2020-07-30
P02963,F,1988-01-04,PA,Commercial,2021-09-14
P02964,M,1949-12-06,FL,Medicare,2020-02-13
P02965,M ,1971-03-10,OH,Commercial,2020-10-05
P02966,F,1933-11-03,NY,Medicare,2022-09-18
P02967,F,1963-10-18,IL,Commercial,2020-01-09
P02968,F,2014-05-24,CA,Commercial,2022-09-23
P02969,F,1943-05-14,GA,Medicare,2022-11-10
P02970,F,1998-01-27,FL,Commercial,2021-01-09
P02971,M,1984-09-15,AZ,Commercial,2023-11-28
P02972,M,1952-12-22,IL,Medicare,2020-11-07
P02973,M,2015-09-30,NY,Commercial,2021-04-02
P02974,M,2001-06-16,CA,Medicaid,2020-05-27
P02975,F,1956-08-23,CA,Medicare,2023-03-17
P02976,M,2014-09-30,OH,Medicaid,2021-02-06
P02977,M,1955-02-02,NY,Medicare,2021-10-18
P02978,M,1934-06-09,FL,Medicare,2023-02-17
P02979,Female,1939-05-01,TX,Medicare,2021-09-29
P02980,M,1959-04-03,CA,Medicaid,2019-05-21
P02981,F,1943-08-05,TX,Medicare,2019-11-19
P02982,F,2011-04-08,PA,Commercial,2023-03-03
P02983,F,2012-01-15,IL,Commercial,2019-10-09
P02984,F,1934-04-11,GA,Medicare,2021-03-06
P02985,M,1990-09-14,IL,Commercial,2023-10-07
P02986,F,1970-03-22,NC,Commercial,2019-05-28
P02987,F,1961-10-06,CA,Commercial,2021-05-17
P02988,M,1943-12-06,FL,Medicare,2019-06-10
P02989,M,2007-07-23,TX,Commercial,2023-07-06
P02990,M,1956-06-29,AZ,Medicare,2023-03-01
P02991,F,1955-07-14,CA,Medicare,2019-07-01
P02992,F,1995-09-28,CA,Medicaid,2022-10-23
P02993,M,2004-09-23,FL,Commercial,2021-04-04
P02994,M,1957-01-29,TX,Medicare,2020-12-29
P02995,F,1943-09-17,NY,Medicare,2019-04-07
P02996,M,1996-03-21,CA,Commercial,2022-04-26
P02997,M,1939-09-29,PA,Medicare,2020-03-27
P02998,M,2017-11-22,NY,Commercial,2020-05-08
P02999,F,1966-12-08,GA,Medicaid,2020-07-01
P03000,M,1978-10-04,GA,Commercial,2021-05-23
P03001,M,1964-02-28,FL,Medicaid,2023-08-25
P03002,F,1941-07-18,FL,Medicare,2022-09-03
P03003,F,1983-04-23,TX,Commercial,2021-03-14
P03004,F,1942-01-14,OH,Medicare,2021-12-12
P03005,F,1981-12-14,TX,Commercial,2023-01-30
P03006,F,1942-11-21,PA,Medicare,2020-07-19
P03007,F,1953-01-30,IL,Medicare,2021-09-12
P03008,F,2008-06-07,FL,Commercial,2020-01-30
P03009,M,2022-05-20,NC,Commercial,2021-04-06
P03010,M,1943-08-30,FL,Medicare,2022-02-26
P03011,M,2012-03-05,FL,Commercial,2023-06-17
P03012,F,1980-05-10,GA,Medicaid,2023-06-24
P03013,F,1947-09-29,FL,Medicare,2021-06-20
P03014,M,1944-05-09,NC,Medicare,2022-03-28
P03015,M,1998-12-30,NC,Commercial,2020-05-31
P03016,F,1954-10-05,CA,Medicare,2020-11-07
P03017,Male,1996-10-18,CA,Medicaid,2022-08-01
P03018,M,2006-03-20,OH,Commercial,2020-03-16
P03019,M,2005-04-07,OH,Commercial,2021-03-05
P03020,M,1970-11-28,PA,Commercial,2019-08-10
P03021,F,1995-02-05,NC,Commercial,2019-03-29
P03022,M,1943-03-09,TX,Medicare,2019-03-13
P03023,M,1973-07-26,NY,Commercial,2023-05-15
P03024,M,1947-10-16,NY,Medicare,2021-05-10
P03025,M,2000-07-31,FL,Commercial,2023-11-10
P03026,M,1975-05-31,PA,Commercial,2019-08-09
P03027,M,2002-05-16,IL,Commercial,2020-06-28
P03028,F,1990-08-27,AZ,Medicaid,2022-09-10
P03029,M,1946-11-24,GA,Medicare,2020-12-19
P03030,M,2010-05-23,FL,Commercial,2021-03-16
P03031,M,1945-04-18,FL,Medicare,2021-04-15
P03032,female,1968-09-25,OH,Commercial,2021-04-22
P03033,F,2004-05-12,CA,Commercial,2019-01-31
P03034,M,2001-06-07,OH,Commercial,2020-02-29
P03035,F,1985-07-02,IL,Medicaid,2021-12-28
P03036,F,1949-12-29,GA,Medicare,2020-02-21
P03037,M,1950-09-10,TX,Medicare,2023-04-19
P03038, f,1996-08-17,OH,Commercial,2022-07-30
P03039,F,1961-03-02,GA,Commercial,2023-06-01
P03040,M,1955-03-06,NY,Medicare,2019-07-30
P03041,M,1986-02-16,NY,Commercial,2023-11-19
P03042,F,1984-07-16,CA,Medicaid,2019-07-20
P03043,F,1937-09-03,AZ,Medicare,2019-11-05
P03044,F,1969-07-02,FL,Commercial,2019-04-07
P03045,M,1936-03-18,NY,Medicare,2020-03-05
P03046,Female,1988-05-19,AZ,Medicaid,2021-09-18
P03047,F,1988-05-26,TX,Commercial,2019-12-12
P03048,M,1945-07-26,OH,Medicare,2019-01-25
P03049,M,1960-04-21,IL,Medicaid,2019-07-18
P03050,F,2006-02-18,GA,Commercial,2020-01-30
P03051,M,1969-05-02,FL,Medicaid,2020-03-03
P03052,M ,2017-08-06,FL,Commercial,2020-09-26
P03053,F,1956-02-29,FL,Medicare,2019-07-19
P03054,M,1945-01-21,TX,Medicare,2021-11-04
P03055,F,1958-03-16,FL,Medicare,2021-07-02
P03056,F,2017-02-14,TX,Commercial,2019-10-17
P03057,F,1945-09-26,OH,Medicare,2022-09-10
P03058,F,1984-07-31,GA,Commercial,2020-03-08
P03059,M,1967-10-02,NY,Commercial,2023-06-14
P03060,M,1985-08-20,FL,Commercial,2021-01-28
P03061,M,1948-04-08,NC,Medicare,2023-10-30
P03062,M,1972-04-29,TX,Commercial,2019-01-08
P03063,F,1994-12-30,FL,Commercial,2019-10-18
P03064,M,2019-04-01,AZ,Medicaid,2022-10-03
P03065,M,2000-10-22,,Commercial,2023-04-02
P03066,F,2010-10-25,CA,Commercial,2020-10-17
P03067,M ,1959-06-17,NC,Commercial,2019-07-01
P03068,M ,1964-10-05,TX,Commercial,2022-05-25
P03069,F,1956-01-15,GA,Medicare,2019-03-14
P03070,Female,1986-11-08,NY,Commercial,2021-09-18
P03071,F,2023-11-07,PA,Commercial,2021-10-17
P03072,M,1994-03-29,AZ,Medicaid,2022-04-23
P03073,male,2013-09-18,CA,Medicaid,2022-08-26
P03074,M,1936-04-15,TX,Medicare,2022-05-01
P03075,M ,2019-04-28,NC,Medicaid,2023-02-20
P03076,F,1965-10-23,NC,Medicaid,2022-02-13
P03077,M,2008-06-03,GA,Commercial,2022-07-22
P03078,F,1940-06-19,TX,Medicare,2023-09-20
P03079,M,1953-11-27,FL,Medicare,2022-03-11
P03080,F,1965-03-28,TX,Commercial,2023-10-21
P03081,F,2017-02-22,OH,Commercial,2023-02-05
P03082,F,2016-01-21,TX,Commercial,2020-05-19
P03083,F,1936-11-29,CA,Medicare,2023-11-17
P03084,F,1934-10-27,TX,Medicare,2022-06-13
P03085,F,1951-03-06,FL,Medicare,2020-08-01
P03086,M,2013-09-11,OH,Commercial,2023-11-24
P03087,M,2014-05-17,CA,Commercial,2020-04-26
P03088,F,2006-08-26,PA,Commercial,2023-08-06
P03089,F,1958-10-13,NC,Medicare,2023-09-23
P03090,M,2017-05-17,PA,Medicaid,2023-01-09
P03091,M,1982-10-17,FL,Medicaid,2019-09-14
P03092,M,1971-11-13,CA,Medicaid,2023-10-06
P03093,M,2014-06-21,TX,Medicaid,2023-07-05
P03094,F,1960-10-22,OH,Medicaid,2019-04-11
P03095,F,1959-10-23,CA,Commercial,2020-12-14
P03096,M,2004-03-22,FL,Commercial,2021-02-28
P03097,M,2016-06-22,NY,Commercial,2023-10-20
P03098,M,2002-06-17,OH,Commercial,2022-01-12
P03099,M,2007-11-10,GA,Commercial,2021-02-14
P03100,F,2005-11-03,CA,Commercial,2021-05-04
P03101,F,1963-08-12,PA,Medicaid,2021-05-25
P03102,F,2013-08-12,FL,Commercial,2023-06-10
P03103,M,2003-07-21,CA,Medicaid,2019-01-23
P03104,M,1956-11-12,IL,Medicare,2020-06-30
P03105,female,1954-02-07,FL,Medicare,2022-10-18
P03106,F,1942-08-21,,Medicare,2019-02-27
P03107,male,2004-03-09,CA,Commercial,2022-06-30
P03108,F,1956-08-07,CA,Medicare,2023-05-08
P03109,M,1969-07-12,,Commercial,2019-07-17
P03110, f,1963-11-22,CA,Medicaid,2023-03-29
P03111,M,1967-04-30,CA,Commercial,2023-09-12
P03112,M,2016-12-10,NY,Commercial,2020-11-10
P03113,F,1940-04-03,FL,Medicare,2022-09-07
P03114,M,1949-02-13,CA,Medicare,2023-03-30
P03115,M,2013-08-22,FL,Commercial,2023-06-29
P03116,F,1942-02-11,AZ,Medicare,2023-05-16
P03117,F,1984-04-20,FL,Commercial,2019-03-15
P03118,M,1945-12-31,FL,Medicare,2020-08-26
P03119,M,2007-10-19,OH,Commercial,2019-10-16
P03120,male,1977-05-11,FL,Commercial,2020-11-28
P03121,F,2017-04-19,TX,Commercial,2021-04-15
P03122,M,2022-11-27,IL,Commercial,2022-11-30
P03123,M,1982-04-26,OH,Commercial,2019-03-03
P03124,F,2019-03-12,GA,Commercial,2019-11-21
P03125,F,2006-11-28,GA,Commercial,2021-05-12
P03126,F,1972-02-14,CA,Commercial,2023-06-23
P03127,M,1947-06-21,NY,Medicare,2020-03-15
P03128,F,1999-05-21,FL,Commercial,2022-05-05
P03129,M,1937-12-13,FL,Medicare,2022-12-16
P03130,F,1980-05-22,OH,Medicaid,2020-04-23
P03131,M,1961-07-19,TX,Commercial,2019-10-27
P03132,F,1975-08-19,OH,Medicaid,2020-12-07
P03133,M,2000-03-22,FL,Commercial,2023-08-20
P03134,M,1996-10-01,CA,Commercial,2021-01-01
P03135,M,1941-12-10,NY,Medicare,2019-05-31
P03136,M,1937-07-02,TX,Medicare,2020-07-28
P03137,F,2006-04-04,CA,Medicaid,2022-09-04
P03138,F,1998-11-13,FL,Commercial,2020-10-09
P03139,F,1958-01-06,PA,Medicare,2022-10-04
P03140,F,1967-05-01,OH,Commercial,2019-08-20
P03141,M,2016-01-26,GA,Commercial,2019-10-11
P03142,F,2002-07-13,CA,Commercial,2021-02-27
P03143,M,2020-11-17,IL,Medicaid,2023-04-30
P03144, f,2019-10-29,TX,Commercial,2021-12-30
P03145,M,1999-07-03,TX,Medicaid,2023-05-26
P03146,F,1948-05-31,OH,Medicare,2020-03-04
P03147,male,1952-04-08,FL,Medicare,2020-08-07
P03148,M,1940-03-16,NC,Medicare,2022-09-15
P03149,M,1998-03-28,GA,Medicaid,2019-09-22
P03150,M,1988-05-31,NC,Commercial,2020-03-16
P03151,Female,1967-12-26,TX,Commercial,2019-04-29
P03152,M,1944-06-21,FL,Medicare,2022-08-09
P03153,F,1970-03-07,PA,Commercial,2023-02-17
P03154,F,1997-02-25,CA,Commercial,2021-08-08
P03155,F,2020-03-02,TX,Commercial,2022-09-05
P03156,M,1959-12-29,NC,Commercial,2020-04-22
P03157,M,1959-07-27,NY,Commercial,2021-11-16
P03158,F,1968-05-20,FL,Commercial,2020-11-12
P03159,M,1992-10-02,CA,Medicaid,2023-02-22
P03160,F,2005-08-04,AZ,Commercial,2023-07-29
P03161,F,2012-11-26,GA,Medicaid,2019-04-26
P03162,F,1999-10-23,PA,Medicaid,2021-10-09
P03163,F,2002-12-29,CA,Commercial,2023-04-22
P03164,M,1957-01-08,FL,Medicare,2019-12-12
P03165,F,1934-02-21,NC,Medicare,2023-05-04
P03166,F,1953-08-06,NY,Medicare,2019-01-08
P03167,F,2009-12-30,OH,Commercial,2022-01-27
P03168,M,1982-08-31,CA,Commercial,2021-09-02
P03169,M,1978-07-26,FL,Commercial,2022-09-15
P03170,F,1937-10-31,FL,Medicare,2023-07-29
P03171,M,1962-05-04,TX,Medicaid,2021-12-16
P03172,F,1936-01-02,NY,Medicare,2022-03-04
P03173,M,1958-02-26,IL,Medicare,2021-10-06
P03174,F,1993-02-22,PA,Medicaid,2021-07-21
P03175,F,1953-03-03,OH,Medicare,2020-11-07
P03176, f,1973-12-06,NY,Commercial,2023-08-20
P03177,F,1963-06-14,FL,Medicaid,2022-03-11
P03178,F,1981-06-08,OH,Commercial,2019-09-07
P03179,M,2010-11-25,FL,Commercial,2019-03-31
P03180,F,1955-11-09,FL,Medicare,2021-04-23
P03181,F,1972-06-08,GA,Medicaid,2022-03-04
P03182,M,2021-04-14,IL,Commercial,2021-12-03
P03183,M,1985-10-16,OH,Commercial,2020-02-04
P03184,M,1981-07-08,FL,Commercial,2022-01-07
P03185,F,1989-12-04,IL,Commercial,2019-04-13
P03186,M,1982-11-21,OH,Commercial,2023-11-11
P03187,M,1951-06-04,CA,Medicare,2020-12-22
P03188,M,2015-06-12,FL,Medicaid,2021-05-30
P03189,F,1986-04-02,TX,Commercial,2021-09-29
P03190,F,1972-02-03,TX,Commercial,2021-08-17
P03191,F,1970-10-23,CA,Commercial,2023-03-18
P03192,M,1993-08-29,CA,Commercial,2022-04-10
P03193,M,1953-02-22,GA,Medicare,2022-03-28
P03194,F,1954-12-13,TX,Medicare,2020-09-16
P03195,F,1937-03-04,NY,Medicare,2021-01-05
P03196,M,1970-01-20,PA,Commercial,2021-12-12
P03197,F,1941-11-25,FL,Medicare,2021-06-01
P03198,M,2001-11-10,NC,Commercial,2021-02-22
P03199,M,1987-04-27,AZ,Commercial,2023-10-07
P03200,female,1983-07-12,,Medicaid,2019-07-31
P03201,M,1954-01-05,NY,Medicare,2019-07-18
P03202,M,1983-06-17,NC,Medicaid,2022-03-08
P03203,F,2011-05-07,PA,Medicaid,2020-03-14
P03204,F,1953-10-06,OH,Medicare,2022-01-05
P03205,M,1961-09-04,FL,Medicaid,2023-08-31
P03206,F,1996-10-28,FL,Commercial,2019-09-04
P03207,F,2010-11-08,FL,Commercial,2022-08-31
P03208,F,2009-11-20,FL,Commercial,2022-03-19
P03209,M,2017-02-09,NC,Commercial,2021-02-15
P03210, f,2011-12-07,GA,Commercial,2021-10-22
P03211,F,1973-06-26,NC,Commercial,2022-09-03
P03212,F,1934-06-29,NC,Medicare,2020-01-01
P03213,F,1947-12-12,NY,Medicare,2022-03-23
P03214,M,1945-02-27,FL,Medicare,2021-01-16
P03215,Male,1980-07-02,TX,Commercial,2020-09-04
P03216,F,1945-11-15,FL,Medicare,2019-05-03
P03217,M,1963-11-16,IL,Commercial,2021-08-10
P03218,M,1998-04-20,TX,Commercial,2021-08-26
P03219,M,1984-05-19,FL,Commercial,2019-06-10
P03220,M,2004-08-03,FL,Commercial,2021-08-10
P03221,female,1966-08-06,CA,Commercial,2022-07-07
P03222,M,1964-12-19,CA,Medicaid,2023-10-15
P03223,M,1952-12-20,AZ,Medicare,2022-05-19
P03224,M,1940-06-19,GA,Medicare,2023-01-06
P03225,F,2008-08-21,FL,Commercial,2022-06-24
P03226,F,1984-10-01,OH,Medicaid,2021-04-21
P03227,F,1947-08-16,TX,Medicare,2021-05-19
P03228,F,1978-05-25,TX,Commercial,2023-01-25
P03229,F,1951-09-16,IL,Medicare,2021-09-07
P03230,F,1967-08-27,CA,Commercial,2021-09-26
P03231,F,2012-09-19,TX,Commercial,2023-10-15
P03232,F,2015-05-03,AZ,Commercial,2022-08-02
P03233,M,1955-12-13,GA,Medicare,2020-05-22
P03234,F,2018-01-30,FL,Commercial,2023-11-25
P03235,F,1997-06-12,GA,Commercial,2022-07-01
P03236,M,1959-10-04,FL,Commercial,2021-08-17
P03237,Female,1994-03-29,TX,Medicaid,2023-03-04
P03238,F,2023-01-23,PA,Commercial,2020-10-09
P03239,M,1960-12-10,AZ,Commercial,2020-06-04
P03240,Female,1977-10-18,NC,Commercial,2022-04-24
P03241,Male,2002-11-09,IL,Medicaid,2022-11-07
P03242,F,1954-12-06,TX,Medicare,2020-02-14
P03243,F,1984-04-06,TX,Medicaid,2022-12-05
P03244,F,1988-10-22,FL,Commercial,2023-04-10
P03245,F,1961-08-14,NY,Commercial,2023-11-02
P03246,M,1934-03-09,TX,Medicare,2023-07-19
P03247,F,2007-05-23,FL,Commercial,2019-08-25
P03248,F,1959-04-29,IL,Medicaid,2019-05-01
P03249,F,1961-11-26,FL,Medicaid,2021-04-10
P03250,M,2020-01-12,NC,Commercial,2019-05-25
P03251,M,2004-12-01,FL,Medicaid,2020-06-20
P03252,M,1940-04-16,NY,Medicare,2021-12-21
P03253,M,1966-05-12,NC,Commercial,2020-06-09
P03254,M,1977-08-03,GA,Commercial,2021-11-26
P03255,F,1986-03-01,FL,Commercial,2019-03-13
P03256,M,2004-02-10,CA,Medicaid,2019-10-01
P03257,F,2017-12-06,CA,Commercial,2019-10-13
P03258,F,1965-01-16,TX,Commercial,2021-05-08
P03259,M,1947-10-05,TX,Medicare,2021-05-31
P03260,M,1994-03-18,FL,Commercial,2023-06-02
P03261,M,1960-03-07,GA,Commercial,2020-09-27
P03262,F,1938-06-11,IL,Medicare,2023-06-06
P03263,F,2007-02-20,FL,Commercial,2021-04-20
P03264,F,1968-03-05,NY,Commercial,2023-05-07
P03265,M,2005-06-24,NC,Commercial,2021-08-16
P03266,F,1962-10-27,OH,Commercial,2020-02-07
P03267,F,1968-07-26,FL,Commercial,2022-06-18
P03268,F,1950-02-06,CA,Medicare,2020-12-29
P03269,M,1994-10-19,CA,Medicaid,2022-09-14
P03270,F,1975-01-02,FL,Commercial,2022-07-03
P03271,F,1992-10-26,FL,Medicaid,2023-02-02
P03272,F,1958-05-03,PA,Medicare,2023-03-12
P03273,F,1933-05-12,NY,Medicare,2022-02-22
P03274,F,1944-10-21,FL,Medicare,2023-05-21
P03275,M,1941-07-12,CA,Medicare,2019-07-19
P03276,F,2007-11-10,TX,Medicaid,2020-04-18
P03277,F,2004-08-20,FL,Commercial,2022-11-23
P03278,F,1943-01-16,GA,Medicare,2019-07-30
P03279,F,1990-12-12,TX,Commercial,2022-03-06
P03280,M,2014-02-16,CA,Commercial,2021-05-07
P03281,F,1937-04-28,TX,Medicare,2020-07-05
P03282,M,2015-04-03,FL,Commercial,2020-02-21
P03283,F,2003-09-21,CA,Commercial,2023-12-18
P03284,F,1975-01-20,NC,Commercial,2022-08-03
P03285,F,2020-09-30,NY,Commercial,2022-04-27
P03286,M,1935-07-02,FL,Medicare,2021-01-28
P03287,F,1933-12-18,FL,Medicare,2019-08-23
P03288,Female,2014-02-10,IL,Commercial,2021-10-24
P03289,M,2020-04-18,FL,Commercial,2021-09-08
P03290,F,2009-11-02,TX,Commercial,2023-07-25
P03291,F,2014-05-04,NC,Commercial,2021-05-16
P03292,F,1946-10-26,OH,Medicare,2021-07-26
P03293,Female,1945-07-22,IL,Medicare,2020-10-27
P03294,F,1983-06-28,TX,Commercial,2019-10-09
P03295,M,1974-01-26,AZ,Commercial,2021-03-02
P03296,M,1974-09-01,FL,Medicaid,2023-09-29
P03297,M,1952-12-27,PA,Medicare,2019-12-02
P03298,F,2017-07-27,GA,Commercial,2021-08-14
P03299,F,1959-01-28,IL,Commercial,2021-07-28
P03300,M,1994-03-15,PA,Commercial,2019-08-22
P03301,F,1988-12-10,OH,Medicaid,2021-01-20
P03302,M,1972-12-12,CA,Commercial,2020-01-21
P03303,M,1991-03-31,GA,Commercial,2019-08-09
P03304,F,2006-04-12,NY,Medicaid,2021-07-15
P03305,F,1951-06-12,FL,Medicare,2019-02-04
P03306,M,2013-11-29,NC,Commercial,2023-02-23
P03307,M,2018-09-20,FL,Commercial,2019-08-25
P03308,F,1999-02-26,GA,Commercial,2019-10-06
P03309,F,1958-11-11,GA,Medicare,2023-07-04
P03310,F,2002-10-19,OH,Commercial,2023-03-28
P03311,M,1985-07-19,TX,Medicaid,2023-10-26
P03312,F,2011-04-08,NY,Medicaid,2022-08-14
P03313,M,1956-03-04,GA,Medicare,2019-01-18
P03314,M,1947-05-30,TX,Medicare,2023-05-20
P03315,M,2003-07-06,NY,Commercial,2023-11-01
P03316,F,1992-08-13,FL,Commercial,2021-09-16
P03317,F,1940-12-16,NC,Medicare,2022-03-27
P03318,M,1984-09-25,NY,Commercial,2020-11-09
P03319,M,1998-10-14,AZ,Commercial,2020-12-21
P03320,F,2016-12-11,GA,Commercial,2019-11-14
P03321,M,1963-04-05,TX,Commercial,2021-12-05
P03322,M,1984-08-25,IL,Commercial,2021-09-12
P03323,M,1949-06-28,IL,Medicare,2023-11-21
P03324,M,1987-10-20,NY,Medicaid,2019-02-25
P03325,M,1943-05-31,FL,Medicare,2022-12-08
P03326,F,1963-11-13,TX,Medicaid,2021-01-09
P03327,F,2011-04-29,CA,Commercial,2019-08-08
P03328,M,1997-04-06,GA,Medicaid,2020-12-24
P03329,M,1945-09-09,FL,Medicare,2020-11-16
P03330,M,1973-10-15,NY,Commercial,2023-02-16
P03331,F,1987-03-23,FL,Medicaid,2020-06-17
P03332,M,2004-10-11,PA,Commercial,2023-01-20
P03333,M,1974-10-27,FL,Commercial,2020-07-18
P03334,M ,1986-08-29,AZ,Commercial,2021-02-13
P03335,M,1989-01-13,NY,Commercial,2021-07-22
P03336,F,1963-07-17,AZ,Commercial,2020-05-26
P03337,M,1949-09-27,OH,Medicare,2020-05-28
P03338,M,1983-06-28,FL,Medicaid,2022-12-24
P03339,F,2021-08-26,GA,Commercial,2022-02-15
P03340,F,1936-05-03,FL,Medicare,2021-08-01
P03341,M,1988-07-24,NC,Commercial,2023-03-31
P03342,M,1967-06-01,FL,Medicaid,2022-03-22
P03343,F,2002-07-25,NC,Commercial,2023-10-18
P03344,M,1963-07-10,PA,Commercial,2021-10-23
P03345,M,1945-07-21,TX,Medicare,2022-12-22
P03346,M,1934-08-10,NC,Medicare,2022-11-22
P03347,M,1944-01-15,IL,Medicare,2019-11-30
P03348,F,1945-09-25,OH,Medicare,2023-04-20
P03349,M,1957-03-13,FL,Medicare,2023-05-26
P03350,M,1988-04-16,GA,Commercial,2022-05-27
P03351,M,1967-06-23,NY,Commercial,2023-11-20
P03352,F,1959-09-08,GA,Commercial,2019-08-30
P03353,F,1979-07-09,NY,Commercial,2019-01-26
P03354,F,1992-02-25,AZ,Commercial,2019-12-24
P03355,M,1984-10-26,NY,Commercial,2020-01-04
P03356,F,2002-06-01,GA,Commercial,2023-06-30
P03357,M,1947-03-28,FL,Medicare,2021-03-25
P03358,Male,1989-05-14,IL,Commercial,2023-07-25
P03359,F,1955-11-10,GA,Medicare,2022-07-02
P03360,F,1948-06-29,FL,Medicare,2021-07-16
P03361,M,2016-10-26,CA,Commercial,2020-08-06
P03362,F,2012-01-28,NY,Commercial,2022-08-13
P03363,M,1951-08-26,TX,Medicare,2022-09-21
P03364,M,1958-07-31,CA,Medicare,2019-11-21
P03365,F,2015-02-23,CA,Commercial,2022-11-18
P03366,M,2022-07-29,FL,Commercial,2021-07-28
P03367,M,1935-10-23,TX,Medicare,2022-07-27
P03368,M,1951-02-10,NC,Medicare,2019-09-28
P03369,M,2013-05-09,TX,Commercial,2021-04-30
P03370,M,2002-05-25,AZ,Commercial,2023-06-18
P03371,M,1960-12-04,GA,Medicaid,2023-04-06
P03372,F,2013-07-21,NY,Commercial,2019-02-26
P03373,M,1959-07-18,NC,Medicaid,2019-04-21
P03374,M,1990-09-27,CA,Commercial,2020-03-03
P03375,M,1940-06-08,FL,Medicare,2023-08-13
P03376, f,2002-10-03,NY,Commercial,2020-05-06
P03377,F,2002-07-13,AZ,Commercial,2020-09-13
P03378,M,1998-03-14,TX,Medicaid,2019-04-22
P03379,M,2015-04-08,FL,Commercial,2021-07-28
P03380,M,2003-09-21,FL,Medicaid,2021-08-26
P03381,F,1965-10-17,TX,Commercial,2020-11-03
P03382,M,2023-12-30,FL,Medicaid,2023-04-05
P03383,M,1986-08-27,PA,Medicaid,2020-04-11
P03384,M,1954-12-24,AZ,Medicare,2021-07-09
P03385,M,2014-11-15,IL,Commercial,2023-01-24
P03386,F,1939-01-09,,Medicare,2019-12-06
P03387,M,1941-02-22,NY,Medicare,2022-09-06
P03388,F,2009-06-10,TX,Medicaid,2019-09-16
P03389,M,1960-03-24,FL,Commercial,2022-08-22
P03390,F,2011-07-07,CA,Commercial,2021-07-24
P03391,M,2015-05-27,FL,Commercial,2021-10-26
P03392,F,1949-01-30,FL,Medicare,2020-05-05
P03393, f,2002-12-03,PA,Medicaid,2023-01-27
P03394,M,2013-08-25,OH,Commercial,2022-10-08
P03395,F,1952-11-18,IL,Medicare,2023-01-15
P03396,F,2001-03-16,TX,Medicaid,2022-11-07
P03397,M,1989-03-06,PA,Commercial,2021-09-27
P03398,F,2008-04-12,TX,Commercial,2021-01-27
P03399,M,1950-05-23,FL,Medicare,2019-09-08
P03400,M,1953-07-10,NY,Medicare,2021-11-23
P03401,F,2020-12-23,CA,Commercial,2021-12-14
P03402,F,1967-03-25,TX,Medicaid,2023-03-14
P03403,M,1943-02-09,OH,Medicare,2023-07-05
P03404,M,2004-01-14,TX,Medicaid,2020-03-13
P03405,F,1986-08-29,IL,Medicaid,2020-11-03
P03406,M,2017-10-19,FL,Medicaid,2021-05-05
P03407,F,1958-05-07,NC,Medicare,2021-10-13
P03408,F,1990-12-25,IL,Commercial,2021-05-27
P03409,F,1945-12-10,CA,Medicare,2019-10-11
P03410,M,2015-03-08,PA,Commercial,2023-01-21
P03411,F,1950-01-16,NC,Medicare,2021-07-05
P03412,F,1973-08-06,FL,Commercial,2022-10-18
P03413,M,1947-06-30,NC,Medicare,2023-06-24
P03414,F,2019-06-17,CA,Commercial,2020-07-16
P03415,M,1987-11-12,FL,Commercial,2020-06-24
P03416,M,1993-10-11,TX,Commercial,2019-09-30
P03417,female,1940-09-14,FL,Medicare,2023-11-23
P03418,F,1938-02-27,GA,Medicare,2023-02-12
P03419,F,1988-07-25,AZ,Commercial,2021-02-17
P03420,F,2013-04-12,IL,Medicaid,2019-12-11
P03421,female,1975-10-23,NC,Medicaid,2019-04-22
P03422,F,2010-01-18,TX,Commercial,2020-01-24
P03423,F,1945-02-12,TX,Medicare,2019-06-25
P03424,M,1984-07-11,FL,Commercial,2019-12-06
P03425,F,2000-10-10,TX,Commercial,2022-06-04
P03426,F,1936-01-10,OH,Medicare,2021-02-04
P03427,F,1990-03-12,NY,Commercial,2020-10-29
P03428,F,1998-06-28,NY,Medicaid,2022-03-30
P03429,M,2011-09-26,FL,Medicaid,2019-07-30
P03430,M,1981-05-19,IL,Medicaid,2020-02-24
P03431,F,1942-08-18,GA,Medicare,2021-06-02
P03432,M,1946-04-29,TX,Medicare,2021-08-09
P03433,F,2016-03-03,TX,Medicaid,2020-01-16
P03434,M,1982-07-06,TX,Commercial,2022-11-23
P03435,F,1964-12-14,CA,Commercial,2022-11-29
P03436,M,1956-06-09,CA,Medicare,2021-12-28
P03437,F,2009-02-21,CA,Commercial,2023-05-14
P03438,F,1984-10-11,FL,Commercial,2021-09-18
P03439,M,2014-01-15,AZ,Commercial,2021-11-03
P03440,F,1958-08-21,NC,Medicare,2021-06-23
P03441,M,1982-04-26,IL,Commercial,2021-09-11
P03442,M,1989-04-19,FL,Commercial,2019-07-08
P03443,F,2022-10-26,IL,Commercial,2022-08-19
P03444,M,2008-12-17,NC,Commercial,2021-12-12
P03445,F,2011-01-20,NY,Medicaid,2020-04-24
P03446,M,1979-04-21,FL,Commercial,2022-07-31
P03447,F,1957-05-15,GA,Medicare,2020-09-20
P03448,F,1949-09-12,PA,Medicare,2019-03-12
P03449,F,2017-11-22,TX,Commercial,2022-02-15
P03450,M,1968-09-23,NC,Medicaid,2022-10-17
P03451,M,1935-06-16,NC,Medicare,2023-01-20
P03452,M,1938-04-22,OH,Medicare,2023-12-12
P03453,F,1967-09-07,TX,Commercial,2022-08-01
P03454,F,1994-10-14,IL,Commercial,2019-10-04
P03455,M,1972-10-01,GA,Medicaid,2022-09-24
P03456,M,1952-01-15,PA,Medicare,2019-03-27
P03457,F,1973-05-15,TX,Medicaid,2019-03-29
P03458,M,2022-01-04,GA,Medicaid,2020-08-05
P03459,M ,2018-12-29,TX,Commercial,2019-02-06
P03460,M,1934-07-17,OH,Medicare,2021-12-19
P03461,M,1973-07-18,CA,Commercial,2019-03-23
P03462,F,1951-08-08,FL,Medicare,2021-04-14
P03463,F,2003-08-12,FL,Commercial,2023-08-07
P03464,M,1996-12-03,NC,Commercial,2019-11-05
P03465,male,1938-12-20,GA,Medicare,2019-04-03
P03466,F,1933-03-22,GA,Medicare,2019-07-31
P03467,female,1948-07-24,OH,Medicare,2021-12-02
P03468,F,1974-11-02,TX,Commercial,2023-06-28
P03469,F,1999-08-28,FL,Commercial,2021-01-28
P03470,M,1969-01-25,TX,Medicaid,2019-08-31
P03471,F,2018-07-14,CA,Commercial,2019-10-20
P03472,F,1971-01-05,CA,Commercial,2020-12-01
P03473,M,1942-11-03,FL,Medicare,2020-01-27
P03474,F,1990-11-17,NY,Commercial,2023-11-04
P03475,F,1947-06-10,TX,Medicare,2020-11-20
P03476,M,1999-04-27,NY,Commercial,2023-06-18
P03477,F,2000-01-08,FL,Medicaid,2020-04-04
P03478,F,1962-07-14,GA,Medicaid,2023-10-10
P03479,F,2022-10-19,CA,Medicaid,2021-01-11
P03480,F,1941-06-17,FL,Medicare,2019-04-06
P03481,M,1959-09-11,AZ,Commercial,2023-06-11
P03482,M,1945-10-27,AZ,Medicare,2021-11-14
P03483,F,1982-11-29,TX,Medicaid,2023-10-19
P03484,F,1949-04-11,NC,Medicare,2020-06-05
P03485,F,1955-05-12,CA,Medicare,2019-05-19
P03486,M,1944-11-01,FL,Medicare,2023-12-29
P03487,M,1933-06-11,TX,Medicare,2021-04-10
P03488,M,1942-02-11,AZ,Medicare,2020-01-15
P03489,F,1968-03-08,FL,Commercial,2023-11-16
P03490,M,1988-07-19,CA,Commercial,2021-08-05
P03491,M,1958-12-11,CA,Medicare,2023-05-11
P03492,F,1967-05-15,FL,Commercial,2019-05-22
P03493,F,2010-06-26,NY,Medicaid,2021-06-16
P03494,F,1941-01-29,IL,Medicare,2021-05-26
P03495,M,1979-06-14,FL,Commercial,2019-01-08
P03496,F,1995-04-07,FL,Medicaid,2020-01-23
P03497,F,1948-06-22,GA,Medicare,2022-06-08
P03498,M,1937-06-17,OH,Medicare,2020-11-09
P03499,M,1978-09-07,CA,Commercial,2022-07-09
P03500,F,1986-08-07,NY,Medicaid,2021-05-27
P03501,F,1966-09-14,OH,Commercial,2019-12-11
P03502,F,1934-07-16,AZ,Medicare,2019-04-07
P03503,F,1989-01-18,FL,Commercial,2019-04-01
P03504,M,1935-08-30,PA,Medicare,2021-07-11
P03505,M,1949-07-15,TX,Medicare,2019-07-13
P03506,male,1950-01-20,FL,Medicare,2019-07-18
P03507,M,1972-11-06,GA,Commercial,2021-04-09
P03508,M,2017-09-30,TX,Medicaid,2023-10-28
P03509,F,1935-07-05,IL,Medicare,2023-05-29
P03510,F,2005-08-04,NY,Commercial,2020-09-19
P03511,M,2013-08-29,CA,Medicaid,2019-11-08
P03512,M,1947-03-23,FL,Medicare,2019-06-13
P03513,M,1968-07-02,FL,Medicaid,2022-10-15
P03514,M,1962-08-21,IL,Medicaid,2019-07-05
P03515,F,1998-07-10,PA,Medicaid,2019-11-15
P03516,F,1945-02-11,NY,Medicare,2021-07-30
P03517,F,1936-01-07,GA,Medicare,2022-02-18
P03518,male,2011-10-05,FL,Commercial,2021-08-23
P03519,M,1939-12-18,AZ,Medicare,2020-08-17
P03520,M,1952-12-20,FL,Medicare,2019-12-14
P03521,F,1945-07-22,GA,Medicare,2023-02-22
P03522,F,1994-05-16,NC,Medicaid,2022-04-30
P03523,female,2010-12-13,IL,Commercial,2023-05-27
P03524,F,1990-06-29,FL,Commercial,2019-04-27
P03525,M,1958-08-08,OH,Medicare,2021-12-20
P03526,M,2006-01-25,TX,Commercial,2022-10-01
P03527,M,1997-05-25,NC,Commercial,2022-12-26
P03528,M,2003-07-31,FL,Commercial,2023-08-19
P03529,F,2004-05-31,PA,Medicaid,2021-08-24
P03530,M,1981-11-12,NC,Commercial,2020-02-23
P03531,M,1999-07-12,AZ,Commercial,2022-05-22
P03532,F,1983-09-03,NY,Commercial,2021-12-24
P03533,M,2022-10-26,IL,Commercial,2020-10-27
P03534,Female,1980-08-10,CA,Commercial,2022-03-23
P03535,M,1934-05-12,NY,Medicare,2020-04-23
P03536,F,1942-06-02,FL,Medicare,2022-05-26
P03537,F,1967-01-15,PA,Commercial,2021-10-09
P03538,M,1940-09-22,TX,Medicare,2019-02-07
P03539,F,1978-04-20,CA,Commercial,2019-10-28
P03540,F,2001-06-14,CA,Commercial,2021-02-22
P03541,M,1965-02-16,OH,Medicaid,2022-01-16
P03542,female,1949-02-03,CA,Medicare,2019-01-17
P03543,M,1964-04-17,CA,Medicaid,2021-09-09
P03544,M,1998-07-30,NY,Commercial,2022-04-14
P03545,F,2003-06-21,CA,Commercial,2021-01-09
P03546,M,1984-05-08,NY,Commercial,2021-12-07
P03547,F,1970-03-12,OH,Commercial,2019-07-23
P03548,F,1990-10-09,PA,Medicaid,2022-12-11
P03549,F,1976-02-17,NY,Commercial,2023-10-02
P03550,Male,1967-03-15,FL,Medicaid,2021-11-07
P03551,F,1975-11-30,TX,Medicaid,2019-04-07
P03552,F,1956-09-24,PA,Medicare,2023-09-10
P03553,M ,2007-10-07,IL,Commercial,2019-12-19
P03554,M,1955-06-04,GA,Medicare,2023-12-31
P03555,F,1986-10-16,IL,Commercial,2021-03-20
P03556,female,1941-09-13,GA,Medicare,2021-09-27
P03557,F,2004-10-23,IL,Commercial,2023-03-16
P03558,F,2013-12-07,IL,Medicaid,2020-04-10
P03559,M,1950-07-17,NY,Medicare,2023-02-16
P03560,F,1937-09-06,AZ,Medicare,2021-10-26
P03561,F,1948-06-30,CA,Medicare,2021-03-19
P03562,F,1954-10-15,TX,Medicare,2021-05-31
P03563,M,2007-09-19,PA,Medicaid,2023-11-05
P03564,M,1959-02-10,FL,Commercial,2021-10-10
P03565,F,1990-03-13,GA,Medicaid,2020-09-24
P03566,M,1977-09-25,GA,Medicaid,2021-05-15
P03567,M,1990-11-02,CA,Medicaid,2020-05-09
P03568,F,2023-01-11,NC,Commercial,2020-02-16
P03569,F,2006-04-27,PA,Medicaid,2023-02-08
P03570,F,1969-07-05,IL,Commercial,2019-12-27
P03571,M,1957-04-20,PA,Medicare,2019-07-13
P03572,F,1978-10-12,NC,Commercial,2019-10-25
P03573,F,1974-07-28,IL,Commercial,2019-10-01
P03574,M,1987-08-12,GA,Commercial,2022-12-10
P03575,M,1986-04-12,NC,Commercial,2020-09-29
P03576,M,2008-10-26,FL,Commercial,2021-09-18
P03577,F,2007-07-07,FL,Medicaid,2019-02-01
P03578,F,2014-03-02,GA,Commercial,2019-11-07
P03579,M,1941-10-21,FL,Medicare,2023-03-13
P03580,M,1983-11-19,AZ,Commercial,2019-04-19
P03581,M,1942-03-07,NY,Medicare,2020-07-08
P03582,M,1952-02-17,IL,Medicare,2021-04-16
P03583,F,1984-07-27,NY,Commercial,2021-10-09
P03584,F,1955-12-16,NC,Medicare,2021-07-16
P03585,M,1979-06-18,TX,Medicaid,2020-02-25
P03586,M,2006-09-13,AZ,Medicaid,2020-03-07
P03587,F,2005-05-31,FL,Commercial,2021-03-30
P03588,F,1982-11-10,NC,Commercial,2019-01-18
P03589,male,1944-03-13,AZ,Medicare,2022-11-04
P03590,F,2007-04-26,OH,Commercial,2021-11-15
P03591,M,1985-05-10,PA,Medicaid,2021-01-04
P03592,M,1982-06-28,GA,Commercial,2023-03-06
P03593,F,2007-10-13,NY,Medicaid,2021-07-05
P03594,M,2020-01-24,FL,Commercial,2019-11-01
P03595,M,1974-09-25,TX,Commercial,2020-08-17
P03596,F,1998-08-20,FL,Medicaid,2020-06-14
P03597,F,1982-01-27,OH,Medicaid,2023-03-12
P03598,M,2012-12-17,AZ,Medicaid,2023-04-12
P03599,F,2003-11-17,NC,Medicaid,2021-10-17
P03600,M,1984-03-28,PA,Commercial,2022-05-21
P03601,F,2015-08-20,NY,Commercial,2023-12-14
P03602,M,2003-06-04,FL,Commercial,2021-03-28
P03603,M,1944-06-03,NC,Medicare,2020-03-26
P03604,F,1973-03-04,GA,Commercial,2020-05-07
P03605,M,2001-05-19,NY,Medicaid,2023-06-27
P03606,F,2016-07-29,IL,Commercial,2020-02-07
P03607,F,2022-06-14,TX,Commercial,2022-02-06
P03608,F,1987-04-07,GA,Commercial,2023-03-23
P03609,F,1978-08-15,FL,Commercial,2021-08-23
P03610,F,1985-10-30,NC,Commercial,2022-12-02
P03611,F,1953-07-07,GA,Medicare,2020-08-22
P03612,F,2022-01-01,CA,Commercial,2020-04-13
P03613,F,1945-11-21,TX,Medicare,2020-05-17
P03614,F,2021-10-29,OH,Medicaid,2023-06-04
P03615,M,1953-01-02,IL,Medicare,2022-04-05
P03616,F,1957-03-04,GA,Medicare,2021-07-06
P03617,M,2019-11-20,OH,Commercial,2019-01-30
P03618,F,1984-10-15,,Commercial,2021-04-10
P03619,F,1999-04-24,FL,Commercial,2020-09-26
P03620,F,1961-03-21,TX,Medicaid,2022-04-22
P03621,F,1938-04-08,TX,Medicare,2022-07-11
P03622,M ,2018-02-20,AZ,Commercial,2020-01-09
P03623,M,1978-06-30,OH,Commercial,2019-11-01
P03624,F,1978-02-15,IL,Medicaid,2023-09-22
P03625,F,1941-05-28,FL,Medicare,2021-04-23
P03626,M,1942-07-11,NC,Medicare,2020-02-13
P03627,F,2000-05-13,CA,Medicaid,2023-03-19
P03628,M,1957-07-28,FL,Medicare,2020-10-09
P03629,M,1950-05-24,OH,Medicare,2021-08-20
P03630,F,1990-03-02,PA,Commercial,2021-06-20
P03631,F,1972-01-17,IL,Commercial,2021-01-13
P03632,F,1961-06-03,IL,Medicaid,2019-08-23
P03633,M,1953-12-29,FL,Medicare,2023-07-27
P03634,M,1991-05-20,IL,Commercial,2022-12-28
P03635,F,1938-10-01,IL,Medicare,2022-04-12
P03636,M,1969-10-06,NC,Commercial,2020-01-01
P03637,Female,1967-02-14,FL,Medicaid,2021-01-16
P03638,F,2006-07-22,TX,Commercial,2023-01-24
P03639,male,2023-03-19,FL,Medicaid,2023-11-19
P03640,M,1936-08-19,FL,Medicare,2019-01-20
P03641,F,2008-05-24,IL,Commercial,2023-04-25
P03642,M,1959-05-04,AZ,Commercial,2023-11-03
P03643,F,2021-02-08,IL,Medicaid,2021-12-21
P03644,M,1964-10-21,GA,Commercial,2021-03-28
P03645,M,1979-06-11,CA,Commercial,2022-09-16
P03646,M,1945-08-05,NY,Medicare,2023-03-01
P03647,Male,2021-07-15,NY,Commercial,2023-07-28
P03648,F,1968-02-26,TX,Commercial,2021-12-18
P03649,M,2016-11-12,IL,Commercial,2019-03-31
P03650,M,2017-06-15,OH,Medicaid,2023-04-06
P03651,F,1972-08-12,PA,Commercial,2021-02-20
P03652,M,1979-02-08,FL,Commercial,2023-01-13
P03653,M,2015-10-15,TX,Commercial,2020-08-20
P03654,M,2001-10-08,CA,Commercial,2023-09-12
P03655,M,1980-11-28,CA,Commercial,2022-12-27
P03656,F,1981-07-24,IL,Commercial,2023-12-18
P03657,F,2000-12-28,FL,Commercial,2020-10-05
P03658, f,1997-07-02,FL,Commercial,2020-05-29
P03659,M,2018-10-11,IL,Medicaid,2023-02-22
P03660,M,2023-08-08,NY,Commercial,2021-09-26
P03661,M,1961-05-25,NY,Commercial,2022-07-15
P03662,F,2008-04-26,IL,Medicaid,2023-10-10
P03663,M,1963-12-10,OH,Medicaid,2023-10-25
P03664,F,1953-11-07,NC,Medicare,2019-04-24
P03665,F,1959-09-08,FL,Commercial,2020-10-07
P03666,M,1996-06-25,CA,Commercial,2020-09-04
P03667,M,1971-02-13,NY,Commercial,2022-07-11
P03668,M,1969-11-11,CA,Commercial,2022-09-06
P03669,M,2001-12-07,CA,Commercial,2020-01-12
P03670,F,1936-05-16,FL,Medicare,2021-10-23
P03671,F,2002-01-08,TX,Commercial,2023-06-29
P03672,M,1958-03-03,NY,Medicare,2021-07-23
P03673,F,1961-06-08,NY,Commercial,2021-05-25
P03674,M,1971-12-25,FL,Commercial,2021-02-25
P03675,F,1948-06-04,IL,Medicare,2021-04-27
P03676,F,1999-07-19,TX,Medicaid,2019-09-20
P03677,M,2016-07-21,NY,Commercial,2022-10-13
P03678,M,1936-07-05,NC,Medicare,2021-01-20
P03679,F,2015-06-11,NC,Commercial,2019-07-26
P03680,F,1990-04-13,TX,Commercial,2019-02-10
P03681,F,1946-10-22,FL,Medicare,2019-03-07
P03682,F,2016-12-04,GA,Commercial,2020-05-15
P03683,M,1965-12-13,FL,Commercial,2023-06-21
P03684,F,1985-08-05,GA,Commercial,2019-01-23
P03685,F,2020-06-29,CA,Commercial,2023-11-04
P03686,M,1977-03-20,NY,Commercial,2021-04-01
P03687,M,2023-07-27,FL,Commercial,2021-10-08
P03688,F,1984-06-20,NC,Medicaid,2020-08-11
P03689,M,1945-01-09,FL,Medicare,2020-02-03
P03690,F,1975-04-03,IL,Commercial,2020-04-25
P03691,F,1999-04-24,CA,Commercial,2022-11-14
P03692,M,1944-08-21,CA,Medicare,2020-03-25
P03693,F,1998-11-06,GA,Commercial,2020-03-20
P03694,M,1937-01-30,NY,Medicare,2023-11-18
P03695,M,1946-06-12,TX,Medicare,2020-10-25
P03696,M,2010-12-03,AZ,Commercial,2023-05-14
P03697,F,2001-07-08,FL,Commercial,2021-03-12
P03698,F,1967-11-29,NY,Commercial,2022-11-12
P03699,M,2003-01-08,OH,Commercial,2022-03-18
P03700,M,2008-06-22,CA,Commercial,2022-08-24
P03701,M,1969-03-20,CA,Medicaid,2019-09-11
P03702,F,1992-07-13,IL,Commercial,2019-06-24
P03703,M,1948-12-24,TX,Medicare,2020-01-06
P03704,F,1940-05-12,FL,Medicare,2020-05-23
P03705,F,1984-05-07,IL,Commercial,2022-03-09
P03706,M ,2006-10-09,FL,Commercial,2023-04-15
P03707,M,1976-04-14,OH,Commercial,2021-02-28
P03708,F,1954-10-10,FL,Medicare,2021-11-14
P03709,F,1989-04-23,FL,Commercial,2022-08-04
P03710,M,1956-04-02,TX,Medicare,2022-10-15
P03711,M,2023-11-12,PA,Medicaid,2023-03-14
P03712,F,1956-09-16,FL,Medicare,2019-11-09
P03713,M,2014-11-02,GA,Medicaid,2022-05-25
P03714,M,1941-04-10,GA,Medicare,2019-06-02
P03715,F,1961-10-07,FL,Medicaid,2020-08-27
P03716,M,2003-05-13,FL,Medicaid,2023-03-08
P03717,M,1949-08-01,IL,Medicare,2023-09-09
P03718,M,1990-12-01,NC,Medicaid,2021-12-02
P03719,F,2010-02-12,TX,Medicaid,2023-08-06
P03720,M,1967-04-17,GA,Commercial,2019-03-30
P03721,M,1956-09-27,FL,Medicare,2019-06-21
P03722,M,1955-02-14,TX,Medicare,2020-09-19
P03723,Female,2011-04-18,TX,Medicaid,2022-07-16
P03724,F,1969-03-08,IL,Commercial,2019-08-31
P03725,M,2014-10-27,GA,Medicaid,2020-10-08
P03726,F,1957-12-28,TX,Medicare,2022-03-20
P03727,M,1969-12-09,NC,Medicaid,2019-08-10
P03728,F,1995-06-19,TX,Commercial,2022-12-15
P03729,M,1940-03-19,OH,Medicare,2021-03-01
P03730,F,1957-02-01,NC,Medicare,2020-07-19
P03731,M,1984-01-16,FL,Medicaid,2019-06-20
P03732,M,2015-05-28,PA,Medicaid,2023-04-26
P03733,F,1944-05-15,TX,Medicare,2022-07-26
P03734,F,1958-09-17,FL,Medicare,2019-10-22
P03735,M,2000-01-01,NC,Commercial,2021-07-04
P03736,M,1970-10-21,OH,Medicaid,2020-03-25
P03737,M,1979-12-12,FL,Commercial,2020-02-20
P03738,F,1954-04-25,TX,Medicare,2022-06-24
P03739,M,1956-07-01,IL,Medicare,2022-05-07
P03740,M,1964-03-25,NC,Commercial,2021-07-05
P03741,F,2010-11-07,NY,Commercial,2023-11-12
P03742,F,2000-02-02,NY,Commercial,2020-01-04
P03743,F,1998-04-13,CA,Medicaid,2023-06-05
P03744,M,1937-02-04,CA,Medicare,2019-05-01
P03745,M,1993-05-09,FL,Commercial,2020-02-10
P03746, f,1941-08-30,TX,Medicare,2022-03-30
P03747,F,1981-05-17,NY,Commercial,2023-08-23
P03748,F,1965-05-25,NC,Medicaid,2020-01-21
P03749,F,2001-10-26,OH,Commercial,2021-10-05
P03750,M,1989-11-24,CA,Commercial,2023-01-12
P03751,M,2017-05-08,CA,Commercial,2021-11-09
P03752,F,1949-11-27,TX,Medicare,2019-06-28
P03753,F,1986-11-25,PA,Commercial,2020-07-24
P03754,F,1937-12-05,IL,Medicare,2020-07-28
P03755,M,1961-05-18,PA,Commercial,2021-06-06
P03756,F,2006-01-27,PA,Commercial,2023-03-29
P03757,F,2013-07-03,IL,Commercial,2019-04-04
P03758,M,1973-11-06,GA,Commercial,2020-04-21
P03759,M,2018-06-27,NY,Medicaid,2021-06-05
P03760,M,2002-07-08,NY,Commercial,2020-05-20
P03761,F,2011-05-30,NY,Medicaid,2022-03-10
P03762,F,1978-07-26,PA,Commercial,2020-04-17
P03763,M,1969-06-20,TX,Commercial,2019-03-02
P03764,M,2011-09-05,FL,Commercial,2022-04-12
P03765,M,1996-02-05,GA,Commercial,2023-12-17
P03766,M,1942-06-18,FL,Medicare,2020-04-21
P03767,F,1947-09-10,TX,Medicare,2019-09-29
P03768,M,2001-12-30,FL,Commercial,2019-11-15
P03769,F,1949-04-28,FL,Medicare,2019-02-17
P03770,F,1953-08-15,NY,Medicare,2022-04-08
P03771,F,2023-10-03,CA,Medicaid,2019-06-01
P03772,F,1986-07-10,CA,Medicaid,2022-12-18
P03773,F,1952-07-07,FL,Medicare,2021-01-25
P03774, f,1959-03-14,AZ,Medicaid,2019-07-26
P03775,F,1944-06-16,FL,Medicare,2019-06-06
P03776,M,1965-04-20,NC,Commercial,2020-11-25
P03777,male,1938-05-09,IL,Medicare,2021-04-10
P03778,F,1978-02-24,IL,Commercial,2021-09-13
P03779,F,1958-12-29,NY,Medicare,2019-09-01
P03780,M,2014-08-16,GA,Medicaid,2019-08-10
P03781,F,1987-04-15,PA,Commercial,2022-10-21
P03782,M,1964-11-10,CA,Medicaid,2023-04-28
P03783,F,1987-07-24,OH,Medicaid,2019-12-08
P03784,M,1965-08-07,TX,Commercial,2019-12-14
P03785,F,1958-03-12,IL,Medicare,2023-07-03
P03786,M,1966-01-14,IL,Medicaid,2021-07-20
P03787,F,1983-11-24,NC,Medicaid,2021-06-21
P03788, f,1992-10-14,IL,Commercial,2023-10-16
P03789,F,2010-03-24,NY,Commercial,2020-09-07
P03790,F,1944-10-29,FL,Medicare,2019-02-21
P03791,M,2005-07-03,CA,Commercial,2022-12-11
P03792,F,1974-01-21,CA,Commercial,2020-02-12
P03793,F,1993-01-10,NY,Commercial,2023-08-07
P03794,M,1998-01-19,GA,Commercial,2022-12-06
P03795,F,1934-11-12,CA,Medicare,2021-03-06
P03796,M,1938-11-07,FL,Medicare,2019-05-22
P03797,male,1948-10-28,OH,Medicare,2019-07-31
P03798,F,1940-03-26,IL,Medicare,2019-04-30
P03799,M,1993-10-27,FL,Commercial,2019-01-25
P03800,M,1987-07-29,PA,Commercial,2020-01-02
P03801,F,1981-03-08,FL,Commercial,2022-03-09
P03802,Male,2002-07-05,NY,Commercial,2023-05-14
P03803,F,2019-01-23,IL,Commercial,2019-11-23
P03804,Female,1979-07-03,FL,Commercial,2023-01-26
P03805,M,1987-08-16,FL,Commercial,2021-05-26
P03806,M,1981-01-12,AZ,Commercial,2020-03-26
P03807,M,1935-06-16,FL,Medicare,2023-10-30
P03808,F,1945-10-25,TX,Medicare,2019-06-09
P03809,M,1962-05-14,NY,Medicaid,2022-06-27
P03810,F,1943-03-25,FL,Medicare,2022-12-05
P03811,M,1958-02-28,FL,Medicare,2022-02-22
P03812,F,1963-12-30,PA,Commercial,2021-09-12
P03813,Male,1958-11-22,NY,Medicare,2021-09-24
P03814,F,1997-05-16,TX,Commercial,2023-03-25
P03815,F,1988-04-05,NC,Commercial,2023-01-21
P03816,F,1994-05-07,TX,Commercial,2021-08-12
P03817,F,1959-08-15,TX,Commercial,2022-11-14
P03818,F,1994-03-31,AZ,Commercial,2020-10-16
P03819,F,1937-06-03,OH,Medicare,2019-07-06
P03820,F,2000-01-29,CA,Medicaid,2023-11-29
P03821,Male,1949-08-19,NY,Medicare,2023-10-28
P03822,M,1956-03-31,PA,Medicare,2020-10-15
P03823,M,1943-11-10,CA,Medicare,2023-11-10
P03824,M,2023-04-09,TX,Commercial,2020-10-21
P03825,M,1934-04-08,TX,Medicare,2021-07-21
P03826,F,1935-10-01,FL,Medicare,2021-09-23
P03827, f,2000-12-09,AZ,Commercial,2020-12-21
P03828,F,2017-01-03,CA,Commercial,2019-07-12
P03829,F,1962-12-04,TX,Medicaid,2023-05-14
P03830,M,1950-07-14,TX,Medicare,2023-04-30
P03831,M,1992-01-01,IL,Commercial,2020-07-09
P03832,M,1951-08-02,TX,Medicare,2023-09-30
P03833,M,1974-03-07,OH,Commercial,2021-11-10
P03834,M,2019-07-02,PA,Commercial,2021-07-11
P03835,F,2004-10-05,IL,Commercial,2022-01-17
P03836,F,1987-08-11,TX,Commercial,2021-05-04
P03837,M,1949-11-28,OH,Medicare,2023-06-08
P03838,M,2002-05-29,TX,Commercial,2022-09-02
P03839,F,1938-12-30,IL,Medicare,2023-12-23
P03840,F,1962-08-26,FL,Commercial,2019-03-14
P03841,M,1946-12-09,CA,Medicare,2019-11-05
P03842,M,1953-10-05,NY,Medicare,2022-09-25
P03843,M,1942-12-07,PA,Medicare,2023-10-27
P03844,M,1945-01-27,GA,Medicare,2022-08-26
P03845,F,1995-03-26,FL,Medicaid,2019-03-24
P03846,M,1943-01-28,PA,Medicare,2019-12-13
P03847,M,1940-04-26,TX,Medicare,2020-09-16
P03848,M,1957-07-03,TX,Medicare,2019-05-23
P03849,M,1973-10-29,FL,Commercial,2023-02-13
P03850,M,1980-01-15,IL,Commercial,2021-04-28
P03851,F,2023-02-01,CA,Commercial,2020-01-14
P03852,M,1990-08-02,NC,Commercial,2023-11-28
P03853,M,1961-10-10,IL,Commercial,2021-10-30
P03854,F,1998-08-12,PA,Commercial,2022-03-24
P03855,M,1940-08-10,NY,Medicare,2023-02-13
P03856,F,2002-01-31,FL,Commercial,2022-11-19
P03857,M,2011-12-08,NC,Medicaid,2019-03-02
P03858,F,1978-05-14,CA,Commercial,2021-06-13
P03859,F,1946-03-26,FL,Medicare,2023-08-06
P03860,F,1985-03-28,IL,Commercial,2020-08-04
P03861,M,1985-10-22,TX,Commercial,2021-01-18
P03862,F,1968-08-03,TX,Commercial,2022-01-15
P03863,M,1938-08-29,NY,Medicare,2022-01-07
P03864,M,1988-08-05,IL,Commercial,2021-04-26
P03865,F,2020-11-30,FL,Medicaid,2019-05-12
P03866,F,1986-12-01,TX,Commercial,2020-03-16
P03867,F,1957-12-23,NY,Medicare,2022-01-01
P03868,M,1992-01-14,AZ,Commercial,2022-10-09
P03869,M,1952-08-01,TX,Medicare,2023-06-17
P03870,F,1974-10-09,TX,Commercial,2023-01-09
P03871,F,1995-03-16,IL,Commercial,2023-04-26
P03872,M,1997-07-04,NC,Commercial,2019-12-23
P03873,F,1992-08-20,FL,Commercial,2021-02-15
P03874,F,1968-11-20,FL,Commercial,2023-10-26
P03875,F,1992-08-13,CA,Medicaid,2019-05-17
P03876,M,2002-05-09,NY,Commercial,2023-04-02
P03877,F,1985-05-18,FL,Commercial,2020-10-11
P03878,M,1978-08-11,NY,Medicaid,2023-12-10
P03879,F,1964-05-22,IL,Commercial,2021-01-22
P03880,F,1965-03-26,OH,Commercial,2021-03-24
P03881,M,1942-01-26,CA,Medicare,2019-06-18
P03882,F,1974-06-22,FL,Medicaid,2021-01-01
P03883,F,1938-10-09,TX,Medicare,2021-07-23
P03884,F,2001-11-14,AZ,Commercial,2021-05-07
P03885,M,1987-11-05,CA,Medicaid,2020-11-02
P03886,M,1978-12-28,GA,Commercial,2021-12-06
P03887,M,1990-06-11,NC,Medicaid,2020-06-08
P03888,F,2010-10-15,FL,Medicaid,2021-05-11
P03889,F,2023-10-11,TX,Medicaid,2019-02-28
P03890,F,2020-04-11,GA,Commercial,2023-01-13
P03891,F,1996-09-06,IL,Commercial,2020-05-11
P03892,Female,1958-03-04,NC,Medicare,2019-11-16
P03893,F,1939-11-12,NY,Medicare,2020-05-31
P03894,M,1937-08-29,TX,Medicare,2019-02-07
P03895,M,1977-12-13,PA,Medicaid,2021-10-31
P03896,M,1952-06-19,FL,Medicare,2021-04-20
P03897,M,1966-11-16,FL,Commercial,2023-03-27
P03898,F,1962-10-05,PA,Commercial,2022-02-17
P03899,M,1968-04-07,PA,Commercial,2023-03-16
P03900,F,1995-02-14,GA,Commercial,2020-01-17
P03901,M,2010-06-15,FL,Commercial,2020-02-04
P03902,F,1965-01-13,NC,Medicaid,2023-01-14
P03903,M,1943-03-31,FL,Medicare,2019-12-28
P03904,M,1933-04-01,CA,Medicare,2022-05-26
P03905,F,1961-01-04,NC,Commercial,2020-05-10
P03906,F,1937-11-29,CA,Medicare,2019-04-22
P03907,M,1990-10-08,TX,Medicaid,2019-11-10
P03908,F,1969-07-25,PA,Medicaid,2023-01-27
P03909,F,1951-05-21,IL,Medicare,2023-02-07
P03910,F,1960-01-05,NC,Medicaid,2023-06-11
P03911,F,1942-11-25,,Medicare,2019-10-18
P03912,Male,1983-10-10,AZ,Commercial,2021-04-09
P03913,M,1970-09-14,NY,Medicaid,2023-03-23
P03914,M,2009-05-01,FL,Commercial,2021-01-24
P03915,F,2009-01-18,FL,Commercial,2021-05-09
P03916,M,1998-01-23,TX,Commercial,2021-01-07
P03917,M,1957-04-03,FL,Medicare,2020-10-30
P03918,F,1947-03-25,OH,Medicare,2023-03-07
P03919,M,1955-08-03,FL,Medicare,2022-01-25
P03920,F,2013-05-23,TX,Commercial,2020-05-25
P03921,F,2002-10-30,PA,Commercial,2019-06-17
P03922,M,1963-07-01,FL,Medicaid,2022-10-16
P03923,M,1985-09-16,CA,Commercial,2021-02-23
P03924,M,2010-01-26,IL,Medicaid,2019-04-07
P03925,F,1984-08-19,FL,Commercial,2020-12-30
P03926,F,1955-08-10,TX,Medicare,2022-11-11
P03927,F,1956-08-06,FL,Medicare,2021-01-31
P03928, f,1992-02-07,NC,Medicaid,2023-12-01
P03929,F,1984-01-26,TX,Commercial,2021-07-23
P03930,M,1969-07-27,IL,Medicaid,2021-03-01
P03931,M,1944-01-03,NC,Medicare,2023-09-20
P03932,F,1958-03-30,CA,Medicare,2022-12-27
P03933,F,1956-02-27,,Medicare,2019-01-23
P03934,F,1996-02-01,FL,Commercial,2020-11-10
P03935,M,1992-09-01,OH,Commercial,2021-09-17
P03936,F,1978-06-14,NC,Commercial,2022-11-09
P03937,F,2019-09-19,NC,Commercial,2023-05-20
P03938,F,1954-09-09,CA,Medicare,2021-11-11
P03939,F,2008-07-15,FL,Commercial,2021-04-11
P03940,F,1971-12-14,PA,Commercial,2023-02-08
P03941,M,1970-10-14,CA,Commercial,2020-01-01
P03942,F,1970-03-11,OH,Commercial,2021-11-10
P03943,F,2017-11-01,PA,Commercial,2023-09-22
P03944,F,1956-05-18,CA,Medicare,2023-04-27
P03945,F,2003-03-28,AZ,Commercial,2019-09-12
P03946,Male,2022-09-26,FL,Medicaid,2022-04-25
P03947,M,2007-07-18,FL,Commercial,2022-02-20
P03948,F,1995-02-15,TX,Commercial,2023-01-03
P03949,M,1966-03-02,GA,Medicaid,2019-12-19
P03950,F,2012-01-31,CA,Commercial,2019-12-04
P03951,F,1968-05-16,GA,Commercial,2022-10-16
P03952,F,1970-02-11,NC,Medicaid,2020-05-10
P03953,M,2013-08-08,IL,Medicaid,2021-09-28
P03954,M,1940-05-26,OH,Medicare,2023-03-03
P03955,F,1994-05-02,TX,Commercial,2020-01-10
P03956,M,1937-01-09,AZ,Medicare,2023-08-03
P03957,F,1972-08-19,OH,Medicaid,2019-08-20
P03958,F,1960-02-16,PA,Medicaid,2023-11-16
P03959,F,2003-06-30,GA,Commercial,2022-05-22
P03960,F,1964-11-23,NC,Commercial,2022-11-14
P03961,F,1961-05-06,FL,Commercial,2022-10-29
P03962,M,1985-01-07,GA,Commercial,2021-08-08
P03963,F,1941-07-19,FL,Medicare,2020-03-31
P03964,F,2006-06-14,NC,Commercial,2022-01-02
P03965,F,2015-01-28,FL,Commercial,2021-06-04
P03966, f,1971-01-31,NY,Commercial,2019-02-24
P03967,F,2003-08-08,CA,Commercial,2021-07-07
P03968, f,1978-03-29,TX,Commercial,2020-01-17
P03969,F,2006-05-15,TX,Commercial,2022-01-29
P03970,F,1960-05-09,PA,Commercial,2023-08-12
P03971,F,1973-04-13,IL,Medicaid,2022-09-22
P03972,M,1999-09-04,PA,Commercial,2023-03-17
P03973,M,1942-09-11,OH,Medicare,2019-06-21
P03974,F,2020-12-22,GA,Commercial,2023-11-14
P03975,M,2015-02-23,FL,Commercial,2019-11-23
P03976,M,1959-09-22,NY,Commercial,2023-04-24
P03977,M,1970-04-29,IL,Commercial,2023-04-02
P03978,M,1969-04-25,GA,Commercial,2021-05-10
P03979,F,1982-04-19,GA,Commercial,2023-08-07
P03980,M,1950-02-19,OH,Medicare,2023-08-14
P03981,F,2017-02-18,CA,Commercial,2020-02-16
P03982,F,1976-12-31,TX,Commercial,2023-09-14
P03983,M,1946-02-28,PA,Medicare,2021-01-07
P03984,M ,2023-10-18,CA,Commercial,2023-05-31
P03985, f,2022-05-10,IL,Commercial,2023-07-29
P03986,M,1987-05-01,TX,Commercial,2020-08-28
P03987,M,1969-12-12,NY,Commercial,2022-01-16
P03988,M,2000-09-19,FL,Commercial,2023-11-27
P03989,M,1959-02-03,TX,Medicaid,2020-08-06
P03990,M,1999-11-11,FL,Medicaid,2019-02-27
P03991,M,1976-10-08,FL,Medicaid,2021-03-14
P03992,M,2008-12-02,GA,Commercial,2022-02-06
P03993,F,1984-11-01,NY,Commercial,2019-10-15
P03994,Male,2006-05-13,GA,Commercial,2022-04-27
P03995,M,1973-02-27,FL,Commercial,2020-12-09
P03996,M,1994-05-28,NY,Commercial,2021-08-18
P03997,F,2021-09-19,FL,Commercial,2020-05-16
P03998, f,2007-02-22,FL,Commercial,2021-05-31
P03999,F,2001-08-19,AZ,Commercial,2021-08-05
P04000, f,1993-09-08,NY,Commercial,2021-11-26
P04001,M ,1958-06-30,OH,Medicare,2022-07-11
P04002,M,1986-11-12,FL,Commercial,2021-07-28
P04003,M,1961-08-23,NY,Medicaid,2023-09-13
P04004,F,1977-03-15,FL,Commercial,2022-04-21
P04005,M,1944-05-23,TX,Medicare,2023-08-15
P04006,M,1979-01-06,PA,Commercial,2022-05-24
P04007,M,1961-03-23,IL,Commercial,2022-03-31
P04008,Female,2008-08-22,NY,Commercial,2023-11-13
P04009,M,2008-03-27,GA,Commercial,2022-07-10
P04010,F,1951-02-20,NC,Medicare,2020-08-23
P04011,F,1969-05-15,CA,Commercial,2019-02-26
P04012,M,1969-03-28,NY,Commercial,2020-12-01
P04013,M,1997-07-01,NY,Medicaid,2020-06-11
P04014,F,1967-02-03,NY,Commercial,2020-08-29
P04015,M,1953-10-06,TX,Medicare,2019-04-14
P04016,M,1933-07-30,NY,Medicare,2019-04-20
P04017,M,1964-09-30,FL,Commercial,2023-06-07
P04018,F,1961-11-25,CA,Commercial,2021-08-21
P04019,F,1998-05-21,NY,Commercial,2019-06-20
P04020,M,1950-11-18,TX,Medicare,2019-08-06
P04021,M,2013-10-10,TX,Commercial,2021-05-01
P04022,F,1965-03-28,CA,Commercial,2021-10-13
P04023,F,2003-10-06,NY,Commercial,2023-09-17
P04024,F,1994-02-19,FL,Medicaid,2021-08-13
P04025,F,1958-12-14,TX,Medicare,2021-06-21
P04026,Male,1972-07-18,FL,Medicaid,2020-11-02
P04027,F,1956-12-07,TX,Medicare,2021-05-24
P04028,F,1954-12-10,NY,Medicare,2022-12-03
P04029,F,1977-03-18,TX,Commercial,2019-03-02
P04030,M,1972-12-07,TX,Medicaid,2022-12-01
P04031,F,1935-02-10,GA,Medicare,2022-02-02
P04032,F,1996-05-27,TX,Commercial,2021-06-15
P04033,M,1933-07-08,FL,Medicare,2022-07-15
P04034,M,1942-01-30,AZ,Medicare,2023-08-29
P04035,F,1983-08-13,CA,Commercial,2020-12-12
P04036,F,2005-08-08,CA,Commercial,2022-10-27
P04037,M,1992-08-04,FL,Commercial,2019-08-11
P04038,F,2000-05-08,IL,Medicaid,2020-01-15
P04039,M,2007-02-26,CA,Commercial,2021-11-11
P04040,M,1970-06-17,TX,Medicaid,2021-09-07
P04041,F,1974-09-20,NC,Commercial,2019-04-04
P04042,M,1954-02-10,TX,Medicare,2023-11-14
P04043,M,2018-05-27,IL,Commercial,2022-02-09
P04044,F,2007-03-04,FL,Medicaid,2023-09-13
P04045,F,2009-07-27,PA,Commercial,2023-04-24
P04046,M,1977-10-20,AZ,Commercial,2019-05-29
P04047,M,1965-01-21,NY,Commercial,2023-06-30
P04048,F,1999-04-29,PA,Commercial,2019-03-22
P04049,F,2002-09-10,FL,Commercial,2020-02-01
P04050,M,1953-02-25,CA,Medicare,2020-10-18
P04051,F,1959-12-29,TX,Medicaid,2020-04-17
P04052,F,1955-01-27,TX,Medicare,2023-01-29
P04053,F,1954-06-03,NY,Medicare,2023-06-02
P04054,M,1990-05-30,CA,Commercial,2022-03-01
P04055,Male,1964-12-27,CA,Medicaid,2020-03-07
P04056,female,1976-10-28,GA,Medicaid,2022-06-23
P04057,F,1990-04-12,TX,Commercial,2023-02-15
P04058,M,1976-06-11,GA,Medicaid,2020-01-30
P04059,M,2023-11-16,CA,Commercial,2020-10-31
P04060,F,1975-05-03,FL,Medicaid,2021-04-26
P04061,F,2017-04-03,TX,Medicaid,2021-12-10
P04062,M,1944-09-23,AZ,Medicare,2020-02-09
P04063,F,2001-04-24,AZ,Commercial,2020-05-01
P04064,F,1939-01-11,NY,Medicare,2022-03-15
P04065,male,2008-07-08,GA,Commercial,2023-05-10
P04066,M,1940-10-09,CA,Medicare,2019-08-29
P04067,F,1966-01-14,NY,Commercial,2023-04-27
P04068,Male,1956-02-03,FL,Medicare,2021-11-09
P04069,M,1975-07-19,AZ,Medicaid,2019-07-11
P04070,Male,1986-07-29,TX,Commercial,2021-12-01
P04071,M,1983-03-03,TX,Commercial,2019-11-06
P04072,M,1934-12-31,NY,Medicare,2021-07-23
P04073,F,1980-09-09,IL,Commercial,2020-04-12
P04074,F,1964-06-16,OH,Commercial,2021-01-16
P04075,M,1972-05-07,GA,Commercial,2022-08-08
P04076,F,2004-05-16,NC,Commercial,2019-07-15
P04077,M,1940-08-18,PA,Medicare,2021-08-31
P04078,F,1945-02-17,NC,Medicare,2021-09-18
P04079,M,1999-05-09,FL,Commercial,2020-09-17
P04080,M,2003-06-18,NY,Commercial,2019-05-10
P04081,F,2016-01-24,PA,Commercial,2019-08-25
P04082,M,1988-11-27,FL,Commercial,2022-01-13
P04083,M,1953-04-16,NY,Medicare,2022-11-05
P04084,M,1970-01-27,NC,Commercial,2022-05-19
P04085,M,1950-05-04,CA,Medicare,2022-09-09
P04086,F,1976-06-08,FL,Medicaid,2022-07-12
P04087, f,1949-08-20,GA,Medicare,2021-11-06
P04088,F,1941-09-23,CA,Medicare,2023-11-24
P04089,female,1960-06-15,GA,Commercial,2021-05-04
P04090,F,1971-02-07,TX,Commercial,2019-10-05
P04091,M,2001-07-16,TX,Commercial,2021-11-07
P04092,M,1946-11-17,FL,Medicare,2023-08-10
P04093,F,2023-07-09,NY,Medicaid,2022-01-20
P04094,F,1959-11-27,AZ,Commercial,2022-05-01
P04095,F,1976-01-25,TX,Commercial,2021-01-12
P04096,F,1963-06-20,GA,Commercial,2022-10-01
P04097,M,1933-10-14,GA,Medicare,2022-07-01
P04098,F,1933-05-17,NY,Medicare,2020-04-13
P04099,M,1958-06-18,NY,Medicare,2023-02-15
P04100,M,2020-06-28,PA,Medicaid,2019-05-06
P04101,M,1972-05-29,CA,Commercial,2022-07-07
P04102,M,1958-01-26,TX,Medicare,2019-12-03
P04103,M,1942-02-22,TX,Medicare,2023-08-05
P04104,F,1969-09-27,CA,Commercial,2022-05-28
P04105,F,1992-10-05,GA,Medicaid,2022-02-12
P04106,F,1962-01-04,TX,Commercial,2021-09-22
P04107,F,1937-05-10,GA,Medicare,2023-07-18
P04108,F,1948-12-24,NY,Medicare,2022-10-08
P04109,M,2015-06-22,CA,Medicaid,2019-08-15
P04110,F,1937-11-18,PA,Medicare,2019-05-21
P04111,F,2012-12-21,GA,Commercial,2021-10-19
P04112,F,2020-10-25,IL,Medicaid,2023-05-30
P04113,F,1941-09-30,NY,Medicare,2022-08-17
P04114,M,1958-12-02,NC,Medicare,2019-03-31
P04115,F,1935-03-03,CA,Medicare,2019-05-31
P04116,F,1999-07-26,PA,Commercial,2019-12-09
P04117,F,1939-06-14,NC,Medicare,2019-09-10
P04118,M,2016-02-20,FL,Medicaid,2020-06-12
P04119,F,1964-03-01,TX,Commercial,2020-11-20
P04120,M,2017-03-07,IL,Commercial,2020-02-19
P04121,M,1998-10-21,NY,Medicaid,2020-10-09
P04122,F,1936-04-04,PA,Medicare,2022-04-22
P04123,F,1963-01-03,PA,Medicaid,2020-10-18
P04124,M,2010-12-29,TX,Commercial,2022-07-11
P04125,F,1998-02-18,PA,Medicaid,2020-11-17
P04126,M,1975-02-20,TX,Commercial,2022-02-04
P04127,M,1947-02-28,FL,Medicare,2021-07-26
P04128,F,1999-08-10,NC,Commercial,2023-02-04
P04129,F,1951-10-21,PA,Medicare,2019-03-22
P04130,M,1995-04-09,NY,Medicaid,2020-04-09
P04131,M,1942-05-18,FL,Medicare,2023-06-20
P04132,F,1934-04-10,CA,Medicare,2021-08-18
P04133,M,2000-09-29,NC,Commercial,2021-09-24
P04134,F,1948-10-28,CA,Medicare,2019-07-30
P04135,M,1951-02-06,TX,Medicare,2020-03-24
P04136,M,1974-06-26,TX,Commercial,2019-08-12
P04137,F,1954-02-24,CA,Medicare,2021-09-02
P04138,F,1982-01-27,FL,Medicaid,2023-03-23
P04139,F,1951-07-18,PA,Medicare,2020-05-25
P04140,M,1956-09-26,FL,Medicare,2022-11-28
P04141,F,1993-02-08,NY,Commercial,2020-10-27
P04142,F,1945-04-15,PA,Medicare,2021-12-13
P04143,M,2020-05-02,NY,Commercial,2022-04-03
P04144,F,1979-01-17,OH,Commercial,2023-05-30
P04145, f,1975-10-04,GA,Commercial,2020-01-02
P04146,M,1991-08-23,NY,Commercial,2020-07-22
P04147,M,2021-12-17,NC,Commercial,2022-04-17
P04148,M,1938-08-12,IL,Medicare,2020-04-25
P04149,F,1973-07-22,CA,Commercial,2019-01-27
P04150,M,1994-07-19,GA,Commercial,2020-05-25
P04151,M,2017-11-06,FL,Commercial,2019-04-05
P04152,F,1939-03-12,PA,Medicare,2021-08-26
P04153,Male,1959-07-07,CA,Commercial,2022-02-13
P04154,Female,2006-07-24,FL,Commercial,2019-10-16
P04155,F,1944-02-20,NY,Medicare,2020-09-09
P04156,M,2000-07-07,FL,Commercial,2020-12-22
P04157,F,1977-02-09,FL,Medicaid,2020-10-17
P04158,M,1996-10-11,IL,Commercial,2019-01-14
P04159,F,1999-02-25,CA,Commercial,2020-07-26
P04160,F,1986-01-05,GA,Commercial,2019-12-05
P04161,F,1949-04-02,IL,Medicare,2023-10-28
P04162,F,1991-02-10,AZ,Commercial,2020-05-23
P04163,M,2007-04-06,IL,Medicaid,2022-06-01
P04164,M,2016-05-26,OH,Commercial,2023-05-21
P04165,M ,1942-03-28,AZ,Medicare,2022-08-15
P04166,F,2001-01-15,FL,Commercial,2019-11-04
P04167,F,1984-05-25,PA,Commercial,2019-12-01
P04168,Female,1999-04-26,TX,Commercial,2022-06-23
P04169,F,1955-12-04,FL,Medicare,2023-01-16
P04170,F,1978-01-15,FL,Commercial,2021-11-28
P04171,F,1997-03-23,FL,Medicaid,2022-05-06
P04172,F,1937-11-03,OH,Medicare,2021-09-09
P04173,M,1975-09-18,IL,Medicaid,2020-02-01
P04174,F,2023-10-11,FL,Commercial,2022-05-07
P04175,F,1935-09-07,PA,Medicare,2023-02-19
P04176,F,1937-02-11,OH,Medicare,2023-06-18
P04177,M,1940-07-15,FL,Medicare,2020-07-30
P04178,M,1991-08-01,NC,Medicaid,2023-01-03
P04179,female,1954-03-22,FL,Medicare,2022-11-27
P04180,M,2011-08-19,GA,Medicaid,2019-12-27
P04181,M,1941-02-11,NY,Medicare,2023-07-16
P04182,F,1991-04-01,IL,Commercial,2020-09-28
P04183,F,1938-09-29,FL,Medicare,2023-12-12
P04184,male,1986-05-15,TX,Commercial,2019-04-17
P04185,F,1999-07-09,CA,Medicaid,2020-06-08
P04186,F,1963-08-29,OH,Medicaid,2019-11-25
P04187,M,1959-02-05,IL,Commercial,2020-09-02
P04188,F,1981-08-08,NY,Commercial,2021-12-28
P04189,M,1987-11-20,PA,Commercial,2019-01-11
P04190,M,2021-08-04,CA,Commercial,2020-01-28
P04191,M,1983-06-27,GA,Commercial,2023-07-23
P04192,M,1941-11-15,CA,Medicare,2021-02-14
P04193,M,1939-04-05,TX,Medicare,2021-04-16
P04194,F,1972-10-09,NC,Medicaid,2022-07-28
P04195,M,2021-11-28,GA,Commercial,2021-09-21
P04196,F,1933-06-18,GA,Medicare,2019-02-17
P04197,Female,1973-11-03,IL,Commercial,2023-07-28
P04198,M,1963-03-22,IL,Medicaid,2019-05-13
P04199,M,1990-12-07,NY,Commercial,2020-07-02
P04200,F,1989-08-01,OH,Commercial,2023-06-11
P04201,F,1961-12-13,AZ,Commercial,2022-06-23
P04202,F,2017-08-14,FL,Medicaid,2019-10-23
P04203,M,1992-01-26,CA,Commercial,2020-06-26
P04204,F,1938-05-08,GA,Medicare,2023-08-13
P04205,F,1948-06-19,OH,Medicare,2023-04-07
P04206,F,1934-11-04,FL,Medicare,2019-05-12
P04207,M,1985-09-08,OH,Commercial,2023-03-20
P04208,M,1959-08-16,GA,Commercial,2020-11-18
P04209,M,1991-06-04,NY,Commercial,2019-01-11
P04210,M,1967-10-18,PA,Commercial,2023-03-03
P04211,F,1956-01-02,FL,Medicare,2023-10-12
P04212,F,2003-05-09,IL,Commercial,2019-12-02
P04213,F,2006-09-09,GA,Commercial,2019-04-04
P04214,F,1974-11-20,NY,Commercial,2021-06-04
P04215,M,1954-05-28,NC,Medicare,2022-11-02
P04216,F,2009-07-21,FL,Commercial,2023-09-15
P04217,M,1946-04-30,CA,Medicare,2019-06-13
P04218,F,1999-05-29,NY,Commercial,2020-01-05
P04219,F,2014-05-12,CA,Medicaid,2019-07-11
P04220,M,1949-03-02,NC,Medicare,2020-01-24
P04221,M,1968-06-23,TX,Commercial,2021-11-02
P04222, f,1961-04-11,GA,Commercial,2021-08-05
P04223,M,2008-08-22,FL,Commercial,2022-02-03
P04224,M,1995-01-22,IL,Commercial,2020-05-07
P04225,F,1991-08-06,TX,Commercial,2023-07-03
P04226,Female,1991-04-28,GA,Medicaid,2023-10-20
P04227,M,1947-01-02,FL,Medicare,2019-03-14
P04228,F,2009-08-26,OH,Commercial,2022-05-31
P04229,F,1947-11-25,NY,Medicare,2023-10-30
P04230,F,1997-10-08,FL,Commercial,2020-08-21
P04231,M,2018-10-04,IL,Medicaid,2022-01-03
P04232,M,2019-12-12,IL,Commercial,2022-11-07
P04233,F,1942-06-16,IL,Medicare,2021-10-30
P04234,M ,1934-09-21,CA,Medicare,2021-10-01
P04235,male,1988-11-26,TX,Commercial,2020-12-11
P04236,F,2022-11-12,FL,Commercial,2019-05-07
P04237,M,1969-09-23,TX,Commercial,2019-08-08
P04238,M,1979-08-20,CA,Medicaid,2019-11-15
P04239,M,1947-01-11,GA,Medicare,2021-07-17
P04240,M,1950-04-19,NY,Medicare,2021-03-19
P04241,F,1958-04-15,CA,Medicare,2023-05-05
P04242,F,1993-04-23,,Medicaid,2021-02-13
P04243,F,2014-03-13,FL,Commercial,2020-08-24
P04244,M,1953-09-06,PA,Medicare,2019-07-28
P04245,F,1950-11-25,NY,Medicare,2023-10-09
P04246,M,1997-06-29,CA,Commercial,2019-09-09
P04247,M,2001-12-31,IL,Medicaid,2021-05-30
P04248,F,1988-10-13,FL,Commercial,2023-07-24
P04249,M,2002-04-01,IL,Commercial,2019-01-10
P04250,F,1982-07-01,OH,Medicaid,2021-09-04
P04251,F,1991-04-24,AZ,Commercial,2021-12-12
P04252,male,1962-06-28,TX,Commercial,2023-01-18
P04253,F,1970-06-16,FL,Commercial,2023-08-21
P04254,F,1958-09-13,FL,Medicare,2023-08-03
P04255,M,2021-10-13,OH,Medicaid,2022-09-01
P04256,M,1985-09-28,FL,Commercial,2022-07-17
P04257,M,2002-03-15,TX,Commercial,2021-09-08
P04258,F,1965-01-08,AZ,Commercial,2020-12-13
P04259,F,1997-12-02,NY,Medicaid,2019-01-17
P04260,F,2005-06-18,GA,Commercial,2020-01-13
P04261,F,2001-07-13,OH,Medicaid,2021-07-29
P04262,M,1967-06-10,GA,Medicaid,2019-06-11
P04263,female,2016-10-07,NY,Commercial,2021-03-20
P04264,M,1961-12-29,FL,Medicaid,2021-11-21
P04265,F,1946-10-18,NY,Medicare,2022-12-01
P04266,M,1946-10-26,FL,Medicare,2021-11-22
P04267,F,1988-12-12,OH,Commercial,2023-10-19
P04268,F,1986-08-23,TX,Medicaid,2023-03-28
P04269,F,1950-04-26,TX,Medicare,2019-04-13
P04270,M,1944-01-14,AZ,Medicare,2023-01-11
P04271,M,1981-05-06,PA,Medicaid,2021-03-03
P04272,M,1992-10-29,CA,Commercial,2023-06-28
P04273,F,1994-08-21,IL,Medicaid,2020-12-30
P04274,M,1985-09-12,GA,Medicaid,2019-02-15
P04275,M,1993-10-15,CA,Commercial,2021-09-18
P04276,F,1960-01-05,IL,Commercial,2023-05-14
P04277,M,2021-05-06,CA,Commercial,2023-11-21
P04278,M,2007-07-10,TX,Medicaid,2020-03-22
P04279,M,1968-07-25,PA,Commercial,2023-06-28
P04280,M,1957-09-06,FL,Medicare,2022-06-01
P04281,F,2001-08-01,FL,Commercial,2019-10-15
P04282,F,1991-05-15,NC,Commercial,2021-04-26
P04283,F,1949-01-27,FL,Medicare,2019-08-22
P04284,F,2012-07-03,FL,Commercial,2019-08-23
P04285,F,1962-10-25,TX,Medicaid,2020-09-12
P04286,F,1982-01-16,TX,Commercial,2019-04-29
P04287,M,2021-09-08,NY,Medicaid,2023-10-27
P04288,M,1972-12-01,,Commercial,2022-10-20
P04289,M,1997-06-16,CA,Medicaid,2022-08-14
P04290,M,1945-03-18,NC,Medicare,2019-06-13
P04291,F,1968-09-28,FL,Commercial,2020-11-23
P04292,F,1969-09-21,TX,Commercial,2022-09-29
P04293,Male,2015-09-18,AZ,Commercial,2022-12-17
P04294,M,1958-03-12,TX,Medicare,2019-12-25
P04295,F,2006-01-16,GA,Medicaid,2019-09-17
P04296,M,1964-02-26,AZ,Commercial,2023-12-05
P04297,F,1973-10-10,TX,Commercial,2022-03-06
P04298,M,1948-02-26,NY,Medicare,2021-04-30
P04299,M,1940-09-09,GA,Medicare,2022-10-30
P04300,F,1941-02-18,CA,Medicare,2020-05-17
P04301,M,1987-01-05,GA,Commercial,2020-03-19
P04302,F,1946-04-13,CA,Medicare,2019-10-23
P04303,F,1995-01-18,OH,Medicaid,2020-01-28
P04304,F,1995-11-11,CA,Commercial,2019-10-19
P04305,M,2004-05-06,FL,Commercial,2022-03-05
P04306,M,1964-12-13,FL,Commercial,2022-07-05
P04307,M,1955-05-08,PA,Medicare,2022-06-04
P04308,M,2020-08-29,IL,Commercial,2019-09-28
P04309,F,1963-01-12,FL,Medicaid,2020-10-04
P04310,M,1949-07-04,TX,Medicare,2022-05-21
P04311,F,1956-03-28,CA,Medicare,2020-05-25
P04312,M,1950-09-12,PA,Medicare,2022-11-01
P04313,F,1985-12-04,IL,Commercial,2022-09-02
P04314,M,1975-04-06,NC,Medicaid,2023-12-30
P04315,M,1979-10-13,FL,Commercial,2019-03-05
P04316,F,1938-04-12,OH,Medicare,2022-10-28
P04317,M,1996-07-15,PA,Medicaid,2020-03-30
P04318,M,1950-01-11,TX,Medicare,2023-05-30
P04319,F,1960-08-25,NY,Medicaid,2023-10-28
P04320,F,1962-08-07,FL,Commercial,2020-08-18
P04321,male,2014-04-05,TX,Medicaid,2023-07-06
P04322,F,1955-03-21,PA,Medicare,2023-04-12
P04323,F,1958-11-16,FL,Medicare,2022-05-09
P04324,M ,1983-04-06,OH,Commercial,2021-01-28
P04325,M,1981-07-05,FL,Commercial,2023-11-29
P04326,F,1949-01-05,GA,Medicare,2023-05-16
P04327,M,1989-05-15,CA,Commercial,2022-04-25
P04328,M ,1944-03-24,FL,Medicare,2020-06-25
P04329,M,1965-08-28,NC,Medicaid,2023-07-08
P04330,F,2017-09-19,TX,Medicaid,2022-07-29
P04331,F,1982-03-20,OH,Commercial,2023-01-15
P04332,F,2000-12-26,AZ,Medicaid,2022-06-17
P04333,M,1965-06-03,TX,Commercial,2022-09-18
P04334,M,1988-01-13,FL,Commercial,2020-10-20
P04335,M,1984-01-05,PA,Medicaid,2023-09-01
P04336,F,1974-04-14,GA,Commercial,2019-04-24
P04337,F,2008-07-03,FL,Commercial,2022-10-12
P04338,M,1988-03-10,PA,Commercial,2019-01-18
P04339,F,1955-12-27,GA,Medicare,2020-05-10
P04340,M,1973-03-17,CA,Medicaid,2022-03-20
P04341,M,2009-10-23,GA,Commercial,2022-06-29
P04342,M,1969-04-07,NC,Commercial,2019-04-10
P04343,F,1934-08-26,CA,Medicare,2019-01-09
P04344,M,2006-04-01,NY,Commercial,2020-12-10
P04345,female,1937-05-25,CA,Medicare,2023-10-08
P04346,F,1983-01-27,GA,Medicaid,2019-06-22
P04347,F,1933-03-19,FL,Medicare,2021-08-14
P04348,F,1987-02-02,OH,Medicaid,2023-11-12
P04349,F,1952-11-06,IL,Medicare,2019-12-30
P04350,F,2009-08-15,OH,Medicaid,2023-11-02
P04351,F,2004-07-25,NC,Commercial,2022-02-22
P04352,F,1992-12-20,NY,Commercial,2023-08-18
P04353,F,1948-12-23,CA,Medicare,2021-10-26
P04354,M,1988-12-17,NC,Commercial,2019-12-25
P04355,F,1976-03-26,FL,Medicaid,2023-05-11
P04356,F,1939-07-22,TX,Medicare,2023-04-25
P04357,F,1966-04-01,GA,Medicaid,2019-03-23
P04358,F,1994-03-02,TX,Commercial,2023-02-13
P04359,M,1994-12-18,OH,Commercial,2023-06-10
P04360,M,1941-02-25,,Medicare,2021-01-28
P04361,female,2018-10-10,NC,Commercial,2022-08-15
P04362,F,1936-08-06,AZ,Medicare,2019-03-21
P04363,F,1950-01-14,IL,Medicare,2023-03-09
P04364,F,1969-09-12,PA,Medicaid,2021-03-03
P04365,M,1936-01-23,PA,Medicare,2019-05-27
P04366,M,1986-06-30,TX,Commercial,2020-05-05
P04367,M,1971-12-28,NC,Commercial,2023-11-10
P04368,M,1957-03-03,NC,Medicare,2023-01-24
P04369,M,2013-12-15,AZ,Commercial,2023-05-18
P04370,F,1964-05-13,CA,Commercial,2019-06-08
P04371,M,1988-07-17,TX,Commercial,2022-12-29
P04372,M,2013-11-10,PA,Commercial,2023-09-22
P04373,F,1940-06-27,OH,Medicare,2022-02-02
P04374,M,2002-08-21,FL,Commercial,2022-08-03
P04375,F,1933-11-26,CA,Medicare,2023-03-09
P04376,F,1995-06-13,CA,Commercial,2021-09-25
P04377,M,1950-12-15,CA,Medicare,2019-07-03
P04378,F,1976-06-18,IL,Commercial,2022-11-15
P04379, f,1964-10-10,CA,Medicaid,2019-02-05
P04380,F,1969-03-03,PA,Commercial,2020-09-07
P04381,M,1956-01-20,TX,Medicare,2022-02-03
P04382,M,2020-01-26,FL,Commercial,2020-08-11
P04383,M ,2014-01-23,,Commercial,2022-04-06
P04384,M,1972-11-25,NY,Commercial,2022-12-11
P04385,F,2001-06-28,PA,Medicaid,2022-10-30
P04386,M,1977-10-11,CA,Medicaid,2023-12-17
P04387,F,1994-11-26,NY,Commercial,2020-10-05
P04388,F,1965-08-10,NY,Commercial,2023-08-19
P04389,M,1938-07-28,AZ,Medicare,2023-01-04
P04390,F,1958-09-14,FL,Medicare,2024-01-01
P04391,M,2007-11-21,GA,Commercial,2023-09-05
P04392,F,1935-08-05,CA,Medicare,2019-06-24
P04393,M,1948-11-05,NC,Medicare,2023-11-19
P04394,F,1956-12-17,TX,Medicare,2020-11-23
P04395,M,2008-07-20,FL,Commercial,2022-05-13
P04396,M,2003-12-08,NY,Commercial,2023-04-24
P04397,F,2013-01-13,FL,Commercial,2022-07-04
P04398,M,1942-02-28,FL,Medicare,2023-07-17
P04399,M,2010-01-28,TX,Commercial,2022-06-09
P04400,female,1937-11-24,FL,Medicare,2019-12-01
P04401,M,1938-07-15,TX,Medicare,2020-11-25
P04402,F,1942-03-06,OH,Medicare,2019-12-13
P04403,M,1983-06-05,FL,Commercial,2020-07-09
P04404,F,1964-09-11,NY,Commercial,2019-05-15
P04405,M,1961-03-03,NY,Commercial,2023-06-18
P04406,F,1948-09-10,FL,Medicare,2023-03-17
P04407,M,1994-01-10,NC,Medicaid,2021-12-12
P04408,M,1976-11-25,FL,Commercial,2021-05-23
P04409,M,2011-04-19,IL,Medicaid,2020-02-01
P04410,M,1966-12-27,CA,Commercial,2023-05-25
P04411,M,2011-02-02,GA,Commercial,2023-06-14
P04412,F,2016-08-24,IL,Commercial,2020-01-10
P04413,F,1957-12-24,TX,Medicare,2021-04-04
P04414,M,1974-03-02,GA,Commercial,2021-12-10
P04415,M,2015-01-13,TX,Commercial,2022-11-22
P04416,F,1953-01-30,CA,Medicare,2020-07-11
P04417,M,1933-07-07,NC,Medicare,2019-12-29
P04418,F,2020-12-09,NC,Commercial,2023-11-07
P04419,M,1961-10-09,IL,Commercial,2023-09-25
P04420,F,1949-12-20,AZ,Medicare,2020-02-12
P04421,M,2008-12-15,FL,Commercial,2019-08-03
P04422,F,1972-11-04,IL,Commercial,2022-11-09
P04423,F,1946-06-09,FL,Medicare,2020-06-22
P04424,M,1990-03-27,AZ,Commercial,2019-10-16
P04425,F,1936-06-01,GA,Medicare,2023-06-09
P04426,F,2018-10-18,GA,Commercial,2023-01-27
P04427,M,1963-05-27,TX,Commercial,2023-05-09
P04428,M,2006-10-08,FL,Commercial,2020-01-21
P04429,Male,1983-07-17,PA,Commercial,2020-02-24
P04430,F,2002-02-10,FL,Commercial,2023-05-02
P04431,F,2004-11-12,TX,Commercial,2023-02-17
P04432,M,2003-02-16,IL,Medicaid,2020-09-08
P04433,M,1987-09-25,CA,Medicaid,2019-07-09
P04434,male,1966-05-01,CA,Commercial,2020-02-09
P04435,F,1945-09-27,AZ,Medicare,2023-03-02
P04436,M,1958-11-02,FL,Medicare,2022-01-27
P04437,M,1968-07-20,TX,Medicaid,2023-09-02
P04438,F,1976-08-14,FL,Commercial,2022-10-13
P04439,M,1960-06-29,FL,Commercial,2021-03-09
P04440,F,2023-10-07,GA,Commercial,2022-04-13
P04441,M,2000-01-09,CA,Commercial,2020-12-20
P04442,F,1996-04-30,GA,Commercial,2022-07-09
P04443,M,1989-02-28,NC,Medicaid,2021-03-09
P04444,M,2003-03-23,NC,Medicaid,2020-11-02
P04445,F,2007-04-12,TX,Commercial,2023-01-11
P04446,M,1968-11-10,NY,Commercial,2023-10-12
P04447,F,2008-05-31,FL,Commercial,2022-04-25
P04448,F,1961-02-07,OH,Commercial,2023-10-18
P04449,M,1939-11-27,TX,Medicare,2023-03-16
P04450,M,1996-07-16,PA,Commercial,2022-07-25
P04451,Female,1984-10-25,NY,Medicaid,2022-04-24
P04452,F,1960-03-16,NC,Medicaid,2022-08-14
P04453,F,1937-01-26,TX,Medicare,2023-09-26
P04454,F,1939-12-14,TX,Medicare,2023-02-12
P04455,Female,1943-03-15,TX,Medicare,2019-08-05
P04456,F,2002-08-22,CA,Commercial,2020-06-02
P04457,M,1968-01-15,NY,Commercial,2021-10-13
P04458,F,1957-12-26,OH,Medicare,2023-11-19
P04459,M,2011-10-24,FL,Commercial,2022-03-19
P04460,F,2000-04-13,IL,Medicaid,2019-05-21
P04461,F,1970-03-22,IL,Commercial,2019-12-16
P04462,F,1964-12-03,GA,Commercial,2020-03-20
P04463,F,1984-11-03,FL,Commercial,2022-10-05
P04464,M,2009-08-30,CA,Medicaid,2021-12-27
P04465,F,1998-12-19,FL,Commercial,2023-11-10
P04466,F,1972-03-21,GA,Commercial,2019-09-17
P04467,F,1985-05-01,NY,Commercial,2023-06-09
P04468,M,1951-04-03,CA,Medicare,2020-11-29
P04469,F,2005-07-13,FL,Medicaid,2022-08-05
P04470,F,2011-05-13,IL,Commercial,2021-02-25
P04471,F,1993-06-05,FL,Medicaid,2019-11-14
P04472,M,1995-04-23,FL,Commercial,2022-06-09
P04473,M,1942-07-20,FL,Medicare,2023-12-02
P04474,F,1962-05-08,IL,Commercial,2020-09-08
P04475,F,1981-05-10,PA,Commercial,2021-05-05
P04476,F,1954-05-11,FL,Medicare,2023-04-22
P04477,M,1945-02-16,NC,Medicare,2023-10-05
P04478,F,1982-08-26,FL,Commercial,2021-05-19
P04479,M,1961-02-14,FL,Medicaid,2020-12-08
P04480,M,2023-12-22,FL,Medicaid,2023-06-04
P04481,F,2001-07-07,PA,Commercial,2021-01-03
P04482,M,1951-07-24,TX,Medicare,2021-10-11
P04483,M,1949-02-18,CA,Medicare,2023-04-26
P04484,F,2019-12-16,FL,Commercial,2020-12-03
P04485,F,1985-10-13,IL,Medicaid,2020-10-10
P04486,F,1970-07-13,AZ,Commercial,2023-03-24
P04487,F,1939-03-10,GA,Medicare,2020-08-20
P04488,M,2008-07-15,CA,Commercial,2022-11-22
P04489,M,1978-05-12,NC,Commercial,2021-01-07
P04490,M,1950-10-27,AZ,Medicare,2019-12-09
P04491,F,1944-01-22,NY,Medicare,2019-04-27
P04492,F,1984-03-20,GA,Medicaid,2022-09-22
P04493,F,1979-12-17,TX,Medicaid,2022-04-23
P04494,M,1986-04-18,CA,Commercial,2023-07-11
P04495,F,2017-11-14,NY,Commercial,2019-02-28
P04496,F,1997-06-10,FL,Commercial,2022-05-08
P04497,M,2005-04-17,OH,Commercial,2019-12-30
P04498,M,2023-01-29,PA,Commercial,2019-05-01
P04499,F,2021-12-06,NY,Medicaid,2021-08-16
P04500,M,1934-09-18,NY,Medicare,2020-07-14
P04501,F,2017-04-24,NY,Commercial,2021-08-23
P04502,M,1975-09-28,NY,Commercial,2021-02-15
P04503,M,1956-04-15,,Medicare,2022-10-03
P04504,M,2008-10-26,TX,Commercial,2019-10-21
P04505,F,1959-11-03,NY,Commercial,2023-05-22
P04506,M ,1977-06-16,AZ,Commercial,2020-09-14
P04507, f,1987-04-25,FL,Commercial,2019-05-29
P04508,F,2023-10-19,TX,Commercial,2019-12-13
P04509,M,1948-02-17,NY,Medicare,2020-03-18
P04510,F,1964-02-18,PA,Commercial,2020-09-19
P04511,M,1954-12-02,NY,Medicare,2019-04-12
P04512,F,1951-09-12,GA,Medicare,2019-09-07
P04513,F,1971-06-13,NY,Medicaid,2022-08-18
P04514,M,2023-07-06,GA,Commercial,2020-11-19
P04515,F,1971-09-30,CA,Commercial,2021-11-10
P04516,M,1994-06-21,NC,Commercial,2022-09-05
P04517,M,1978-01-14,NY,Commercial,2019-11-30
P04518,M ,1997-09-10,CA,Commercial,2023-10-18
P04519,M,1938-10-13,FL,Medicare,2023-05-12
P04520,F,1969-04-06,CA,Commercial,2023-06-23
P04521,M,1960-06-06,AZ,Commercial,2022-12-29
P04522,F,1988-04-23,NY,Commercial,2021-06-10
P04523,F,1956-05-10,OH,Medicare,2019-04-18
P04524,F,1984-03-29,CA,Medicaid,2019-02-23
P04525,F,1955-04-10,NC,Medicare,2019-07-04
P04526,M,1957-05-24,TX,Medicare,2020-03-16
P04527,F,1958-07-19,AZ,Medicare,2021-09-14
P04528,M,1952-07-17,GA,Medicare,2020-02-16
P04529,F,1997-09-26,FL,Commercial,2022-08-30
P04530,F,1951-07-22,FL,Medicare,2020-09-07
P04531,M,1938-05-25,CA,Medicare,2023-12-17
P04532,F,1983-04-15,CA,Commercial,2019-06-28
P04533,F,1956-03-24,CA,Medicare,2019-02-23
P04534,M,1969-08-16,FL,Commercial,2020-04-29
P04535,M,1952-04-08,CA,Medicare,2023-02-17
P04536,F,1969-07-25,FL,Commercial,2022-09-17
P04537,F,1945-08-23,OH,Medicare,2020-04-21
P04538,M ,1982-11-02,GA,Medicaid,2021-07-04
P04539,F,2010-09-25,TX,Commercial,2021-04-07
P04540,F,1989-04-27,TX,Commercial,2021-12-25
P04541,F,1979-10-15,TX,Commercial,2019-10-29
P04542,F,1964-12-03,NC,Commercial,2023-03-06
P04543,M,1962-09-23,AZ,Medicaid,2021-10-17
P04544,M,1971-01-05,NY,Commercial,2022-11-22
P04545,F,1987-11-08,TX,Commercial,2020-07-18
P04546,M,1966-11-09,GA,Commercial,2022-07-30
P04547,M,2017-08-06,CA,Medicaid,2022-07-04
P04548,M,1959-08-15,NY,Commercial,2023-02-19
P04549,M,1947-01-31,OH,Medicare,2019-09-08
P04550,M,1997-10-06,CA,Commercial,2022-12-01
P04551,F,1965-08-01,TX,Commercial,2019-08-30
P04552,F,1955-09-17,AZ,Medicare,2019-06-04
P04553,M,1968-10-01,FL,Commercial,2019-03-09
P04554,M,1939-09-06,NC,Medicare,2022-04-15
P04555,F,1984-09-29,TX,Commercial,2020-09-23
P04556,F,1946-04-13,FL,Medicare,2019-11-13
P04557,M,1947-03-19,FL,Medicare,2023-08-12
P04558,F,1957-10-28,CA,Medicare,2023-09-06
P04559,M,1980-07-03,FL,Commercial,2022-12-20
P04560,M,1933-09-26,PA,Medicare,2019-02-05
P04561,F,1962-02-18,TX,Medicaid,2023-07-21
P04562,M,1994-11-25,TX,Commercial,2020-03-07
P04563,M,2011-08-05,NC,Commercial,2019-10-24
P04564,F,2012-09-02,GA,Medicaid,2019-06-22
P04565, f,1978-08-21,FL,Commercial,2021-05-12
P04566,F,1947-01-23,NY,Medicare,2021-05-17
P04567,M,1940-06-17,NY,Medicare,2020-04-17
P04568,M,1978-08-15,NY,Commercial,2020-10-30
P04569,F,1943-03-13,NY,Medicare,2020-01-27
P04570,M,1953-03-23,NC,Medicare,2022-03-14
P04571,M,1960-11-09,PA,Commercial,2019-05-04
P04572,F,2013-07-16,TX,Medicaid,2021-11-04
P04573,F,1997-08-03,OH,Commercial,2022-10-06
P04574,M,1987-07-21,FL,Commercial,2020-04-01
P04575,F,2000-08-26,NY,Medicaid,2020-11-24
P04576,M,2017-03-06,TX,Commercial,2023-10-02
P04577,M,1994-01-02,NY,Medicaid,2023-03-04
P04578,M,2001-12-22,FL,Commercial,2023-10-27
P04579,F,2010-02-22,FL,Commercial,2021-02-14
P04580,F,1999-02-20,GA,Commercial,2019-08-19
P04581,M,1954-08-20,GA,Medicare,2022-05-23
P04582,F,1951-07-08,TX,Medicare,2023-06-15
P04583,F,1992-11-24,NY,Medicaid,2019-10-01
P04584,F,1996-08-25,GA,Medicaid,2020-05-26
P04585,M,1944-10-06,CA,Medicare,2021-04-12
P04586,F,1937-02-04,TX,Medicare,2023-01-02
P04587,M,1936-11-22,FL,Medicare,2020-08-23
P04588,F,1967-08-30,GA,Medicaid,2022-03-04
P04589,M,1937-07-09,CA,Medicare,2022-10-11
P04590,M,1996-01-10,CA,Medicaid,2022-07-15
P04591,M,2019-03-09,OH,Commercial,2023-09-11
P04592,M,1966-01-24,GA,Commercial,2021-07-21
P04593,M,1946-09-09,CA,Medicare,2020-03-28
P04594,M,2015-09-26,NY,Commercial,2019-11-15
P04595,F,2012-06-06,PA,Commercial,2020-05-20
P04596,M,2000-08-29,NC,Medicaid,2019-08-18
P04597, f,1973-12-26,FL,Commercial,2019-03-10
P04598, f,2017-03-10,AZ,Commercial,2022-11-22
P04599,female,2016-11-27,TX,Commercial,2021-11-01
P04600,F,1987-10-22,AZ,Commercial,2022-04-25
P04601,F,1937-01-21,GA,Medicare,2020-07-31
P04602,M,1961-04-08,NY,Medicaid,2019-10-27
P04603,M,1975-05-12,CA,Medicaid,2019-07-22
P04604,F,1944-11-14,FL,Medicare,2023-07-22
P04605,F,1948-10-01,NC,Medicare,2021-06-06
P04606,M,1983-10-18,FL,Commercial,2023-06-02
P04607,F,1986-05-11,FL,Medicaid,2022-05-09
P04608,M,2005-07-02,GA,Commercial,2021-08-09
P04609,F,1999-08-23,AZ,Commercial,2020-11-26
P04610,M,1963-04-04,AZ,Medicaid,2020-01-20
P04611,F,1989-03-23,NY,Medicaid,2019-01-12
P04612,M,1993-04-06,NY,Commercial,2022-04-28
P04613,F,1955-11-24,GA,Medicare,2021-03-16
P04614,F,2006-05-23,TX,Commercial,2023-08-28
P04615,M,2009-10-16,AZ,Commercial,2023-06-12
P04616,M,1959-09-24,OH,Commercial,2019-03-02
P04617,F,1971-01-09,NC,Commercial,2019-04-25
P04618,F,1940-08-02,GA,Medicare,2019-04-24
P04619,M,1962-03-19,OH,Commercial,2022-09-11
P04620,F,1955-10-04,AZ,Medicare,2020-09-29
P04621,M,1980-01-12,AZ,Commercial,2022-11-10
P04622,F,2021-09-21,CA,Medicaid,2020-08-05
P04623,F,1947-10-27,FL,Medicare,2021-07-31
P04624,F,2012-09-05,AZ,Medicaid,2019-05-04
P04625,M ,2008-10-29,CA,Commercial,2022-02-19
P04626,F,1944-05-27,FL,Medicare,2020-10-13
P04627,F,2010-11-09,FL,Medicaid,2020-09-15
P04628,M,1992-10-17,CA,Commercial,2020-01-24
P04629,F,1964-04-19,PA,Commercial,2023-09-29
P04630,M,1961-12-16,IL,Commercial,2021-09-08
P04631,F,1995-07-25,IL,Commercial,2021-09-28
P04632,M,2018-04-23,CA,Commercial,2022-11-11
P04633,F,2005-07-22,AZ,Commercial,2019-12-25
P04634,M,1983-12-25,FL,Commercial,2019-11-04
P04635,M,1955-11-05,FL,Medicare,2023-08-06
P04636,M,1977-01-11,FL,Commercial,2020-08-01
P04637,M,1959-03-26,OH,Commercial,2019-09-12
P04638,F,1933-08-26,IL,Medicare,2022-07-22
P04639,F,1983-02-17,PA,Commercial,2020-11-04
P04640,F,1989-12-29,IL,Commercial,2020-11-20
P04641,male,2011-12-15,CA,Commercial,2023-11-29
P04642,F,1986-02-12,OH,Commercial,2019-12-03
P04643,M,1963-04-30,TX,Commercial,2020-04-02
P04644,M,1979-05-28,OH,Commercial,2022-08-26
P04645,F,1975-08-29,OH,Commercial,2022-06-07
P04646,F,1967-03-09,TX,Medicaid,2020-03-01
P04647,M,1998-05-24,FL,Medicaid,2019-12-30
P04648,F,2002-07-26,GA,Commercial,2023-08-22
P04649,F,1960-08-15,IL,Commercial,2022-03-17
P04650,female,1994-08-24,CA,Commercial,2020-11-17
P04651,male,1976-06-05,TX,Medicaid,2023-05-14
P04652,M ,1982-05-06,IL,Medicaid,2019-01-04
P04653,F,2015-03-14,TX,Commercial,2022-12-16
P04654,F,2003-08-06,TX,Commercial,2019-09-03
P04655,M,2002-09-30,OH,Commercial,2023-09-06
P04656,F,2012-06-11,TX,Medicaid,2019-08-17
P04657,M,1973-06-02,NY,Medicaid,2023-10-20
P04658,M,1961-09-21,NC,Commercial,2020-08-08
P04659,M,1954-12-05,TX,Medicare,2022-03-15
P04660,M,2011-09-02,TX,Commercial,2021-09-12
P04661,M,1939-12-07,FL,Medicare,2023-06-17
P04662,M,2008-12-02,PA,Medicaid,2020-08-14
P04663,M,2019-01-14,NY,Commercial,2020-11-22
P04664, f,1983-03-22,PA,Commercial,2022-05-25
P04665,M,1940-12-19,CA,Medicare,2021-08-23
P04666,M,2018-08-26,GA,Commercial,2021-03-29
P04667,F,1982-09-30,TX,Medicaid,2020-07-25
P04668,M,2021-01-10,TX,Commercial,2021-04-22
P04669,F,1969-07-25,NC,Medicaid,2023-09-16
P04670,F,2019-09-29,CA,Commercial,2021-04-14
P04671,F,1995-05-15,CA,Commercial,2022-04-05
P04672,F,2015-07-12,OH,Commercial,2021-12-11
P04673,F,1997-10-24,GA,Commercial,2022-02-24
P04674,M,1996-09-11,IL,Commercial,2022-03-29
P04675,M,1941-11-15,NY,Medicare,2022-10-27
P04676,M,1970-04-22,NC,Commercial,2022-05-09
P04677,M,1959-01-12,GA,Commercial,2020-06-10
P04678,F,2001-03-11,GA,Commercial,2022-11-17
P04679,M,1963-08-17,NC,Commercial,2020-03-17
P04680,F,1996-07-07,TX,Medicaid,2021-10-23
P04681,M,2016-12-09,PA,Medicaid,2020-12-13
P04682,F,1984-08-20,NC,Commercial,2023-06-01
P04683,F,1946-12-20,NC,Medicare,2022-12-19
P04684,F,1933-04-04,TX,Medicare,2019-07-01
P04685,M,1985-02-03,IL,Medicaid,2019-11-07
P04686,F,1995-10-24,IL,Commercial,2023-08-27
P04687,F,2014-04-29,GA,Commercial,2019-06-28
P04688,M,1998-05-27,NY,Commercial,2019-10-26
P04689,F,1996-08-01,IL,Medicaid,2023-04-26
P04690,M,1948-04-08,FL,Medicare,2022-10-18
P04691,M,1964-04-27,GA,Commercial,2023-02-11
P04692,female,1998-09-24,AZ,Commercial,2019-09-27
P04693,F,1946-03-15,NY,Medicare,2019-09-26
P04694,F,2023-05-07,AZ,Medicaid,2020-05-27
P04695,M,2003-09-09,TX,Commercial,2022-10-02
P04696,M,1944-04-07,NY,Medicare,2019-05-27
P04697,F,1965-05-12,NY,Commercial,2019-10-08
P04698,M,1960-11-19,NY,Commercial,2019-08-27
P04699,F,1951-11-02,IL,Medicare,2022-03-16
P04700, f,1937-09-04,NC,Medicare,2020-07-01
P04701,F,2006-12-15,IL,Medicaid,2020-08-17
P04702,M,2023-08-06,TX,Commercial,2023-03-31
P04703,F,2017-07-16,AZ,Commercial,2021-02-02
P04704,M,1975-03-24,NC,Commercial,2021-04-04
P04705,F,1985-10-30,FL,Commercial,2021-01-30
P04706,M,1986-06-07,TX,Commercial,2022-04-21
P04707,M,1966-05-03,GA,Commercial,2020-08-28
P04708,F,2017-07-20,GA,Commercial,2019-07-30
P04709,F,2018-02-03,IL,Commercial,2020-12-24
P04710,Male,1963-09-07,AZ,Commercial,2019-08-24
P04711,F,1944-08-05,FL,Medicare,2020-02-23
P04712,F,1973-12-30,FL,Commercial,2022-06-07
P04713,M ,1939-08-05,GA,Medicare,2020-04-28
P04714,F,2014-12-24,PA,Medicaid,2020-08-24
P04715,M,1950-01-06,CA,Medicare,2019-04-15
P04716,F,1961-10-05,CA,Commercial,2022-04-24
P04717,F,2016-03-10,CA,Commercial,2023-03-09
P04718,M,1941-11-19,AZ,Medicare,2020-08-12
P04719,M,1935-09-23,GA,Medicare,2020-11-04
P04720,F,1994-11-18,FL,Commercial,2020-12-07
P04721,F,1983-08-20,CA,Commercial,2020-04-21
P04722,female,1937-05-26,AZ,Medicare,2021-06-13
P04723,F,1963-08-01,NC,Commercial,2023-11-07
P04724,M,1944-05-25,IL,Medicare,2019-08-12
P04725,female,2010-03-12,IL,Commercial,2022-08-13
P04726,M,1961-12-15,GA,Commercial,2022-10-09
P04727,F,1999-07-31,NC,Medicaid,2019-12-08
P04728,F,1986-05-29,PA,Commercial,2020-01-07
P04729,M,1945-06-23,FL,Medicare,2021-06-23
P04730,M,2007-11-09,CA,Commercial,2020-07-22
P04731,F,1991-10-18,GA,Commercial,2023-08-07
P04732,F,1973-08-16,PA,Medicaid,2022-08-06
P04733,F,2023-05-09,GA,Commercial,2022-10-15
P04734,F,1967-01-05,TX,Commercial,2021-11-23
P04735,M,2012-08-19,NC,Medicaid,2022-03-21
P04736,F,1947-06-25,CA,Medicare,2023-08-29
P04737,F,1958-09-11,FL,Medicare,2020-07-24
P04738,F,1963-12-20,GA,Commercial,2021-01-06
P04739,M,1981-08-08,IL,Commercial,2022-02-08
P04740,female,1933-08-27,AZ,Medicare,2019-07-26
P04741,M,1968-11-07,NC,Commercial,2022-03-14
P04742,Female,1982-05-01,FL,Commercial,2023-05-31
P04743,F,1938-09-28,OH,Medicare,2019-10-07
P04744,F,2001-10-11,CA,Commercial,2023-05-06
P04745,M ,1969-08-11,TX,Commercial,2023-08-24
P04746,F,1963-01-14,GA,Commercial,2021-08-18
P04747,M,1982-05-13,FL,Commercial,2021-02-09
P04748,Female,1952-07-29,FL,Medicare,2022-08-06
P04749,M,2010-03-07,CA,Medicaid,2019-10-23
P04750,F,2013-12-24,TX,Commercial,2022-08-14
P04751,F,1989-08-31,NY,Commercial,2019-03-10
P04752,M,1938-06-17,NY,Medicare,2020-10-23
P04753,F,1970-07-06,CA,Commercial,2023-01-30
P04754,Female,2005-04-29,CA,Commercial,2021-12-14
P04755,male,2013-04-19,NY,Medicaid,2023-08-16
P04756,M,1952-07-18,FL,Medicare,2019-10-13
P04757,M,2014-01-26,FL,Commercial,2020-10-06
P04758,F,1965-01-27,CA,Medicaid,2021-11-10
P04759,M,2018-07-11,TX,Commercial,2020-08-10
P04760,M,1992-02-06,TX,Medicaid,2020-12-05
P04761,M,1947-05-13,TX,Medicare,2021-01-02
P04762,M ,1941-11-11,FL,Medicare,2022-01-05
P04763,M,1971-11-19,FL,Medicaid,2022-03-31
P04764,M,1943-12-03,NC,Medicare,2022-09-21
P04765,F,1974-10-15,NY,Commercial,2020-01-27
P04766,F,1978-09-09,CA,Commercial,2021-08-24
P04767,F,1935-12-07,FL,Medicare,2021-08-29
P04768,F,1937-05-24,PA,Medicare,2020-05-27
P04769,M,1960-08-03,TX,Commercial,2021-05-07
P04770,F,1939-05-27,CA,Medicare,2019-03-30
P04771,F,1957-07-01,NY,Medicare,2022-10-19
P04772,M,1982-09-23,NY,Commercial,2023-10-17
P04773,M,1974-05-21,OH,Commercial,2021-11-24
P04774,M,1989-01-18,FL,Commercial,2021-05-06
P04775,F,1997-09-07,FL,Commercial,2019-11-25
P04776,F,1997-09-10,FL,Commercial,2020-10-28
P04777,F,1960-06-26,AZ,Commercial,2019-04-23
P04778,F,2002-03-13,IL,Commercial,2023-07-29
P04779,F,1968-06-21,NC,Commercial,2021-04-26
P04780,M,1953-03-03,NY,Medicare,2019-11-10
P04781,F,1981-12-04,FL,Commercial,2021-06-29
P04782,F,1979-11-27,PA,Medicaid,2022-08-16
P04783,M,1980-08-05,FL,Medicaid,2020-02-29
P04784,F,1934-10-08,GA,Medicare,2019-08-19
P04785,F,1979-12-24,PA,Medicaid,2022-09-16
P04786,F,1995-10-15,GA,Medicaid,2021-03-29
P04787,F,1985-09-24,PA,Commercial,2019-12-25
P04788,F,1944-01-31,OH,Medicare,2023-03-30
P04789,F,1980-03-21,PA,Commercial,2023-12-12
P04790,F,1942-08-25,NC,Medicare,2020-04-22
P04791,M,1961-01-16,,Commercial,2020-03-30
P04792,M,2009-03-01,,Commercial,2023-03-21
P04793,F,1985-10-01,PA,Commercial,2021-01-07
P04794,M,1981-07-10,OH,Medicaid,2020-05-27
P04795,F,1978-01-29,PA,Commercial,2019-03-11
P04796,F,2015-07-19,AZ,Commercial,2019-12-19
P04797,F,1974-08-18,NC,Commercial,2022-11-26
P04798,F,2011-02-06,IL,Commercial,2021-02-15
P04799,F,1997-05-04,GA,Medicaid,2020-05-03
P04800,M,1938-07-24,AZ,Medicare,2022-08-25
P04801,female,2006-02-17,IL,Commercial,2023-03-10
P04802,F,2015-04-05,FL,Commercial,2021-10-25
P04803,F,1980-08-27,CA,Commercial,2020-05-28
P04804,M,2005-07-30,NY,Commercial,2021-05-13
P04805,F,1970-12-14,PA,Medicaid,2020-12-24
P04806,M,1945-11-24,FL,Medicare,2020-09-03
P04807,F,2001-01-17,NY,Commercial,2019-03-25
P04808,M,1943-12-13,NY,Medicare,2020-11-01
P04809,F,2009-03-01,TX,Commercial,2023-04-30
P04810,F,1953-10-16,AZ,Medicare,2022-01-01
P04811,F,1955-06-18,NY,Medicare,2023-02-25
P04812,F,1953-04-12,TX,Medicare,2020-03-19
P04813,F,1956-01-05,PA,Medicare,2019-01-08
P04814,F,2003-08-18,FL,Medicaid,2020-02-24
P04815,M,1970-01-28,GA,Commercial,2022-10-10
P04816,M,1982-07-19,GA,Commercial,2020-07-10
P04817,female,1980-02-19,IL,Commercial,2023-11-24
P04818,M,1942-11-24,IL,Medicare,2022-08-23
P04819,M,1946-09-25,CA,Medicare,2022-06-27
P04820,M,1952-05-18,TX,Medicare,2021-08-28
P04821,F,1939-04-19,NY,Medicare,2022-05-27
P04822,F,2001-03-13,CA,Commercial,2021-11-03
P04823,M,1939-08-24,CA,Medicare,2023-12-14
P04824,M,1958-05-17,GA,Medicare,2019-12-03
P04825,M,2023-05-20,FL,Commercial,2022-01-10
P04826,M,2017-01-06,IL,Commercial,2019-12-19
P04827,M,1962-11-19,CA,Commercial,2023-09-18
P04828,M,1973-12-26,FL,Commercial,2019-09-04
P04829,F,1950-06-05,AZ,Medicare,2020-11-14
P04830,F,2018-12-26,TX,Medicaid,2022-11-06
P04831,M,1943-10-22,NC,Medicare,2020-03-29
P04832,M,1985-07-02,FL,Commercial,2020-04-06
P04833,F,1933-09-25,IL,Medicare,2020-05-16
P04834,female,1946-09-25,FL,Medicare,2019-08-27
P04835,M,2006-08-27,AZ,Commercial,2019-03-28
P04836,F,1975-04-26,NC,Medicaid,2023-03-04
P04837,M,1981-08-20,GA,Commercial,2022-08-04
P04838,F,1997-03-17,FL,Commercial,2023-10-21
P04839,F,1992-11-03,PA,Commercial,2023-09-02
P04840,Male,2010-11-24,FL,Commercial,2023-06-23
P04841,M,2011-11-02,FL,Medicaid,2020-07-18
P04842,F,1964-02-01,NC,Commercial,2020-12-21
P04843,female,1976-09-21,FL,Commercial,2023-10-30
P04844,F,1987-12-22,CA,Commercial,2021-11-23
P04845,F,1978-09-07,CA,Commercial,2023-06-14
P04846,M,1997-04-24,FL,Commercial,2023-01-11
P04847,F,2007-08-22,TX,Commercial,2023-09-22
P04848,M,1952-08-13,FL,Medicare,2021-05-12
P04849,M,1959-12-01,AZ,Commercial,2023-08-06
P04850,F,1942-05-02,GA,Medicare,2020-01-29
P04851,F,1971-10-13,NC,Commercial,2019-05-06
P04852,M,1946-11-26,NC,Medicare,2019-09-23
P04853,F,1977-04-15,OH,Medicaid,2019-11-20
P04854,M,2016-01-24,TX,Commercial,2020-03-31
P04855,F,1992-05-23,FL,Commercial,2019-06-14
P04856,F,2015-01-24,NY,Medicaid,2019-07-30
P04857,F,1971-08-08,NC,Commercial,2022-12-03
P04858,F,1947-06-26,OH,Medicare,2020-12-25
P04859,M,2006-08-23,FL,Commercial,2022-06-22
P04860,M,1978-06-29,OH,Commercial,2019-10-27
P04861,F,1951-02-10,FL,Medicare,2023-12-13
P04862,M,2001-05-14,NY,Medicaid,2021-12-01
P04863,F,1977-12-22,CA,Commercial,2022-02-09
P04864,M,1942-06-03,FL,Medicare,2019-09-29
P04865,M,1942-08-16,AZ,Medicare,2022-07-13
P04866,M,1971-06-17,CA,Commercial,2019-07-12
P04867,M,2015-06-12,GA,Commercial,2021-07-10
P04868,F,1966-05-30,FL,Commercial,2020-07-28
P04869,F,1997-02-18,OH,Commercial,2021-05-08
P04870,F,1951-02-22,PA,Medicare,2021-11-06
P04871,M,1959-01-12,FL,Commercial,2022-06-25
P04872,F,1973-05-22,GA,Commercial,2022-08-05
P04873,M,1953-09-18,CA,Medicare,2020-10-20
P04874,F,1952-10-21,TX,Medicare,2022-05-18
P04875,F,1952-02-25,TX,Medicare,2019-09-07
P04876,M,1935-02-02,TX,Medicare,2023-05-05
P04877,M,1965-12-18,NY,Commercial,2022-12-04
P04878,F,1935-10-15,FL,Medicare,2023-10-07
P04879,M,1963-04-29,TX,Commercial,2019-09-08
P04880,M,1977-11-01,FL,Commercial,2021-12-06
P04881,F,2007-12-14,FL,Commercial,2023-10-29
P04882,M,1951-01-03,AZ,Medicare,2023-10-16
P04883,F,1944-11-26,FL,Medicare,2019-06-01
P04884,M,1982-10-15,FL,Commercial,2019-08-08
P04885,F,2016-01-06,IL,Medicaid,2022-08-14
P04886,M,2015-11-26,AZ,Medicaid,2020-10-02
P04887, f,1970-03-15,PA,Commercial,2022-09-28
P04888,F,1942-06-09,FL,Medicare,2019-10-15
P04889,M,2009-06-17,CA,Commercial,2020-06-05
P04890,F,1984-03-05,NC,Medicaid,2021-10-12
P04891,M,1967-12-25,OH,Commercial,2019-05-13
P04892,M,2002-12-09,FL,Commercial,2022-11-19
P04893,F,1980-10-21,TX,Commercial,2019-01-08
P04894,F,1978-07-06,GA,Commercial,2022-07-21
P04895,M,1935-01-15,CA,Medicare,2019-07-25
P04896,F,1979-12-07,TX,Commercial,2019-09-25
P04897,F,2009-07-31,NY,Commercial,2021-03-11
P04898,F,1957-07-28,CA,Medicare,2023-05-24
P04899,F,2023-10-22,PA,Medicaid,2020-04-01
P04900,M,1951-08-29,IL,Medicare,2020-07-06
P04901,male,1972-10-19,NC,Commercial,2019-09-05
P04902,M,1972-11-11,FL,Commercial,2022-11-16
P04903,M,2022-06-24,IL,Commercial,2022-10-22
P04904,F,1964-01-27,GA,Medicaid,2022-03-28
P04905,M,1950-08-06,FL,Medicare,2022-02-27
P04906,M,1938-05-14,TX,Medicare,2023-12-27
P04907,F,1989-05-01,NC,Medicaid,2023-03-27
P04908,M,1986-02-27,FL,Commercial,2021-08-10
P04909,F,1956-03-05,GA,Medicare,2019-03-04
P04910,F,1975-02-05,FL,Commercial,2023-05-12
P04911,F,1988-03-09,CA,Commercial,2022-10-18
P04912,F,2009-01-26,,Commercial,2019-09-16
P04913,F,1983-01-14,NY,Commercial,2023-10-22
P04914,F,2006-04-02,NY,Medicaid,2023-07-07
P04915,F,2016-07-04,PA,Commercial,2019-07-22
P04916,F,2006-09-10,TX,Medicaid,2022-10-02
P04917,F,1935-06-07,NY,Medicare,2022-06-19
P04918,F,1948-03-04,CA,Medicare,2023-12-05
P04919,M,2003-04-01,NC,Medicaid,2021-12-21
P04920,M,2000-06-25,OH,Commercial,2019-01-15
P04921,Female,1968-12-04,FL,Commercial,2019-01-29
P04922,F,1980-09-23,PA,Commercial,2020-10-18
P04923,F,1973-06-04,NY,Commercial,2020-08-17
P04924, f,1984-08-13,IL,Medicaid,2020-10-14
P04925,F,1959-07-19,NY,Commercial,2020-07-12
P04926,F,1981-09-13,NY,Commercial,2021-05-30
P04927,F,1997-12-04,FL,Commercial,2022-12-22
P04928,M,2007-07-15,NY,Commercial,2019-08-31
P04929,F,1939-07-23,NY,Medicare,2019-08-10
P04930,F,1974-03-21,,Commercial,2023-04-13
P04931,F,1945-11-21,IL,Medicare,2023-07-13
P04932,M,1936-07-08,NY,Medicare,2020-01-16
P04933,M,1956-02-24,PA,Medicare,2023-10-07
P04934,M,2015-09-26,PA,Commercial,2019-12-20
P04935,M,1934-09-07,IL,Medicare,2019-02-05
P04936,M,2010-11-30,TX,Commercial,2023-10-28
P04937,F,1983-06-06,GA,Commercial,2020-01-04
P04938,M,1946-02-22,IL,Medicare,2023-05-04
P04939,F,1941-07-09,CA,Medicare,2022-07-21
P04940,Male,1963-08-02,NY,Commercial,2021-04-08
P04941,F,2008-04-02,TX,Medicaid,2020-08-08
P04942,F,2002-07-23,FL,Commercial,2023-07-21
P04943,F,1949-08-08,GA,Medicare,2023-06-16
P04944,F,2022-03-28,GA,Medicaid,2022-08-04
P04945,M,1958-09-19,CA,Medicare,2020-08-05
P04946,F,2014-02-24,NY,Medicaid,2021-12-26
P04947,F,1941-09-25,CA,Medicare,2022-08-17
P04948,F,1937-06-28,FL,Medicare,2023-03-21
P04949,M,1951-10-02,FL,Medicare,2019-03-01
P04950,M,1948-05-15,NY,Medicare,2020-06-25
P04951,M,2020-07-26,FL,Commercial,2019-01-28
P04952,F,1957-10-05,IL,Medicare,2021-07-12
P04953,F,1986-04-04,TX,Commercial,2019-11-29
P04954,F,1994-01-24,TX,Medicaid,2020-10-21
P04955,F,1993-12-21,CA,Commercial,2021-05-18
P04956,F,1969-06-07,CA,Commercial,2021-08-19
P04957,M,1969-04-13,FL,Medicaid,2021-07-03
P04958,F,2020-04-13,OH,Commercial,2021-12-10
P04959,F,1979-10-13,FL,Commercial,2020-10-21
P04960,M,1935-11-21,TX,Medicare,2021-07-17
P04961,F,1973-06-27,TX,Commercial,2019-02-25
P04962,F,1972-05-13,CA,Commercial,2019-07-05
P04963,M,1977-09-17,NC,Commercial,2021-09-06
P04964,Male,1980-08-19,OH,Commercial,2022-01-09
P04965,M ,2010-06-20,NY,Commercial,2020-03-17
P04966,M,1968-07-20,FL,Commercial,2020-10-16
P04967,F,1978-07-08,NC,Commercial,2022-11-04
P04968,M,2006-04-27,NY,Commercial,2019-11-02
P04969,M,2008-01-07,CA,Commercial,2020-08-04
P04970,F,1952-03-16,NY,Medicare,2020-11-24
P04971,M,1936-12-29,TX,Medicare,2020-02-04
P04972,M,1980-08-26,NC,Commercial,2022-11-15
P04973,M,1997-12-28,,Commercial,2020-01-03
P04974,F,2013-02-16,PA,Medicaid,2023-05-24
P04975,F,1952-05-10,OH,Medicare,2020-01-14
P04976,M,1970-10-13,NY,Commercial,2021-01-18
P04977,M,1970-02-28,GA,Commercial,2021-02-03
P04978,F,2003-06-10,FL,Commercial,2020-05-14
P04979,F,1972-12-13,GA,Medicaid,2022-06-13
P04980,female,2017-11-06,GA,Medicaid,2020-02-29
P04981,F,1960-03-11,FL,Medicaid,2023-11-16
P04982,M,1974-09-17,NC,Commercial,2020-07-14
P04983,F,2021-06-23,TX,Commercial,2020-01-13
P04984,F,1978-02-08,FL,Commercial,2023-12-26
P04985,M,1991-09-18,TX,Commercial,2020-07-13
P04986,F,1966-12-27,OH,Commercial,2020-02-19
P04987,M,1941-12-01,TX,Medicare,2021-05-24
P04988,F,1966-01-31,IL,Commercial,2020-12-24
P04989,F,1967-05-28,PA,Medicaid,2023-09-15
P04990,M,2005-09-03,IL,Commercial,2019-01-24
P04991,F,1995-12-04,NC,Commercial,2019-03-04
P04992,F,1982-04-22,OH,Medicaid,2020-03-07
P04993,F,1950-12-17,TX,Medicare,2023-12-05
P04994,M,1959-11-29,NC,Commercial,2021-11-07
P04995,F,1952-05-29,GA,Medicare,2019-12-01
P04996,M,2008-05-11,GA,Commercial,2020-08-16
P04997,F,1991-06-08,IL,Commercial,2019-06-26
P04998,male,1993-02-03,CA,Commercial,2020-12-03
P04999,M,2020-09-24,FL,Commercial,2020-06-08
P05000,M,1938-06-12,FL,Medicare,2022-04-26
P05001,M,2008-09-11,NY,Commercial,2019-12-10
P05002,M,1949-08-21,PA,Medicare,2021-05-03
P05003,F,1940-11-07,IL,Medicare,2020-01-02
P05004,F,1963-03-18,FL,Commercial,2022-12-25
P05005,M,2023-04-20,FL,Commercial,2022-08-30
P05006,M,1992-04-15,FL,Commercial,2023-07-25
P05007,M,1938-11-10,NC,Medicare,2020-08-18
P05008,M,1942-11-19,NY,Medicare,2020-05-04
P05009,M,1936-03-21,NC,Medicare,2022-08-02
P05010,F,1983-05-04,CA,Commercial,2022-01-30
P05011,M,1969-12-21,FL,Commercial,2021-02-26
P05012,F,1939-05-04,GA,Medicare,2020-03-23
P05013,M,1981-01-08,TX,Commercial,2022-06-28
P05014,M,1943-04-02,NC,Medicare,2021-07-24
P05015,M,1994-09-21,CA,Commercial,2023-01-28
P05016,F,2019-09-08,IL,Commercial,2019-12-16
P05017,male,1949-04-01,FL,Medicare,2019-08-22
P05018,M,1983-08-08,,Commercial,2020-04-22
P05019,F,1945-04-07,GA,Medicare,2019-12-05
P05020,F,1963-01-16,TX,Commercial,2020-03-08
P05021,M,2002-08-05,FL,Medicaid,2019-10-29
P05022,M,1961-06-05,GA,Medicaid,2021-11-09
P05023,M,2023-07-07,FL,Medicaid,2022-12-22
P05024,Male,1938-06-29,GA,Medicare,2019-03-14
P05025,F,1953-12-04,CA,Medicare,2023-12-28
P05026,Female,1954-01-05,OH,Medicare,2021-12-23
P05027,M,1979-06-18,OH,Commercial,2020-05-16
P05028,F,1982-10-09,PA,Commercial,2020-01-15
P05029,F,1946-06-05,NC,Medicare,2020-07-29
P05030,F,1988-08-08,AZ,Commercial,2021-07-22
P05031,F,2015-03-08,FL,Commercial,2019-05-24
P05032,F,1984-03-29,AZ,Medicaid,2022-10-29
P05033,M ,2005-08-14,TX,Commercial,2023-04-17
P05034,F,1957-04-15,NY,Medicare,2020-11-10
P05035,M,1950-12-19,CA,Medicare,2022-05-27
P05036,F,2021-01-13,FL,Commercial,2021-08-28
P05037,M,1982-06-28,FL,Medicaid,2021-09-20
P05038,F,2018-05-07,NY,Commercial,2022-09-07
P05039,F,2002-05-10,OH,Medicaid,2019-01-05
P05040,F,1934-09-08,PA,Medicare,2022-02-02
P05041,Male,1966-04-24,FL,Commercial,2020-08-26
P05042,M,2003-08-09,GA,Commercial,2023-03-16
P05043,M,2004-04-27,CA,Commercial,2019-01-19
P05044,F,2004-11-29,TX,Commercial,2019-01-26
P05045,F,1986-11-08,GA,Commercial,2023-08-28
P05046,M,2011-01-29,TX,Medicaid,2020-10-15
P05047,F,1989-04-07,NC,Commercial,2021-01-11
P05048,M,1971-11-16,FL,Medicaid,2023-02-19
P05049,M,2018-10-14,FL,Commercial,2020-02-27
P05050,M,1961-06-15,FL,Medicaid,2020-03-07
P05051,F,1989-12-29,NY,Commercial,2019-10-14
P05052,F,1983-08-08,GA,Commercial,2020-12-29
P05053,F,1940-09-03,CA,Medicare,2020-06-20
P05054,M,1962-11-13,IL,Commercial,2020-05-23
P05055,M,1980-09-13,GA,Medicaid,2020-03-02
P05056,F,1966-09-16,FL,Commercial,2021-01-30
P05057,M,1956-12-07,FL,Medicare,2020-04-12
P05058,F,1956-05-14,AZ,Medicare,2023-09-13
P05059,F,1940-09-23,NY,Medicare,2020-11-30
P05060,F,2014-12-20,OH,Commercial,2022-12-27
P05061,male,2016-12-23,PA,Commercial,2021-12-20
P05062,F,2010-01-13,AZ,Commercial,2020-02-29
P05063,F,2006-11-18,PA,Commercial,2023-06-08
P05064,F,2017-02-03,GA,Commercial,2020-03-26
P05065,F,1976-11-01,CA,Medicaid,2022-09-15
P05066,F,1950-12-01,AZ,Medicare,2020-03-27
P05067,F,1948-06-15,CA,Medicare,2020-03-03
P05068,M,2005-02-18,OH,Commercial,2023-12-05
P05069,M,1963-12-06,IL,Commercial,2022-11-01
P05070,F,1954-09-03,CA,Medicare,2019-12-24
P05071,M,2015-04-02,NC,Commercial,2022-04-17
P05072,M,1984-12-07,CA,Commercial,2021-10-22
P05073,M,2002-10-31,TX,Commercial,2023-12-04
P05074,F,1941-09-11,GA,Medicare,2020-07-15
P05075,M,1985-03-12,CA,Medicaid,2023-07-15
P05076,M,1959-03-12,AZ,Commercial,2022-08-23
P05077,F,1986-04-17,IL,Commercial,2021-08-14
P05078,Male,1962-05-02,GA,Commercial,2020-02-27
P05079,F,1970-12-22,PA,Commercial,2021-07-06
P05080,M,1934-10-05,FL,Medicare,2019-02-04
P05081,M,1972-01-30,CA,Commercial,2021-05-23
P05082,F,1934-04-13,IL,Medicare,2022-09-26
P05083,F,2007-10-06,AZ,Commercial,2023-01-18
P05084,M,1960-04-17,CA,Commercial,2020-01-31
P05085,F,1964-04-11,CA,Medicaid,2021-09-15
P05086,M,1984-04-04,TX,Commercial,2020-12-23
P05087,M,1934-01-08,NC,Medicare,2022-02-25
P05088,F,1966-06-17,GA,Commercial,2022-08-21
P05089,M,2014-12-10,FL,Medicaid,2021-01-02
P05090,male,2019-03-09,PA,Commercial,2022-07-13
P05091,M,1959-12-27,FL,Commercial,2019-01-03
P05092,F,1937-05-11,NC,Medicare,2020-05-06
P05093,F,1977-03-16,TX,Commercial,2019-11-28
P05094,F,1991-11-17,FL,Commercial,2022-08-01
P05095,M,1990-03-15,FL,Medicaid,2023-11-09
P05096,F,1948-03-11,FL,Medicare,2023-10-06
P05097,F,1955-05-08,GA,Medicare,2019-09-17
P05098,F,1944-09-04,CA,Medicare,2019-08-21
P05099,M,1995-10-20,CA,Medicaid,2020-08-09
P05100,female,2022-04-18,TX,Medicaid,2021-01-22
P05101,M,1941-11-04,PA,Medicare,2022-12-16
P05102,F,2004-04-29,OH,Commercial,2020-03-18
P05103,M,1975-11-01,NC,Commercial,2021-06-03
P05104,M,1953-08-31,CA,Medicare,2020-12-27
P05105,M,2021-06-30,NC,Medicaid,2023-11-19
P05106,M,1996-11-02,GA,Commercial,2021-06-03
P05107,F,1972-03-16,GA,Commercial,2020-07-15
P05108,F,1971-04-23,GA,Commercial,2020-02-26
P05109,female,1954-12-26,OH,Medicare,2023-04-11
P05110,F,1984-02-26,TX,Medicaid,2023-11-04
P05111,M,1979-04-15,AZ,Commercial,2019-09-23
P05112,F,1935-03-02,FL,Medicare,2022-06-11
P05113,M,1953-05-26,TX,Medicare,2021-08-22
P05114,F,2021-05-17,FL,Medicaid,2020-11-12
P05115,M,1996-08-14,PA,Commercial,2021-07-19
P05116,M,1969-10-09,NY,Medicaid,2019-04-15
P05117,M,1935-10-08,CA,Medicare,2019-10-17
P05118,F,1938-09-07,CA,Medicare,2022-01-13
P05119,M,1980-09-16,FL,Commercial,2023-01-18
P05120,M,1937-03-31,OH,Medicare,2019-02-17
P05121,F,1947-06-24,PA,Medicare,2020-06-18
P05122,M,1990-08-04,CA,Commercial,2020-03-24
P05123,M,1978-04-11,GA,Commercial,2021-09-07
P05124,F,1945-04-08,NC,Medicare,2021-07-31
P05125,F,1953-01-24,NC,Medicare,2023-02-04
P05126,F,1959-09-11,IL,Commercial,2021-11-09
P05127,F,2022-10-04,FL,Commercial,2021-04-16
P05128,M,1973-12-29,IL,Commercial,2023-05-10
P05129,M,1996-11-03,IL,Medicaid,2020-10-29
P05130, f,1976-05-25,GA,Medicaid,2020-12-05
P05131,M,2018-03-11,NC,Commercial,2019-10-20
P05132,M,1989-05-26,GA,Commercial,2023-09-28
P05133,F,2022-01-04,GA,Commercial,2022-11-16
P05134,M,1980-05-16,CA,Commercial,2021-11-09
P05135,M,2009-02-12,FL,Medicaid,2019-08-10
P05136,F,1937-09-25,FL,Medicare,2022-10-25
P05137,F,2018-09-04,NC,Commercial,2019-02-22
P05138,M,2006-03-10,AZ,Commercial,2019-03-23
P05139,F,1961-05-04,FL,Commercial,2023-07-12
P05140,F,1959-07-08,FL,Medicaid,2022-03-10
P05141,M,1946-01-17,FL,Medicare,2022-09-16
P05142,M,1944-03-28,FL,Medicare,2021-07-23
P05143,M,1985-09-15,IL,Commercial,2019-05-21
P05144,F,2003-05-23,NY,Medicaid,2022-02-15
P05145,M,1962-08-09,NC,Commercial,2020-09-09
P05146,M,2008-08-02,TX,Medicaid,2023-04-26
P05147,F,2012-03-13,AZ,Medicaid,2021-02-25
P05148,F,2009-04-27,NY,Commercial,2022-03-29
P05149,F,2014-12-27,IL,Medicaid,2019-06-02
P05150,F,1992-06-05,CA,Commercial,2020-02-10
P05151,M,1944-05-09,IL,Medicare,2022-12-05
P05152,M,2009-06-28,NY,Commercial,2020-11-24
P05153,F,1999-09-14,PA,Commercial,2022-04-17
P05154,F,1981-05-09,TX,Commercial,2021-10-25
P05155,M,1968-01-21,NC,Commercial,2021-09-09
P05156,F,2019-12-01,CA,Commercial,2019-11-26
P05157,F,1983-05-26,NY,Commercial,2022-07-21
P05158,M,1952-02-03,NY,Medicare,2023-12-25
P05159,M,1959-08-08,FL,Commercial,2023-01-14
P05160,M,2005-08-31,IL,Commercial,2019-11-15
P05161,F,1968-10-02,NY,Medicaid,2022-07-09
P05162,M,1973-10-10,FL,Medicaid,2023-09-15
P05163,M,2002-08-11,NC,Commercial,2022-01-01
P05164,F,2002-03-25,NC,Commercial,2019-08-27
P05165,F,1948-10-26,FL,Medicare,2019-08-22
P05166,F,1945-10-08,TX,Medicare,2019-04-08
P05167,F,1995-01-02,CA,Commercial,2020-08-01
P05168,M,1946-01-02,PA,Medicare,2019-11-29
P05169,M,1993-10-10,TX,Commercial,2020-02-21
P05170,M,1972-07-31,GA,Commercial,2023-11-27
P05171,M,1952-08-06,NC,Medicare,2021-11-30
P05172,F,1941-09-14,GA,Medicare,2021-05-16
P05173,F,2002-11-06,IL,Medicaid,2021-09-07
P05174,F,1976-12-09,OH,Commercial,2019-11-11
P05175,M,2014-05-21,IL,Commercial,2019-02-04
P05176,F,2005-12-16,,Commercial,2021-04-12
P05177,F,2003-05-20,FL,Commercial,2023-07-10
P05178,F,1982-11-27,CA,Commercial,2022-03-16
P05179,M,1934-11-05,FL,Medicare,2023-01-06
P05180,F,1944-12-30,GA,Medicare,2021-08-25
P05181,F,1943-08-09,TX,Medicare,2022-10-31
P05182,M,1963-09-04,NY,Commercial,2023-08-07
P05183,F,1995-09-02,TX,Commercial,2023-02-22
P05184,M,1937-09-09,GA,Medicare,2021-07-10
P05185,M,1984-01-24,GA,Commercial,2023-04-18
P05186,F,1973-07-28,NC,Medicaid,2023-11-12
P05187,F,2008-03-11,TX,Commercial,2022-08-08
P05188,F,1947-10-08,NC,Medicare,2020-10-13
P05189,F,2007-07-09,OH,Medicaid,2020-11-06
P05190,M,1938-12-09,NC,Medicare,2022-01-19
P05191, f,1957-09-28,IL,Medicare,2020-09-08
P05192,F,1947-12-07,AZ,Medicare,2023-01-17
P05193,M,1983-12-25,FL,Commercial,2020-05-23
P05194,M,1953-10-26,TX,Medicare,2023-12-01
P05195,M,1966-11-03,OH,Medicaid,2023-04-30
P05196,M,2005-09-07,OH,Medicaid,2019-05-25
P05197,F,1984-04-04,FL,Commercial,2021-08-31
P05198,F,1990-11-07,AZ,Commercial,2021-03-22
P05199,male,1952-05-23,PA,Medicare,2022-01-06
P05200,M,1935-08-21,IL,Medicare,2020-10-08
P05201,F,1963-08-07,GA,Commercial,2020-04-06
P05202,M,1977-01-29,NY,Commercial,2020-02-09
P05203,M,1965-07-15,NY,Commercial,2022-10-04
P05204,F,1967-09-28,TX,Commercial,2020-11-14
P05205,M,2000-10-06,GA,Commercial,2020-01-31
P05206,F,1987-11-01,FL,Commercial,2021-12-09
P05207,M,2011-03-15,PA,Commercial,2022-02-03
P05208,F,1963-05-04,NY,Medicaid,2020-11-12
P05209,M,1961-09-25,CA,Commercial,2021-02-18
P05210,M,1966-07-05,GA,Commercial,2022-09-28
P05211,F,1975-07-01,IL,Commercial,2019-03-20
P05212,M,1968-12-14,IL,Commercial,2021-03-13
P05213,F,1972-02-04,NC,Medicaid,2021-03-07
P05214,F,2009-03-19,TX,Medicaid,2022-12-22
P05215,F,2006-06-19,GA,Commercial,2020-08-17
P05216,M,1989-04-14,CA,Commercial,2019-06-02
P05217,M,1996-11-22,PA,Commercial,2020-05-16
P05218,F,1976-01-10,AZ,Commercial,2021-06-16
P05219,M,1976-05-12,FL,Commercial,2020-10-27
P05220,M,1960-01-24,TX,Commercial,2022-11-01
P05221,F,1972-02-20,TX,Commercial,2023-09-13
P05222,M,1953-06-01,TX,Medicare,2020-10-21
P05223,F,2001-09-17,NC,Commercial,2023-02-04
P05224,M,2002-04-25,CA,Commercial,2023-07-21
P05225,M,1982-06-28,IL,Commercial,2020-02-17
P05226,male,2001-08-04,GA,Commercial,2021-10-31
P05227,F,1960-04-16,TX,Commercial,2019-09-27
P05228,F,2005-02-10,CA,Commercial,2019-09-04
P05229,M,1995-10-31,,Commercial,2023-05-22
P05230,M,1970-06-13,PA,Commercial,2020-03-01
P05231,M,2000-03-22,PA,Medicaid,2022-04-30
P05232,M,2021-09-04,NY,Medicaid,2020-06-27
P05233,M,2002-08-29,GA,Commercial,2023-10-13
P05234,female,2000-12-28,NC,Commercial,2021-08-26
P05235,F,1954-09-05,AZ,Medicare,2020-11-10
P05236,F,1941-05-31,GA,Medicare,2021-10-08
P05237,F,1988-01-12,FL,Commercial,2021-03-31
P05238,M,1997-06-23,FL,Commercial,2023-12-12
P05239,F,1991-09-17,NC,Commercial,2023-12-19
P05240,F,1938-03-10,CA,Medicare,2021-01-01
P05241,F,2012-10-24,FL,Commercial,2021-12-03
P05242,M,1984-10-24,FL,Commercial,2021-02-12
P05243, f,1967-06-25,NC,Commercial,2022-03-16
P05244,F,1990-03-09,TX,Commercial,2023-12-23
P05245,M,2020-10-15,GA,Commercial,2020-07-03
P05246,F,1935-12-27,CA,Medicare,2023-04-26
P05247,M,1945-04-11,FL,Medicare,2020-01-30
P05248,F,1975-06-01,FL,Commercial,2023-12-10
P05249,M,1965-04-25,GA,Commercial,2019-05-12
P05250,F,1959-08-10,GA,Medicaid,2022-09-26
P05251,F,2016-11-18,FL,Commercial,2019-07-17
P05252,F,2011-09-02,FL,Commercial,2023-12-25
P05253,M ,1982-07-13,FL,Commercial,2021-10-02
P05254,M,1974-07-26,NC,Medicaid,2021-12-01
P05255,F,1940-02-11,OH,Medicare,2023-03-08
P05256,M,1988-10-11,FL,Medicaid,2021-08-15
P05257,F,1950-09-09,CA,Medicare,2022-12-05
P05258,M,1977-10-26,GA,Commercial,2021-10-26
P05259,M,1980-06-06,IL,Commercial,2022-02-17
P05260,F,1993-03-13,GA,Commercial,2023-01-03
P05261,F,1942-02-12,FL,Medicare,2020-01-23
P05262,M,1954-10-09,TX,Medicare,2021-05-21
P05263,M,1971-07-29,FL,Commercial,2019-10-24
P05264,M,2021-04-07,FL,Medicaid,2019-12-08
P05265, f,1969-12-15,TX,Commercial,2022-09-09
P05266,M,1969-04-16,NC,Commercial,2022-07-19
P05267,F,1979-11-13,FL,Commercial,2019-04-01
P05268,M,1971-12-20,GA,Medicaid,2022-06-10
P05269,M,1964-11-20,PA,Medicaid,2023-07-13
P05270,M,2013-02-13,GA,Commercial,2021-04-16
P05271,M,1988-04-27,FL,Medicaid,2019-03-04
P05272,M,1982-03-18,NY,Medicaid,2022-11-01
P05273,F,1962-04-24,FL,Medicaid,2020-10-25
P05274,M,1976-03-16,OH,Medicaid,2022-04-25
P05275,F,1985-07-03,GA,Commercial,2022-01-29
P05276,F,1935-03-12,FL,Medicare,2021-09-28
P05277,F,1937-12-11,OH,Medicare,2023-04-15
P05278,F,1944-06-02,PA,Medicare,2022-01-26
P05279,F,1995-04-01,NC,Commercial,2022-08-21
P05280,female,1950-01-03,GA,Medicare,2019-11-30
P05281,F,1967-08-23,NY,Medicaid,2022-11-12
P05282,F,1982-10-27,AZ,Commercial,2019-10-05
P05283,female,2017-04-13,NY,Medicaid,2023-12-02
P05284,M,1977-12-05,IL,Commercial,2021-12-27
P05285,M ,1994-03-23,NC,Commercial,2022-08-30
P05286,M,1981-04-18,PA,Commercial,2021-10-06
P05287,M,1943-04-24,FL,Medicare,2020-02-24
P05288,M,1933-09-15,IL,Medicare,2019-03-22
P05289,F,2009-11-18,PA,Commercial,2020-05-13
P05290,F,1942-05-23,OH,Medicare,2021-06-27
P05291,F,2009-08-21,IL,Commercial,2021-06-10
P05292,female,1964-08-11,OH,Commercial,2019-01-15
P05293,male,2019-10-25,CA,Medicaid,2019-01-18
P05294,F,1946-09-01,CA,Medicare,2020-03-10
P05295,M,1945-03-03,PA,Medicare,2023-03-08
P05296,F,1937-02-08,OH,Medicare,2022-09-06
P05297,M,2000-08-26,CA,Medicaid,2022-08-22
P05298,F,1965-11-10,CA,Commercial,2022-11-09
P05299,M ,1959-12-20,IL,Commercial,2019-03-03
P05300,M,1981-10-24,FL,Commercial,2023-03-17
P05301,F,1945-12-28,NC,Medicare,2019-09-28
P05302,F,1940-05-02,CA,Medicare,2019-12-22
P05303,M,1950-05-11,PA,Medicare,2021-05-12
P05304,F,2016-03-21,GA,Commercial,2022-06-20
P05305,F,1969-09-01,NY,Commercial,2022-09-03
P05306,M,1937-03-03,FL,Medicare,2020-08-16
P05307,M,1969-10-31,CA,Medicaid,2020-08-25
P05308,F,1984-10-08,OH,Commercial,2021-04-21
P05309,F,1968-02-01,CA,Commercial,2021-02-28
P05310,F,2018-02-13,CA,Commercial,2019-11-16
P05311,M,2021-05-27,TX,Commercial,2020-03-26
P05312,F,2016-05-23,CA,Commercial,2020-04-01
P05313,F,1967-04-21,IL,Commercial,2022-08-08
P05314,F,1940-03-06,NC,Medicare,2023-09-07
P05315,male,1959-10-09,FL,Commercial,2021-09-17
P05316,F,2002-12-06,NY,Commercial,2022-04-24
P05317,M,2006-10-25,NC,Commercial,2022-04-30
P05318,F,2001-08-23,NY,Medicaid,2021-05-27
P05319,M,1970-10-06,CA,Commercial,2019-05-19
P05320,F,2007-06-24,IL,Commercial,2019-12-27
P05321,M,1988-11-11,PA,Commercial,2020-08-18
P05322,M,1955-06-05,FL,Medicare,2020-06-07
P05323,F,2000-04-16,NY,Medicaid,2021-12-07
P05324,F,1993-11-25,CA,Commercial,2021-04-04
P05325,M,1980-09-18,PA,Commercial,2021-11-01
P05326,F,1972-06-18,GA,Commercial,2019-12-18
P05327,male,1953-12-07,FL,Medicare,2019-01-20
P05328,M,1990-05-03,CA,Medicaid,2021-10-30
P05329,F,2013-03-31,NY,Commercial,2020-05-26
P05330,F,2022-08-22,GA,Commercial,2023-09-22
P05331,F,1934-12-28,IL,Medicare,2021-12-29
P05332,M,1942-07-02,TX,Medicare,2019-08-27
P05333,F,2007-02-18,FL,Commercial,2020-07-28
P05334,M,2020-09-16,FL,Commercial,2021-05-15
P05335,M,1962-02-25,GA,Commercial,2022-12-07
P05336,M,1958-02-17,FL,Medicare,2019-12-18
P05337,F,1956-09-20,TX,Medicare,2019-02-25
P05338,F,1954-05-27,FL,Medicare,2022-01-16
P05339,F,2023-12-17,CA,Medicaid,2019-12-16
P05340,F,2009-06-13,TX,Commercial,2021-01-22
P05341,F,2017-02-13,CA,Commercial,2022-01-06
P05342,M,1994-01-21,AZ,Commercial,2022-05-07
P05343,F,1982-10-20,AZ,Medicaid,2021-06-28
P05344,F,1938-05-03,TX,Medicare,2021-12-15
P05345,M,1998-12-07,TX,Commercial,2020-12-01
P05346,M,1988-09-20,NC,Commercial,2023-04-07
P05347,F,1957-03-02,TX,Medicare,2021-08-14
P05348,F,1939-05-12,OH,Medicare,2020-04-18
P05349,F,1947-08-11,CA,Medicare,2019-10-12
P05350,F,1962-01-15,FL,Commercial,2022-08-08
P05351,F,2003-03-31,TX,Medicaid,2021-01-01
P05352,F,1944-12-23,PA,Medicare,2022-06-30
P05353,M,1955-12-03,CA,Medicare,2020-01-21
P05354,Male,1946-05-17,NC,Medicare,2022-03-26
P05355,F,1993-02-14,NC,Medicaid,2020-08-20
P05356, f,1977-11-04,NY,Medicaid,2021-11-04
P05357,M,1943-06-19,GA,Medicare,2022-09-01
P05358,M,2015-03-09,CA,Commercial,2021-02-14
P05359,M,1968-02-21,FL,Commercial,2020-11-19
P05360,M,1982-05-12,CA,Medicaid,2020-08-03
P05361,M,1941-01-01,FL,Medicare,2020-01-18
P05362,M ,1967-01-24,IL,Commercial,2020-08-16
P05363,F,2004-03-02,OH,Commercial,2019-10-01
P05364,M,1972-05-01,FL,Medicaid,2021-11-19
P05365,M,1986-01-06,OH,Medicaid,2021-06-17
P05366,F,1963-12-26,NC,Medicaid,2021-08-05
P05367,M,1993-11-29,NC,Commercial,2021-02-10
P05368,female,1936-06-28,TX,Medicare,2023-04-20
P05369,M,1991-05-02,NY,Medicaid,2019-09-26
P05370,F,1998-02-05,CA,Commercial,2021-05-25
P05371,M,1999-04-29,TX,Commercial,2021-03-28
P05372,F,1964-10-08,CA,Medicaid,2019-08-15
P05373,M,1969-02-03,GA,Commercial,2021-09-05
P05374,M,1937-12-01,PA,Medicare,2021-09-13
P05375,F,1940-11-27,AZ,Medicare,2021-03-06
P05376,F,1936-04-13,TX,Medicare,2019-04-26
P05377,F,2017-01-14,TX,Commercial,2022-09-26
P05378,M,1946-07-01,GA,Medicare,2023-03-23
P05379,M,2013-11-12,PA,Commercial,2023-06-19
P05380,F,1967-12-15,FL,Medicaid,2020-04-27
P05381,M,1994-01-08,OH,Commercial,2023-12-13
P05382,M ,1936-09-20,PA,Medicare,2020-06-18
P05383,M,1943-05-13,TX,Medicare,2019-08-01
P05384,F,2018-09-03,OH,Commercial,2020-08-06
P05385,F,1974-10-14,NY,Commercial,2023-02-24
P05386,M,1957-05-02,TX,Medicare,2020-09-09
P05387,F,2004-04-06,IL,Commercial,2021-10-15
P05388,F,2010-07-12,NY,Commercial,2023-11-22
P05389,M,1967-06-30,FL,Commercial,2023-01-06
P05390,F,1973-07-07,CA,Medicaid,2020-04-17
P05391,M,1942-05-30,CA,Medicare,2021-03-14
P05392,M,1978-03-12,CA,Commercial,2021-07-04
P05393,M,2008-04-16,TX,Medicaid,2020-02-15
P05394,M,2012-09-21,NC,Commercial,2021-05-20
P05395,Male,1980-10-02,GA,Commercial,2019-03-01
P05396,M,1969-04-30,NY,Commercial,2023-10-01
P05397,M,1964-05-10,GA,Commercial,2022-07-28
P05398,M,1993-08-19,CA,Commercial,2023-01-23
P05399,M,1955-03-01,PA,Medicare,2021-12-07
P05400,F,1988-08-01,FL,Commercial,2019-06-14
P05401,F,1958-08-31,FL,Medicare,2021-12-15
P05402,F,1960-06-12,OH,Commercial,2022-06-05
P05403,M,2016-10-22,TX,Commercial,2023-07-31
P05404,M,1981-04-22,TX,Commercial,2022-01-13
P05405,M,1951-02-08,CA,Medicare,2022-11-10
P05406,M,1955-01-22,NY,Medicare,2023-01-21
P05407,M,2017-07-21,FL,Commercial,2023-05-02
P05408,F,2022-09-24,OH,Commercial,2020-11-04
P05409,F,1984-07-10,FL,Commercial,2020-06-17
P05410,M,2011-11-25,PA,Medicaid,2020-04-20
P05411,F,1984-05-02,OH,Commercial,2023-09-26
P05412,M,1944-07-28,FL,Medicare,2019-05-26
P05413,M,1971-11-18,OH,Commercial,2021-06-20
P05414,F,2002-06-15,NC,Commercial,2021-03-12
P05415,M,1939-04-14,AZ,Medicare,2019-08-14
P05416,M,2001-10-09,NC,Commercial,2022-08-16
P05417,M ,1996-08-06,TX,Commercial,2021-06-27
P05418,M,1989-02-09,CA,Medicaid,2023-08-25
P05419, f,1982-04-16,NC,Commercial,2021-07-17
P05420,Male,1979-03-16,OH,Commercial,2022-09-03
P05421,F,1959-07-21,NY,Commercial,2023-02-03
P05422,female,2012-07-04,PA,Commercial,2020-11-29
P05423,F,1936-07-03,GA,Medicare,2023-05-09
P05424,Male,1984-07-20,AZ,Commercial,2019-02-19
P05425,M,2003-11-10,TX,Medicaid,2022-11-03
P05426,F,1946-12-17,FL,Medicare,2023-08-10
P05427,M,1978-03-03,GA,Medicaid,2021-10-08
P05428,M,2011-06-20,IL,Medicaid,2022-01-23
P05429,M,2012-06-20,OH,Medicaid,2020-09-18
P05430,F,1943-05-29,TX,Medicare,2020-09-01
P05431,F,1976-08-03,IL,Commercial,2021-01-16
P05432,F,2021-02-09,GA,Commercial,2021-02-17
P05433,M,1955-07-14,,Medicare,2020-02-13
P05434,F,1989-07-02,FL,Commercial,2020-09-29
P05435,F,1942-06-21,NY,Medicare,2023-04-22
P05436,M,1975-11-05,NY,Commercial,2021-09-08
P05437,F,1964-10-29,FL,Medicaid,2020-07-25
P05438,M,2021-10-27,FL,Commercial,2022-09-01
P05439,M,1974-09-30,TX,Medicaid,2019-09-08
P05440,F,2002-11-03,GA,Commercial,2021-08-03
P05441,F,1988-10-11,CA,Commercial,2022-05-25
P05442,F,1966-01-23,NY,Medicaid,2022-02-04
P05443,M,1967-08-23,FL,Medicaid,2020-11-28
P05444,F,1951-03-18,FL,Medicare,2020-06-16
P05445,F,2008-08-10,CA,Medicaid,2022-09-22
P05446,F,1977-03-05,OH,Commercial,2023-02-22
P05447,M,1966-04-01,NY,Medicaid,2023-07-18
P05448,M,1984-02-29,CA,Commercial,2021-07-10
P05449,M,1947-09-18,AZ,Medicare,2019-05-15
P05450,M,2013-11-27,OH,Commercial,2019-03-18
P05451,M,1975-09-11,TX,Commercial,2021-03-16
P05452,M,1933-04-19,PA,Medicare,2021-05-06
P05453,M,1958-05-07,CA,Medicare,2021-06-27
P05454,F,1989-04-18,NY,Commercial,2022-10-26
P05455,F,1996-01-04,NC,Medicaid,2021-12-03
P05456,F,1943-10-11,TX,Medicare,2019-04-30
P05457,F,1973-07-22,IL,Commercial,2020-12-03
P05458,M,1938-07-05,FL,Medicare,2022-10-13
P05459,F,2021-11-07,TX,Commercial,2023-07-26
P05460,F,1992-05-04,FL,Commercial,2020-04-01
P05461,M,1946-12-14,NC,Medicare,2019-06-29
P05462,M,1975-02-08,GA,Commercial,2023-06-16
P05463,M,1974-11-29,TX,Commercial,2022-02-16
P05464,F,1958-11-21,IL,Medicare,2019-09-29
P05465,M,1962-10-29,FL,Commercial,2022-09-26
P05466,F,2015-02-10,FL,Medicaid,2023-02-06
P05467,M,1934-02-20,CA,Medicare,2022-01-12
P05468,Male,1975-01-30,TX,Commercial,2022-01-12
P05469,M,1945-03-02,FL,Medicare,2021-08-06
P05470,F,1980-01-29,GA,Commercial,2019-03-06
P05471,M,1946-07-12,GA,Medicare,2019-02-22
P05472,F,2006-12-30,GA,Commercial,2021-02-08
P05473,F,2018-07-25,OH,Medicaid,2023-08-17
P05474,M,1975-10-13,TX,Commercial,2022-09-07
P05475,F,1936-10-03,NY,Medicare,2023-02-06
P05476,F,1991-04-24,GA,Commercial,2023-12-31
P05477,F,1973-11-01,AZ,Commercial,2022-02-02
P05478,F,2001-09-05,OH,Commercial,2023-12-20
P05479,F,1941-08-10,TX,Medicare,2021-02-17
P05480,M,1972-12-09,NC,Medicaid,2022-08-18
P05481,F,1995-04-21,TX,Commercial,2020-05-19
P05482,Male,1983-03-29,FL,Commercial,2021-05-15
P05483,M,2014-06-11,TX,Commercial,2019-04-02
P05484,M ,1991-12-22,CA,Commercial,2021-07-31
P05485,M,1968-03-19,TX,Medicaid,2023-03-22
P05486,M,1973-07-22,TX,Medicaid,2019-05-25
P05487,F,2004-09-25,NC,Medicaid,2022-06-17
P05488,Male,1988-01-21,IL,Commercial,2020-03-08
P05489,F,1983-02-22,IL,Commercial,2020-02-03
P05490,F,1938-07-24,CA,Medicare,2019-05-20
P05491,M,1970-07-23,CA,Commercial,2020-10-20
P05492,F,1945-02-02,NY,Medicare,2021-06-12
P05493,Male,1975-10-24,TX,Commercial,2022-01-29
P05494,M,2000-08-04,NC,Commercial,2021-10-08
P05495,M,1999-06-07,FL,Medicaid,2020-02-07
P05496,F,1993-08-27,IL,Commercial,2021-03-04
P05497,F,1996-09-07,GA,Medicaid,2023-10-04
P05498,F,1961-11-22,GA,Commercial,2022-02-21
P05499,F,1967-09-26,GA,Commercial,2019-06-08
P05500,M,1965-08-23,PA,Commercial,2022-12-13
P05501,M,1984-03-01,GA,Commercial,2021-08-23
P05502,M,1950-08-30,CA,Medicare,2019-10-28
P05503,M,2014-11-03,TX,Commercial,2022-07-21
P05504,F,1952-02-27,CA,Medicare,2020-08-08
P05505,F,1981-08-25,CA,Medicaid,2020-01-30
P05506,M,2000-01-31,AZ,Commercial,2022-05-17
P05507,F,1981-11-22,TX,Commercial,2019-07-12
P05508,F,1966-12-23,TX,Commercial,2021-10-09
P05509,M,1937-01-29,FL,Medicare,2022-07-10
P05510,F,1942-11-26,NY,Medicare,2022-11-16
P05511,F,1990-12-28,PA,Commercial,2022-09-02
P05512,F,1946-05-11,GA,Medicare,2021-03-10
P05513,F,2020-09-07,AZ,Commercial,2022-11-16
P05514,M,2006-07-08,FL,Commercial,2022-03-18
P05515,F,1963-08-05,OH,Commercial,2020-06-13
P05516,M,1966-09-14,NC,Medicaid,2019-08-18
P05517,F,1986-07-09,IL,Commercial,2020-08-10
P05518,F,2021-09-28,NY,Commercial,2021-05-12
P05519,F,2020-10-10,NC,Commercial,2020-07-10
P05520,M,1935-10-11,FL,Medicare,2021-12-11
P05521,M,1965-11-18,TX,Commercial,2022-08-25
P05522,M,1999-06-24,OH,Commercial,2020-04-03
P05523,M,1966-06-14,FL,Commercial,2023-04-30
P05524,F,1941-12-25,OH,Medicare,2019-06-25
P05525,M,2015-07-18,TX,Commercial,2021-11-10
P05526,M,1987-04-07,TX,Medicaid,2019-12-02
P05527,M,2000-12-31,CA,Commercial,2023-07-05
P05528,F,2009-09-13,FL,Commercial,2021-07-12
P05529,M,1980-01-16,CA,Medicaid,2021-11-22
P05530,male,2010-07-29,IL,Medicaid,2022-03-22
P05531,M,1965-12-25,FL,Commercial,2021-06-11
P05532,F,1971-06-23,GA,Medicaid,2020-09-10
P05533,F,1944-08-04,FL,Medicare,2019-04-18
P05534,F,2019-10-16,NY,Commercial,2019-12-03
P05535,M,1961-12-05,NC,Medicaid,2022-11-05
P05536,F,1947-02-13,IL,Medicare,2019-02-10
P05537,M,1976-03-10,TX,Commercial,2021-07-06
P05538,F,1938-04-27,FL,Medicare,2021-09-19
P05539,F,1974-12-25,FL,Commercial,2023-12-12
P05540,F,2003-02-18,TX,Commercial,2020-08-30
P05541,M,1978-07-12,NY,Medicaid,2019-07-28
P05542,Female,1958-07-11,IL,Medicare,2022-07-16
P05543,M,1947-02-15,GA,Medicare,2019-09-02
P05544,M,1951-07-28,OH,Medicare,2023-07-26
P05545,M,1954-10-06,NY,Medicare,2019-03-04
P05546,M,1994-10-06,PA,Commercial,2022-09-27
P05547,M,2023-01-28,PA,Medicaid,2021-08-06
P05548,M,1943-06-17,PA,Medicare,2023-12-06
P05549,F,1940-06-03,TX,Medicare,2019-07-07
P05550,F,1969-05-29,TX,Commercial,2021-06-16
P05551,M,1959-10-13,GA,Commercial,2019-02-25
P05552,F,2018-07-31,GA,Commercial,2022-02-19
P05553,female,2007-01-19,CA,Commercial,2023-09-14
P05554,M,1974-11-08,AZ,Commercial,2020-08-12
P05555,male,1956-01-19,CA,Medicare,2023-03-10
P05556,F,2007-09-24,TX,Medicaid,2020-12-05
P05557,M,2005-09-15,GA,Commercial,2023-10-30
P05558,F,1964-12-26,CA,Commercial,2023-03-01
P05559,F,1953-05-03,GA,Medicare,2020-10-24
P05560,M,2023-09-07,FL,Commercial,2020-08-20
P05561,F,1969-07-17,FL,Medicaid,2023-03-29
P05562,M,1987-06-04,PA,Commercial,2023-01-24
P05563,M,1969-05-14,TX,Commercial,2019-09-18
P05564,F,1983-01-18,IL,Commercial,2023-12-22
P05565,F,1979-06-13,NY,Medicaid,2022-11-08
P05566,M,1986-10-28,NC,Commercial,2019-02-26
P05567,M,1933-04-19,PA,Medicare,2021-04-07
P05568,M,1971-12-12,PA,Commercial,2023-11-13
P05569,M,1990-02-27,FL,Commercial,2019-07-18
P05570,M,2016-09-14,GA,Medicaid,2022-04-18
P05571,F,2017-04-12,FL,Commercial,2020-06-05
P05572,F,1996-11-04,NY,Commercial,2020-10-25
P05573,F,1940-08-05,FL,Medicare,2022-03-03
P05574,F,1967-04-23,CA,Medicaid,2022-02-25
P05575,M,2021-05-19,TX,Commercial,2021-04-02
P05576,M,1966-12-29,AZ,Commercial,2022-02-05
P05577,M,2020-12-19,PA,Medicaid,2023-02-18
P05578,M,1958-01-07,NC,Medicare,2020-05-23
P05579,F,1996-06-21,NC,Medicaid,2020-08-19
P05580,F,1954-02-22,FL,Medicare,2020-12-29
P05581,F,1958-12-05,FL,Medicare,2020-04-18
P05582,M,1974-07-05,TX,Commercial,2021-05-30
P05583,M,2015-06-05,IL,Commercial,2019-05-13
P05584,M,1937-01-29,FL,Medicare,2019-07-29
P05585,M,1934-04-16,TX,Medicare,2019-02-06
P05586,F,1966-05-16,OH,Medicaid,2023-06-18
P05587,F,1934-09-15,TX,Medicare,2023-06-29
P05588,F,1969-01-03,IL,Commercial,2021-08-27
P05589,M,1994-09-03,IL,Commercial,2020-07-17
P05590,F,1955-09-22,FL,Medicare,2022-10-22
P05591,M,1980-04-11,CA,Commercial,2023-06-05
P05592,F,1944-01-03,FL,Medicare,2023-10-26
P05593,M,1938-02-22,NY,Medicare,2021-03-25
P05594,M,1992-10-27,IL,Commercial,2019-02-10
P05595,F,1953-03-09,FL,Medicare,2021-09-06
P05596,M,1951-08-26,IL,Medicare,2020-05-02
P05597,male,2013-10-11,AZ,Medicaid,2023-09-29
P05598,M,1970-01-24,NC,Commercial,2022-12-03
P05599,F,1948-01-20,TX,Medicare,2020-08-08
P05600,M,1984-08-18,GA,Commercial,2021-12-28
P05601,F,1957-12-22,TX,Medicare,2023-11-14
P05602,F,2020-10-16,FL,Commercial,2022-11-15
P05603,F,2021-06-17,FL,Medicaid,2020-01-15
P05604,M,1980-12-10,FL,Medicaid,2020-07-31
P05605,F,1956-10-10,NC,Medicare,2019-12-16
P05606,M,1943-11-08,FL,Medicare,2022-04-02
P05607,F,2011-01-19,TX,Commercial,2019-05-12
P05608,F,1957-08-24,NC,Medicare,2019-05-29
P05609,M,1979-08-16,FL,Commercial,2022-03-02
P05610,F,1944-07-31,TX,Medicare,2022-12-19
P05611,F,2002-12-27,FL,Commercial,2019-03-13
P05612,F,1943-06-18,FL,Medicare,2022-04-03
P05613,F,1969-02-01,GA,Commercial,2021-07-10
P05614,F,1951-03-11,FL,Medicare,2019-05-07
P05615,M,1950-10-01,NY,Medicare,2022-08-28
P05616,M,2023-12-28,FL,Commercial,2019-08-01
P05617,F,1972-03-24,TX,Commercial,2023-03-14
P05618,F,1986-02-27,NC,Medicaid,2022-07-15
P05619,M,1942-01-29,CA,Medicare,2022-01-23
P05620,F,2023-06-05,TX,Commercial,2021-08-03
P05621,F,1971-07-13,IL,Commercial,2022-10-15
P05622,F,1963-03-31,OH,Commercial,2019-08-03
P05623,M,1947-04-25,CA,Medicare,2020-09-05
P05624,M,1943-03-31,TX,Medicare,2020-08-26
P05625,F,1983-09-20,FL,Commercial,2020-05-06
P05626,F,1951-02-06,TX,Medicare,2020-10-25
P05627,M,1958-12-18,CA,Medicare,2020-10-14
P05628,F,1940-11-27,AZ,Medicare,2020-09-13
P05629,F,2011-05-08,AZ,Commercial,2020-05-26
P05630,M,2017-06-06,FL,Commercial,2019-05-27
P05631,F,1997-06-12,AZ,Commercial,2023-01-08
P05632, f,1994-02-03,OH,Commercial,2021-06-02
P05633,M,1989-02-17,NC,Commercial,2023-01-30
P05634,M,1974-04-13,IL,Commercial,2023-02-04
P05635,F,2016-11-01,TX,Commercial,2019-04-04
P05636,F,1940-11-26,TX,Medicare,2021-08-22
P05637,F,2006-11-10,PA,Commercial,2020-06-25
P05638,F,1952-05-21,FL,Medicare,2020-05-11
P05639,F,2010-04-15,NC,Commercial,2023-11-05
P05640,F,1949-03-15,OH,Medicare,2021-07-17
P05641,F,1969-11-24,IL,Commercial,2023-02-06
P05642,F,1934-09-22,GA,Medicare,2022-06-09
P05643,F,1933-08-30,NC,Medicare,2023-01-23
P05644,M,1986-05-15,FL,Commercial,2020-09-02
P05645,M,1954-12-15,PA,Medicare,2023-05-06
P05646,M,1999-03-01,NY,Commercial,2021-10-02
P05647,M,1943-12-03,CA,Medicare,2022-06-22
P05648,M,1964-06-23,PA,Commercial,2019-03-11
P05649,F,2008-01-26,NY,Commercial,2020-01-24
P05650,M,1992-10-22,NY,Commercial,2022-03-30
P05651,F,2000-04-25,NY,Medicaid,2022-07-15
P05652,M,1974-06-14,CA,Commercial,2020-06-01
P05653,M,1942-03-07,NC,Medicare,2020-11-05
P05654,F,1968-05-31,OH,Commercial,2021-03-24
P05655,M,2018-02-25,FL,Commercial,2023-08-23
P05656,M,2017-08-06,TX,Commercial,2023-08-13
P05657,M,1999-11-03,TX,Medicaid,2020-10-27
P05658,F,1943-04-28,FL,Medicare,2021-08-27
P05659,F,2019-01-13,OH,Commercial,2019-11-10
P05660,M ,1947-07-27,NY,Medicare,2023-11-09
P05661,F,1965-03-07,FL,Commercial,2023-01-27
P05662,M,1996-02-15,CA,Commercial,2020-01-21
P05663,F,1947-05-11,TX,Medicare,2019-02-10
P05664,F,1987-03-19,NC,Commercial,2020-05-01
P05665,M,1981-06-09,FL,Commercial,2023-12-09
P05666,M,1950-03-13,FL,Medicare,2023-10-01
P05667,Male,2018-08-31,FL,Commercial,2019-08-13
P05668,M,2008-06-22,NY,Medicaid,2021-07-04
P05669,M,1943-12-04,OH,Medicare,2021-07-09
P05670,M,1965-10-21,CA,Medicaid,2019-03-14
P05671,M,1956-06-03,FL,Medicare,2022-10-06
P05672,M,1998-04-11,CA,Medicaid,2022-07-31
P05673,M,2022-12-21,NY,Commercial,2020-07-28
P05674,M,1950-12-06,OH,Medicare,2019-06-26
P05675,M,1956-12-29,GA,Medicare,2022-03-05
P05676,M,2002-06-26,NC,Medicaid,2023-04-01
P05677,M,1959-09-01,CA,Commercial,2023-09-21
P05678,M,1955-12-13,CA,Medicare,2023-12-20
P05679,M,1934-03-17,TX,Medicare,2022-02-17
P05680,M,2020-06-22,FL,Commercial,2021-05-08
P05681,female,1998-12-28,FL,Medicaid,2021-07-22
P05682,F,2019-04-26,PA,Commercial,2022-10-22
P05683,F,1996-02-03,CA,Commercial,2020-08-15
P05684,F,1942-07-31,CA,Medicare,2019-08-11
P05685,F,1966-01-19,NY,Commercial,2022-11-03
P05686, f,2002-08-01,FL,Commercial,2020-08-20
P05687,F,2006-12-03,TX,Commercial,2021-04-12
P05688,male,1983-11-18,CA,Commercial,2020-07-27
P05689,M,1958-12-07,FL,Medicare,2023-12-06
P05690,M,2021-09-12,IL,Medicaid,2020-08-21
P05691,F,1943-08-14,FL,Medicare,2020-04-08
P05692,F,2013-07-22,NC,Commercial,2020-08-10
P05693,F,1941-07-09,TX,Medicare,2019-10-21
P05694,F,2010-02-19,PA,Medicaid,2020-04-08
P05695,F,1948-12-27,PA,Medicare,2019-01-30
P05696,M,1995-02-08,TX,Commercial,2020-08-27
P05697,F,1963-10-06,NY,Commercial,2021-10-09
P05698,M,2007-01-18,AZ,Medicaid,2019-11-01
P05699, f,1996-11-12,CA,Medicaid,2020-07-13
P05700,F,2015-11-26,FL,Commercial,2021-03-19
P05701,M,1969-11-17,OH,Medicaid,2021-02-10
P05702,F,1985-09-14,TX,Commercial,2022-04-01
P05703,F,2019-01-23,GA,Commercial,2020-12-08
P05704,M,1948-07-16,PA,Medicare,2021-09-02
P05705,M,1955-11-02,AZ,Medicare,2023-05-07
P05706,M,1979-05-12,FL,Commercial,2021-10-20
P05707,M,1971-06-30,TX,Medicaid,2019-04-04
P05708,female,2006-04-19,GA,Medicaid,2022-05-05
P05709,F,1995-04-06,IL,Commercial,2020-08-13
P05710,M,1935-03-21,PA,Medicare,2021-12-04
P05711,Male,1953-11-06,IL,Medicare,2022-07-29
P05712,M,1951-07-05,FL,Medicare,2022-01-29
P05713,M,1974-05-15,FL,Medicaid,2019-03-18
P05714,F,1942-06-11,CA,Medicare,2023-06-13
P05715,M,2015-01-12,FL,Commercial,2020-08-31
P05716,F,2010-01-15,FL,Commercial,2019-11-08
P05717,F,1973-03-10,GA,Medicaid,2023-01-28
P05718,F,2008-10-05,NC,Medicaid,2020-03-22
P05719,F,1980-06-21,NC,Commercial,2020-10-27
P05720,M,1993-03-13,OH,Commercial,2022-04-25
P05721,M,1945-09-25,FL,Medicare,2023-02-13
P05722,M,2008-04-16,OH,Commercial,2019-04-13
P05723,F,2003-10-03,NY,Commercial,2023-01-07
P05724,F,1979-11-11,TX,Medicaid,2019-04-05
P05725,F,2012-10-05,CA,Medicaid,2020-10-06
P05726,M,2003-01-28,OH,Medicaid,2019-09-21
P05727,F,1950-01-02,FL,Medicare,2022-07-10
P05728,F,2014-02-22,OH,Commercial,2023-11-09
P05729,M,1986-09-23,CA,Medicaid,2020-09-22
P05730,F,2014-03-22,CA,Commercial,2022-02-23
P05731,M,1978-10-13,PA,Commercial,2021-04-02
P05732, f,2015-11-16,NC,Medicaid,2021-09-19
P05733,F,1953-09-28,CA,Medicare,2022-05-25
P05734,M ,1995-11-12,TX,Medicaid,2020-05-30
P05735,F,1979-05-13,NY,Commercial,2021-07-01
P05736,F,2023-04-27,PA,Medicaid,2020-10-30
P05737,M,1953-12-18,,Medicare,2020-08-23
P05738,F,1940-11-22,OH,Medicare,2020-08-11
P05739,F,2008-07-10,OH,Medicaid,2022-05-09
P05740,F,2004-11-20,NC,Commercial,2020-03-02
P05741,M,1944-03-04,OH,Medicare,2022-11-27
P05742,Male,1947-08-08,GA,Medicare,2019-04-07
P05743,M,1935-08-04,TX,Medicare,2019-12-16
P05744,M,1963-12-31,CA,Medicaid,2021-03-31
P05745,F,1942-04-19,CA,Medicare,2023-02-06
P05746,F,1967-04-13,CA,Commercial,2019-06-27
P05747,M,1960-03-30,AZ,Commercial,2021-03-26
P05748,F,1986-06-17,PA,Medicaid,2019-12-06
P05749,M,2010-09-24,PA,Medicaid,2023-11-12
P05750,M,1996-12-03,PA,Medicaid,2022-04-25
P05751,M,2020-09-07,OH,Commercial,2022-07-04
P05752,F,1978-06-16,NC,Commercial,2019-12-09
P05753,M,1957-11-19,GA,Medicare,2021-09-06
P05754,M,1952-12-12,PA,Medicare,2023-06-01
P05755,F,1981-10-13,GA,Commercial,2020-12-05
P05756,M,1946-12-06,NC,Medicare,2023-03-18
P05757,F,2011-12-27,FL,Commercial,2021-10-08
P05758,F,2017-07-07,CA,Commercial,2019-01-16
P05759,M,1980-04-04,TX,Commercial,2021-10-30
P05760,M,1974-07-02,NC,Commercial,2021-11-10
P05761,F,2006-11-28,PA,Commercial,2023-10-20
P05762,F,2023-08-31,,Medicaid,2021-09-13
P05763,M,1952-12-19,FL,Medicare,2019-03-20
P05764,F,1974-05-19,IL,Medicaid,2019-04-02
P05765,M,1986-10-07,GA,Commercial,2019-03-10
P05766,M,2018-08-12,NC,Commercial,2022-03-12
P05767,F,2016-02-06,PA,Commercial,2023-09-04
P05768,M,1936-05-31,OH,Medicare,2022-10-26
P05769,F,1974-03-27,FL,Commercial,2022-12-12
P05770,F,1935-08-27,NC,Medicare,2023-08-12
P05771,M,1997-01-26,AZ,Medicaid,2020-06-16
P05772,F,1979-04-16,TX,Medicaid,2021-05-23
P05773,Female,2022-06-26,NC,Commercial,2020-05-24
P05774,M,1945-06-03,GA,Medicare,2023-01-02
P05775,F,2006-05-18,AZ,Commercial,2020-07-10
P05776,Female,1970-11-03,GA,Commercial,2023-09-05
P05777,M,1955-10-02,TX,Medicare,2020-05-25
P05778,F,1949-04-25,FL,Medicare,2019-12-10
P05779,F,1939-07-25,AZ,Medicare,2022-09-26
P05780,F,1994-03-20,CA,Commercial,2022-05-12
P05781,M,1962-06-23,GA,Medicaid,2021-10-29
P05782,F,1959-12-08,FL,Medicaid,2021-02-08
P05783,Male,1994-05-03,PA,Commercial,2021-05-11
P05784,F,2000-05-23,FL,Medicaid,2023-06-25
P05785,M,1981-08-20,CA,Commercial,2022-02-09
P05786,M,1936-03-18,CA,Medicare,2021-06-23
P05787,M,1998-08-25,OH,Medicaid,2020-12-07
P05788,M,1969-11-20,NC,Medicaid,2020-11-04
P05789,F,1965-11-17,PA,Medicaid,2020-09-03
P05790,F,1996-02-06,FL,Commercial,2021-10-02
P05791,F,1998-08-16,TX,Medicaid,2021-06-29
P05792,F,1933-08-02,FL,Medicare,2022-04-26
P05793,F,2010-09-11,TX,Commercial,2022-08-24
P05794,M,2020-04-06,CA,Commercial,2022-06-13
P05795,F,1950-05-24,CA,Medicare,2021-10-23
P05796,M,1939-02-07,IL,Medicare,2023-06-16
P05797,M,1947-02-09,IL,Medicare,2022-11-28
P05798,F,2021-01-04,TX,Medicaid,2023-06-04
P05799,F,1934-09-02,NC,Medicare,2021-12-17
P05800,Male,1984-06-01,NC,Commercial,2021-07-11
P05801,F,1984-08-27,AZ,Commercial,2023-03-10
P05802,F,1954-04-18,FL,Medicare,2023-04-23
P05803,M,1945-04-02,CA,Medicare,2021-05-17
P05804,M,1950-10-01,TX,Medicare,2022-11-20
P05805,F,1941-02-21,TX,Medicare,2019-08-31
P05806,Female,1948-09-17,CA,Medicare,2023-03-07
P05807,F,1949-01-07,GA,Medicare,2021-08-05
P05808,F,1999-02-25,FL,Medicaid,2019-12-29
P05809,Female,1965-12-25,OH,Commercial,2023-06-26
P05810,M,1952-08-08,FL,Medicare,2021-10-03
P05811,M,1953-08-12,TX,Medicare,2021-08-23
P05812,F,1982-03-06,CA,Commercial,2021-03-29
P05813,M,1939-04-12,CA,Medicare,2019-07-30
P05814,M,1941-12-13,NC,Medicare,2021-02-02
P05815,F,1943-03-01,AZ,Medicare,2022-02-12
P05816,M,1958-10-13,TX,Medicare,2022-01-08
P05817,M,2023-08-20,FL,Commercial,2020-11-19
P05818,F,1996-10-30,FL,Commercial,2022-07-06
P05819,F,1966-11-04,NY,Commercial,2020-07-31
P05820,M,1982-06-22,TX,Commercial,2022-02-03
P05821,F,1952-12-01,IL,Medicare,2023-09-13
P05822,F,2007-12-03,NY,Medicaid,2021-04-30
P05823,M,1948-03-20,NY,Medicare,2022-09-30
P05824,M,1997-08-28,PA,Commercial,2022-03-18
P05825,M,2015-05-10,OH,Commercial,2022-05-21
P05826,F,1984-01-07,NC,Commercial,2023-04-27
P05827,F,1934-12-13,NY,Medicare,2022-07-23
P05828,M,1997-03-17,GA,Commercial,2019-06-09
P05829,M,1935-11-22,CA,Medicare,2022-05-27
P05830,M,1934-03-29,,Medicare,2020-05-05
P05831,F,1955-09-12,NY,Medicare,2021-12-17
P05832,M,2009-11-12,PA,Commercial,2023-09-03
P05833,F,1979-10-10,NY,Commercial,2019-10-26
P05834,F,1947-08-21,FL,Medicare,2019-06-24
P05835,M,1943-04-10,FL,Medicare,2022-10-28
P05836,F,2007-04-28,PA,Commercial,2023-02-24
P05837,M,1997-04-10,GA,Medicaid,2019-05-09
P05838,M,1938-12-24,NY,Medicare,2023-07-07
P05839,M,1982-01-10,OH,Commercial,2019-07-24
P05840,F,1993-07-26,GA,Commercial,2023-02-19
P05841,F,1968-11-21,NC,Commercial,2019-09-03
P05842,M,1993-01-27,FL,Commercial,2019-05-05
P05843,M,1966-03-17,OH,Commercial,2022-10-20
P05844,M,1942-12-01,FL,Medicare,2022-11-24
P05845,F,2012-07-25,GA,Commercial,2023-06-22
P05846,M,1999-02-05,GA,Medicaid,2020-01-26
P05847,F,2022-04-26,,Medicaid,2022-04-04
P05848,F,2008-10-21,NY,Commercial,2020-10-15
P05849,F,2022-04-20,PA,Commercial,2020-12-07
P05850,F,1951-10-24,CA,Medicare,2021-05-31
P05851,F,2023-08-26,OH,Medicaid,2022-10-16
P05852,F,1980-10-21,CA,Medicaid,2022-03-05
P05853,F,1997-04-22,,Commercial,2021-07-02
P05854,M,1993-01-26,CA,Commercial,2023-07-16
P05855,F,1974-12-15,GA,Commercial,2021-12-26
P05856,M,1971-05-26,IL,Medicaid,2020-06-14
P05857,M,1951-10-03,IL,Medicare,2021-11-23
P05858,F,1935-04-02,FL,Medicare,2022-01-11
P05859,M,1937-11-11,IL,Medicare,2019-10-21
P05860,F,1997-08-20,FL,Commercial,2021-04-30
P05861,F,1955-10-18,NC,Medicare,2020-04-26
P05862,M,2004-02-17,PA,Commercial,2023-09-29
P05863,M,1941-12-01,GA,Medicare,2019-05-14
P05864,F,1938-06-02,FL,Medicare,2020-02-15
P05865,M,1943-11-19,OH,Medicare,2019-11-14
P05866,M ,1970-05-27,NY,Commercial,2020-07-17
P05867,F,1996-03-26,NY,Medicaid,2021-04-24
P05868,F,1945-04-01,OH,Medicare,2021-05-11
P05869,M,1984-12-19,GA,Commercial,2020-11-18
P05870,M,1965-03-24,FL,Commercial,2021-07-10
P05871,M,1935-09-15,AZ,Medicare,2020-05-10
P05872,M,2022-04-27,NC,Commercial,2022-04-26
P05873,F,2018-01-14,CA,Commercial,2020-02-27
P05874,F,1990-11-18,TX,Commercial,2022-04-17
P05875,M,1967-08-22,AZ,Commercial,2021-08-16
P05876,M,2020-02-19,GA,Commercial,2023-08-30
P05877,M,1934-11-10,FL,Medicare,2019-07-03
P05878,M,1973-09-27,TX,Commercial,2020-07-27
P05879,F,1954-06-14,NC,Medicare,2022-10-03
P05880, f,2010-01-02,GA,Commercial,2023-10-11
P05881,M,2023-09-16,TX,Commercial,2019-09-30
P05882,F,1987-08-14,NY,Commercial,2023-12-30
P05883,F,1952-03-16,CA,Medicare,2021-08-05
P05884,F,1964-11-18,FL,Medicaid,2023-11-06
P05885,F,2018-09-03,CA,Commercial,2020-07-15
P05886,M,1981-09-07,TX,Commercial,2022-12-26
P05887,F,1972-08-07,TX,Commercial,2021-11-13
P05888,F,2012-06-05,FL,Commercial,2021-02-25
P05889,M,2007-10-13,AZ,Medicaid,2022-02-24
P05890,M ,1972-08-11,NC,Commercial,2020-08-06
P05891,M,2017-01-31,FL,Medicaid,2021-06-18
P05892,M,1934-03-04,TX,Medicare,2021-11-25
P05893,M,1942-01-16,FL,Medicare,2022-05-23
P05894,M,2023-04-27,CA,Medicaid,2021-12-17
P05895,F,1994-06-02,NC,Commercial,2022-05-25
P05896,female,1937-10-15,FL,Medicare,2021-02-13
P05897,F,2001-11-04,IL,Commercial,2020-03-07
P05898,M,1971-06-19,TX,Medicaid,2021-01-07
P05899,Male,1952-08-06,GA,Medicare,2023-11-04
P05900,M,1996-03-19,FL,Commercial,2019-10-12
P05901,M,2012-12-28,FL,Medicaid,2020-01-28
P05902,M,1974-02-09,PA,Commercial,2019-11-29
P05903,F,1987-10-31,NY,Commercial,2023-10-02
P05904,F,1934-08-09,OH,Medicare,2019-11-21
P05905,M,2017-08-23,GA,Commercial,2021-09-01
P05906, f,1994-01-28,TX,Medicaid,2019-10-14
P05907,M,1945-04-13,TX,Medicare,2020-02-05
P05908,F,1939-12-19,NY,Medicare,2019-08-10
P05909,F,1962-02-23,FL,Commercial,2023-05-24
P05910,M,1976-04-29,FL,Commercial,2021-03-24
P05911,F,2018-12-07,AZ,Medicaid,2020-05-12
P05912,M,2000-03-21,NC,Commercial,2021-01-10
P05913,F,1956-12-19,FL,Medicare,2019-12-12
P05914,female,2012-07-29,OH,Commercial,2020-05-14
P05915,M,1974-11-02,TX,Commercial,2023-10-28
P05916,F,1944-12-27,OH,Medicare,2023-01-03
P05917,M,1954-06-10,IL,Medicare,2020-10-31
P05918, f,1946-04-25,FL,Medicare,2022-03-15
P05919,M,1980-07-09,AZ,Medicaid,2022-03-22
P05920,F,2005-08-28,FL,Commercial,2019-06-11
P05921,F,2023-06-28,GA,Commercial,2023-07-22
P05922,M,2008-11-06,CA,Commercial,2021-05-22
P05923,M,1934-12-13,NC,Medicare,2022-06-12
P05924,M,2015-11-05,FL,Commercial,2023-09-29
P05925,M,1935-12-13,FL,Medicare,2022-02-16
P05926,M,2020-03-26,GA,Commercial,2021-12-22
P05927,F,1988-05-23,TX,Medicaid,2021-09-24
P05928,M,1960-10-24,TX,Medicaid,2023-03-14
P05929,M,2002-06-06,FL,Medicaid,2020-05-13
P05930,M,1989-07-08,AZ,Commercial,2022-03-22
P05931,M,2019-11-22,OH,Medicaid,2021-02-19
P05932,F,1976-01-12,AZ,Commercial,2021-04-12
P05933,M,1960-01-24,FL,Commercial,2021-03-07
P05934,M,1973-03-30,FL,Commercial,2021-06-24
P05935,F,2014-03-11,NY,Commercial,2022-07-01
P05936,M,1934-06-15,CA,Medicare,2021-07-20
P05937,M,1976-03-13,CA,Commercial,2021-05-09
P05938,male,1972-06-22,FL,Commercial,2023-11-29
P05939,M,1948-11-01,PA,Medicare,2020-05-20
P05940,F,1961-10-31,NY,Medicaid,2021-10-11
P05941,F,1958-02-23,TX,Medicare,2022-07-16
P05942,Female,1944-07-22,NY,Medicare,2023-11-10
P05943,M,1991-04-10,FL,Commercial,2022-06-24
P05944,Female,1977-11-09,GA,Medicaid,2021-12-24
P05945,M,1985-07-21,AZ,Commercial,2019-10-28
P05946,M,1995-12-02,CA,Commercial,2020-10-08
P05947,M,1971-10-13,FL,Commercial,2021-11-29
P05948,F,1948-11-22,GA,Medicare,2023-05-17
P05949,F,1970-10-17,FL,Commercial,2022-08-18
P05950,M,1943-05-25,IL,Medicare,2019-06-03
P05951,M,1996-12-30,OH,Commercial,2023-05-13
P05952,F,1975-10-23,CA,Commercial,2020-11-07
P05953,F,1967-04-24,AZ,Commercial,2021-06-02
P05954,M,2000-11-07,TX,Commercial,2022-11-30
P05955,M,1975-06-13,PA,Commercial,2019-08-21
P05956,M,1953-02-18,,Medicare,2022-01-12
P05957,F,1947-03-23,PA,Medicare,2020-09-12
P05958,M,1965-11-17,IL,Commercial,2023-07-09
P05959,F,1935-11-09,NY,Medicare,2019-03-06
P05960,M,1984-04-18,FL,Commercial,2023-11-22
P05961,F,2005-08-27,FL,Commercial,2022-06-14
P05962,F,2022-08-01,GA,Commercial,2019-06-05
P05963,F,1994-07-10,GA,Commercial,2020-10-24
P05964,F,1977-06-03,TX,Commercial,2020-08-17
P05965,F,1950-07-21,NY,Medicare,2022-06-07
P05966,M,1963-12-24,FL,Commercial,2020-02-09
P05967,F,1940-11-27,IL,Medicare,2019-05-07
P05968,M,1982-12-31,FL,Commercial,2020-11-22
P05969,F,1949-09-26,FL,Medicare,2022-11-29
P05970,F,1940-03-08,FL,Medicare,2019-06-22
P05971,F,1977-01-11,AZ,Commercial,2023-12-25
P05972,M,1970-07-11,TX,Commercial,2019-07-11
P05973,F,1950-12-22,FL,Medicare,2023-12-15
P05974,M,1968-12-05,FL,Medicaid,2023-09-17
P05975,F,2017-03-09,TX,Medicaid,2023-10-17
P05976,F,2001-08-28,AZ,Commercial,2023-01-21
P05977,F,1951-02-14,CA,Medicare,2020-05-14
P05978,M,1993-06-30,TX,Commercial,2022-01-09
P05979,F,2023-02-15,TX,Commercial,2023-08-10
P05980,F,1935-11-13,FL,Medicare,2022-04-19
P05981,F,1944-02-22,NY,Medicare,2019-01-07
P05982,F,1943-06-16,TX,Medicare,2021-05-17
P05983,F,2022-07-25,NC,Medicaid,2020-05-11
P05984,M,2014-06-22,FL,Commercial,2022-09-02
P05985,M,1943-09-04,FL,Medicare,2021-05-26
P05986,F,2012-05-25,CA,Commercial,2020-01-07
P05987,F,1990-03-25,OH,Commercial,2020-08-19
P05988,F,2001-03-11,NY,Commercial,2023-12-19
P05989,M,2010-01-08,OH,Medicaid,2020-12-20
P05990,M,1973-08-03,PA,Commercial,2020-01-18
P05991,F,2021-03-26,IL,Commercial,2023-04-30
P05992,M,1937-02-10,TX,Medicare,2022-01-14
P05993,F,2014-12-25,IL,Medicaid,2020-10-11
P05994, f,1986-07-11,NC,Medicaid,2023-12-23
P05995,male,1956-04-20,CA,Medicare,2020-06-13
P05996,M,2016-07-18,CA,Commercial,2019-10-09
P05997,Male,1958-11-25,FL,Medicare,2021-05-16
P05998,M,2004-05-06,CA,Medicaid,2021-10-08
P05999,M,1975-08-06,OH,Medicaid,2023-07-18
P06000,F,1968-05-20,AZ,Medicaid,2020-05-19
P06001, f,2008-12-31,TX,Commercial,2019-04-16
P06002,F,2001-12-27,AZ,Commercial,2019-08-12
P06003,M,1944-05-25,FL,Medicare,2021-04-03
P06004,F,2017-01-07,AZ,Commercial,2023-10-31
P06005, f,2016-05-12,CA,Commercial,2022-07-29
P06006,F,2004-01-22,NC,Commercial,2022-09-10
P06007,F,1953-02-25,CA,Medicare,2023-12-19
P06008,M,1971-09-21,AZ,Medicaid,2023-05-30
P06009,F,1938-11-24,FL,Medicare,2021-02-16
P06010,M,1991-06-12,TX,Medicaid,2023-07-07
P06011,M,1950-05-19,PA,Medicare,2023-10-23
P06012,F,1955-03-26,FL,Medicare,2019-04-12
P06013,M,1965-06-24,CA,Commercial,2020-12-24
P06014,F,1938-01-30,NY,Medicare,2019-12-23
P06015,M,2006-02-26,OH,Commercial,2022-10-05
P06016,M,1962-06-01,IL,Commercial,2022-03-07
P06017,F,1982-06-13,GA,Commercial,2020-12-13
P06018,F,1995-12-26,NC,Medicaid,2020-07-26
P06019,M,1958-03-21,CA,Medicare,2022-03-01
P06020,F,1995-04-28,NC,Medicaid,2019-05-30
P06021,M,1972-02-08,GA,Medicaid,2020-06-27
P06022,F,2014-11-28,GA,Medicaid,2022-11-25
P06023,F,2012-11-08,CA,Commercial,2023-07-06
P06024,M,2004-05-01,FL,Medicaid,2023-12-07
P06025,F,1992-07-06,NC,Medicaid,2019-10-13
P06026,M,1971-06-01,FL,Medicaid,2019-11-20
P06027,male,2010-07-26,IL,Commercial,2021-08-11
P06028,M,1972-05-12,PA,Commercial,2020-05-23
P06029,F,1965-05-05,CA,Medicaid,2019-08-03
P06030,M,1995-10-24,IL,Commercial,2023-03-15
P06031,M,1961-03-29,AZ,Commercial,2019-02-07
P06032,M,1965-07-04,OH,Commercial,2021-07-22
P06033,M,1972-06-04,CA,Commercial,2021-10-24
P06034,F,1999-05-21,NY,Commercial,2023-03-15
P06035,F,2004-04-04,PA,Medicaid,2020-08-22
P06036,M,1967-09-14,NC,Medicaid,2020-12-28
P06037,F,1995-12-30,NY,Medicaid,2023-11-08
P06038,F,2021-10-26,NY,Commercial,2020-10-07
P06039,F,1977-01-13,,Commercial,2023-04-18
P06040,M,2001-10-11,OH,Commercial,2022-08-15
P06041,M,1963-10-02,PA,Commercial,2020-12-11
P06042,M,1968-02-22,FL,Commercial,2020-02-06
P06043,F,1948-10-06,FL,Medicare,2023-05-02
P06044,F,1965-07-15,AZ,Medicaid,2021-08-20
P06045,F,1941-08-18,FL,Medicare,2022-07-30
P06046,M,1974-05-04,NC,Commercial,2020-06-21
P06047,F,2006-05-28,NY,Commercial,2019-11-12
P06048,M,1980-06-27,NY,Commercial,2020-10-21
P06049,F,1967-07-02,FL,Commercial,2020-01-12
P06050,M,1952-03-02,FL,Medicare,2021-10-01
P06051,M,1995-06-03,CA,Commercial,2021-01-05
P06052,M,1940-06-29,TX,Medicare,2022-07-16
P06053,M,1998-02-11,OH,Medicaid,2019-01-24
P06054,M,2007-11-28,AZ,Commercial,2022-12-25
P06055,M,1980-03-02,PA,Commercial,2019-05-26
P06056,F,1993-10-20,TX,Commercial,2020-04-10
P06057,M,2009-09-01,NY,Commercial,2019-01-26
P06058,M,1946-12-27,FL,Medicare,2020-10-17
P06059,F,2003-06-07,NC,Medicaid,2022-03-30
P06060,F,1985-03-03,NY,Medicaid,2022-08-07
P06061,M,1953-08-14,PA,Medicare,2023-02-08
P06062,M,1966-05-03,CA,Commercial,2019-03-04
P06063,M,1968-08-10,FL,Commercial,2023-06-21
P06064,F,1993-03-29,TX,Commercial,2019-12-15
P06065,M,1977-01-01,NC,Commercial,2020-07-06
P06066,F,2012-04-15,PA,Medicaid,2023-05-15
P06067,F,1959-08-30,TX,Commercial,2019-06-05
P06068,M,2010-03-06,NC,Commercial,2023-03-11
P06069,F,1967-12-19,FL,Commercial,2023-03-14
P06070,F,1969-01-05,IL,Commercial,2021-04-14
P06071,F,2012-02-29,CA,Medicaid,2023-06-27
P06072,F,2023-05-08,OH,Commercial,2023-06-29
P06073,F,1976-05-19,TX,Commercial,2020-11-18
P06074,F,1967-10-01,IL,Commercial,2019-03-09
P06075,F,1977-07-27,NC,Medicaid,2023-09-26
P06076,M,1947-11-25,FL,Medicare,2020-10-24
P06077,F,1954-08-30,CA,Medicare,2020-12-29
P06078,M,1998-05-30,GA,Commercial,2023-09-03
P06079,M,1964-08-21,PA,Commercial,2023-04-04
P06080,F,1971-03-26,OH,Medicaid,2021-10-14
P06081,F,1972-02-24,NY,Commercial,2020-07-15
P06082,F,1997-06-10,TX,Commercial,2022-11-22
P06083,M,1951-08-30,PA,Medicare,2021-10-31
P06084,M ,1970-09-12,PA,Commercial,2021-07-20
P06085,F,2016-06-15,NY,Commercial,2020-06-11
P06086,F,2017-04-13,NC,Medicaid,2022-10-08
P06087,F,2019-11-16,GA,Commercial,2020-07-23
P06088,M,1990-07-21,TX,Commercial,2019-11-05
P06089,F,2019-07-25,IL,Commercial,2021-02-02
P06090,M,1943-09-19,NC,Medicare,2020-05-25
P06091,M,2013-10-06,FL,Commercial,2023-03-02
P06092,M,1966-02-28,NY,Commercial,2019-06-22
P06093,F,1938-07-27,TX,Medicare,2022-07-01
P06094,F,1935-06-05,GA,Medicare,2023-01-05
P06095,F,1978-12-18,AZ,Medicaid,2021-04-06
P06096,M,2001-09-19,FL,Commercial,2022-01-28
P06097,F,2006-10-11,TX,Commercial,2021-09-12
P06098,F,1949-09-03,PA,Medicare,2019-12-24
P06099,F,1940-02-28,FL,Medicare,2021-04-28
P06100,M,1960-06-06,TX,Commercial,2022-02-18
P06101,M,1941-02-05,CA,Medicare,2020-01-02
P06102,M,1968-07-30,TX,Commercial,2022-02-09
P06103,M,2010-03-25,TX,Medicaid,2019-03-20
P06104,M,1968-11-03,CA,Medicaid,2019-01-28
P06105,M,1962-03-09,AZ,Commercial,2021-08-28
P06106,F,1990-05-23,PA,Medicaid,2020-02-25
P06107,F,1990-12-17,FL,Medicaid,2020-06-18
P06108,M,1987-04-25,CA,Commercial,2019-09-14
P06109,M,2019-07-11,CA,Commercial,2021-09-12
P06110,M,1950-12-31,TX,Medicare,2021-12-20
P06111,F,1976-02-26,GA,Commercial,2022-08-15
P06112,M,1967-06-20,CA,Commercial,2021-01-27
P06113,F,2016-05-24,TX,Commercial,2020-12-04
P06114,M,1971-06-05,IL,Medicaid,2021-10-01
P06115,F,2000-11-28,FL,Commercial,2022-06-14
P06116,F,1952-09-01,FL,Medicare,2021-10-02
P06117,F,1959-04-20,IL,Commercial,2021-06-29
P06118,F,1966-08-30,IL,Commercial,2023-05-13
P06119,F,1964-02-11,TX,Medicaid,2020-09-14
P06120,M,2016-09-07,OH,Commercial,2019-10-18
P06121,M,2002-07-17,PA,Commercial,2022-05-24
P06122,M,2004-07-22,GA,Commercial,2022-01-19
P06123,M,1952-12-25,CA,Medicare,2023-07-16
P06124,M,1960-03-10,NC,Commercial,2021-02-04
P06125,M ,1979-11-13,TX,Commercial,2021-11-12
P06126,F,1988-07-13,IL,Commercial,2019-09-20
P06127,F,1971-02-04,AZ,Commercial,2019-06-21
P06128,M,2012-01-04,NY,Commercial,2020-02-20
P06129,F,1949-10-08,FL,Medicare,2022-12-14
P06130,M,1991-08-17,IL,Commercial,2023-01-05
P06131,M,2010-06-08,NY,Commercial,2021-07-29
P06132,F,1950-04-20,FL,Medicare,2020-11-29
P06133,F,1950-10-01,NC,Medicare,2023-11-05
P06134,M,1970-06-14,NC,Commercial,2021-07-11
P06135,M,1969-03-02,FL,Commercial,2023-07-27
P06136,F,1971-03-29,GA,Commercial,2022-09-14
P06137,M,1993-03-06,PA,Medicaid,2022-03-17
P06138,F,2020-02-11,AZ,Commercial,2023-10-19
P06139,F,1961-02-20,TX,Commercial,2022-09-10
P06140,M,1994-06-28,FL,Commercial,2020-11-08
P06141,F,1982-01-10,TX,Commercial,2019-01-06
P06142,Male,2022-07-04,NY,Commercial,2020-02-08
P06143,F,1966-04-17,TX,Commercial,2022-06-21
P06144,M,1955-01-22,CA,Medicare,2019-04-19
P06145,M,1955-12-17,FL,Medicare,2021-10-20
P06146,M,1936-01-26,PA,Medicare,2022-03-25
P06147,M,1948-03-07,PA,Medicare,2019-10-08
P06148,M,1983-01-03,OH,Commercial,2022-01-03
P06149,M,2014-03-24,TX,Medicaid,2020-04-23
P06150,M,1934-11-04,CA,Medicare,2023-03-10
P06151,F,1993-09-12,TX,Medicaid,2022-05-05
P06152,F,1950-12-30,TX,Medicare,2019-01-31
P06153,F,2018-05-24,NC,Commercial,2022-10-13
P06154,M,1987-07-26,PA,Commercial,2019-10-04
P06155,F,1979-07-12,PA,Commercial,2021-09-02
P06156,M,1977-04-08,GA,Commercial,2019-03-21
P06157, f,1974-03-07,CA,Commercial,2021-12-03
P06158,F,1983-12-06,GA,Commercial,2021-07-11
P06159,male,1978-01-31,CA,Commercial,2022-01-11
P06160,M,2018-08-17,TX,Medicaid,2022-12-15
P06161,F,1953-04-01,OH,Medicare,2019-10-15
P06162,M,1941-06-02,IL,Medicare,2021-02-19
P06163,F,1988-07-23,GA,Commercial,2021-06-24
P06164,F,1941-10-15,PA,Medicare,2022-02-21
P06165,F,1960-10-23,OH,Medicaid,2020-02-22
P06166,F,1953-04-09,CA,Medicare,2022-04-07
P06167,F,1942-09-05,NY,Medicare,2022-10-25
P06168,F,1974-10-09,TX,Commercial,2023-08-04
P06169,M,1982-12-29,GA,Commercial,2019-08-22
P06170,M,1950-02-28,FL,Medicare,2023-08-21
P06171,F,2001-08-09,NC,Medicaid,2019-10-13
P06172,M,1970-08-26,GA,Commercial,2022-02-09
P06173,M,1969-08-18,NY,Commercial,2023-12-28
P06174,F,2014-05-27,IL,Commercial,2019-05-17
P06175,F,1998-07-09,NC,Commercial,2020-04-19
P06176,F,1973-06-16,FL,Medicaid,2020-05-22
P06177,M,1945-09-21,NC,Medicare,2021-04-07
P06178,F,2012-09-14,GA,Commercial,2020-03-14
P06179,F,2013-02-20,OH,Commercial,2023-05-04
P06180,F,1989-07-24,FL,Commercial,2022-10-31
P06181,F,1994-01-10,FL,Commercial,2021-04-14
P06182,F,1944-02-27,IL,Medicare,2020-05-01
P06183,M,2015-04-17,GA,Medicaid,2021-01-23
P06184,M,1952-06-14,FL,Medicare,2021-12-21
P06185,F,1971-03-02,GA,Commercial,2020-08-23
P06186,F,1941-12-11,TX,Medicare,2023-09-15
P06187,F,1934-07-02,PA,Medicare,2021-06-18
P06188,F,1972-04-15,FL,Commercial,2022-01-11
P06189,M,1946-11-22,FL,Medicare,2021-07-06
P06190,M,1957-10-26,PA,Medicare,2023-05-07
P06191,M,2013-12-08,GA,Medicaid,2019-06-28
P06192,F,1961-07-07,FL,Commercial,2019-09-26
P06193,M,1961-06-17,FL,Commercial,2019-04-17
P06194,M,1977-07-13,IL,Commercial,2019-10-21
P06195,F,1965-12-11,NY,Commercial,2020-09-06
P06196,M,1984-07-07,CA,Commercial,2022-07-26
P06197,M,1945-02-10,CA,Medicare,2023-06-07
P06198,M,1970-12-20,NY,Commercial,2020-12-11
P06199,F,2021-03-23,OH,Commercial,2019-04-10
P06200,F,2009-09-23,IL,Medicaid,2022-03-09
P06201,M,1940-12-04,CA,Medicare,2019-01-15
P06202,F,1982-12-13,PA,Commercial,2023-03-26
P06203,M,1944-12-27,FL,Medicare,2022-08-02
P06204,F,1998-08-02,NY,Commercial,2020-10-03
P06205,F,1991-07-04,CA,Commercial,2021-07-16
P06206,M,1941-05-19,GA,Medicare,2020-03-15
P06207,M,1990-12-02,FL,Commercial,2022-04-12
P06208,F,2022-05-07,FL,Commercial,2020-02-18
P06209,M,1979-04-06,GA,Commercial,2022-07-01
P06210,M,1996-12-08,PA,Medicaid,2023-04-04
P06211,M,2016-04-29,FL,Commercial,2021-02-28
P06212,F,1954-11-18,CA,Medicare,2021-06-10
P06213,M,2006-07-24,FL,Commercial,2021-03-03
P06214,M,1938-05-04,CA,Medicare,2023-11-19
P06215,Male,1961-02-17,GA,Commercial,2021-12-12
P06216,M,2008-06-21,FL,Commercial,2023-07-21
P06217,F,1938-07-26,NY,Medicare,2019-12-25
P06218,F,1947-03-03,GA,Medicare,2023-08-07
P06219,F,1963-10-15,TX,Commercial,2019-05-07
P06220,female,1968-10-18,CA,Commercial,2023-09-19
P06221,M,1969-07-14,IL,Commercial,2020-12-13
P06222,M,2010-11-18,CA,Commercial,2022-05-02
P06223,M,1939-12-24,NY,Medicare,2023-06-13
P06224,M,2000-08-21,CA,Commercial,2022-03-20
P06225,M,1941-11-06,NY,Medicare,2023-10-21
P06226,male,1959-05-14,CA,Commercial,2020-07-07
P06227,F,1984-06-14,CA,Commercial,2019-08-26
P06228,M,1964-07-07,NY,Commercial,2022-05-09
P06229,F,1989-07-03,OH,Commercial,2021-10-22
P06230,F,2021-11-26,TX,Commercial,2023-04-20
P06231,M,1967-08-08,FL,Medicaid,2021-08-05
P06232,M,1989-12-05,CA,Commercial,2019-04-09
P06233,F,2021-08-24,OH,Medicaid,2021-04-24
P06234,M,2019-04-29,OH,Commercial,2019-08-18
P06235,M,1976-01-06,GA,Commercial,2020-02-08
P06236,F,1963-09-15,CA,Commercial,2023-05-20
P06237,M,1978-09-26,AZ,Commercial,2023-09-27
P06238,M,1947-05-02,FL,Medicare,2022-03-10
P06239,M,2004-01-31,NY,Medicaid,2019-04-22
P06240,F,1941-09-15,TX,Medicare,2023-03-01
P06241,F,1942-03-01,OH,Medicare,2023-10-12
P06242,F,2006-09-08,TX,Commercial,2019-03-18
P06243,F,2015-05-13,NC,Commercial,2023-01-05
P06244,M,1944-10-16,FL,Medicare,2022-03-23
P06245,M,2009-09-27,FL,Commercial,2020-02-08
P06246,F,2014-01-06,FL,Commercial,2023-07-06
P06247,F,2006-08-11,GA,Medicaid,2023-02-23
P06248,F,1972-12-26,PA,Medicaid,2020-05-15
P06249,F,1954-03-25,FL,Medicare,2023-12-20
P06250,Male,1992-11-15,FL,Commercial,2020-06-12
P06251,M,1985-11-21,PA,Medicaid,2021-04-17
P06252,F,1987-03-02,TX,Commercial,2022-10-19
P06253,F,1991-08-27,CA,Commercial,2020-12-08
P06254,M,1969-11-11,FL,Commercial,2022-05-25
P06255,F,1976-01-10,IL,Medicaid,2019-04-06
P06256,M,2011-09-21,NY,Medicaid,2021-12-05
P06257,M,1954-05-14,FL,Medicare,2020-04-06
P06258,F,2012-09-27,CA,Commercial,2022-08-31
P06259,Male,2018-06-02,TX,Commercial,2019-11-03
P06260,M,1996-04-21,TX,Commercial,2022-07-23
P06261,F,1998-03-30,TX,Medicaid,2021-06-18
P06262,F,1972-08-03,NY,Commercial,2019-12-31
P06263,M,1978-05-21,CA,Commercial,2019-05-17
P06264, f,1951-03-01,FL,Medicare,2020-03-30
P06265,M,1991-03-01,OH,Commercial,2020-08-31
P06266,F,1972-04-03,FL,Medicaid,2020-07-16
P06267,F,1976-08-08,NC,Commercial,2021-12-21
P06268,M,1991-06-22,FL,Medicaid,2020-07-27
P06269,M,1983-01-13,NY,Commercial,2021-02-17
P06270,M,1987-10-03,CA,Commercial,2021-05-24
P06271,F,2008-04-23,CA,Commercial,2022-06-09
P06272,M,1987-03-18,OH,Commercial,2022-04-01
P06273,F,1940-07-09,NY,Medicare,2023-05-21
P06274,M,2020-02-19,IL,Commercial,2020-05-27
P06275,F,1978-07-28,AZ,Commercial,2023-11-22
P06276,M,1935-03-02,AZ,Medicare,2023-06-03
P06277,M,2023-05-11,TX,Commercial,2022-07-16
P06278,F,1946-12-13,FL,Medicare,2023-04-19
P06279,F,1957-03-06,NC,Medicare,2020-04-03
P06280, f,1997-04-21,GA,Commercial,2023-05-16
P06281,M,1938-10-11,OH,Medicare,2021-09-20
P06282,M,1987-04-20,FL,Commercial,2020-05-04
P06283,M,1983-06-29,OH,Commercial,2021-01-21
P06284,F,1962-01-21,FL,Commercial,2021-01-17
P06285,F,1981-09-11,PA,Medicaid,2022-04-13
P06286,F,1940-09-26,CA,Medicare,2021-10-02
P06287,F,1956-12-10,FL,Medicare,2020-03-03
P06288,M,1994-03-19,NY,Medicaid,2021-08-15
P06289,F,1993-01-06,NY,Commercial,2020-07-03
P06290,F,2000-04-24,PA,Medicaid,2019-11-13
P06291,F,1948-08-19,NY,Medicare,2022-10-11
P06292,F,2017-02-14,CA,Medicaid,2023-05-24
P06293,M,2014-09-30,TX,Medicaid,2021-09-08
P06294,F,1962-04-22,NC,Medicaid,2022-02-01
P06295,M,1998-05-28,FL,Commercial,2023-04-03
P06296,F,1957-02-23,AZ,Medicare,2020-03-15
P06297,F,2002-01-11,CA,Medicaid,2020-11-19
P06298,F,1956-08-22,PA,Medicare,2020-09-18
P06299,M,1992-11-27,OH,Commercial,2020-06-16
P06300,female,1962-11-04,GA,Medicaid,2021-10-29
P06301,M,1987-04-07,GA,Commercial,2021-06-14
P06302,M,2021-08-21,GA,Commercial,2022-11-18
P06303,M,1950-11-10,GA,Medicare,2020-05-07
P06304,M ,1960-03-09,FL,Commercial,2019-04-10
P06305,F,1950-05-09,PA,Medicare,2019-08-21
P06306,F,1969-11-13,NY,Commercial,2021-12-18
P06307,M,1939-04-16,CA,Medicare,2023-10-02
P06308,M,2010-05-13,NY,Medicaid,2019-08-13
P06309,F,1987-01-07,FL,Commercial,2021-02-16
P06310,F,1953-01-05,TX,Medicare,2020-02-12
P06311,F,1972-01-10,GA,Commercial,2022-07-01
P06312,M,1972-02-09,IL,Medicaid,2019-09-12
P06313,F,2020-03-17,NC,Medicaid,2019-10-25
P06314,M,2003-05-02,FL,Commercial,2023-12-02
P06315,F,1953-06-16,NC,Medicare,2021-03-07
P06316,M,1936-03-17,CA,Medicare,2021-08-13
P06317, f,1945-01-13,FL,Medicare,2020-09-18
P06318,F,1954-11-19,FL,Medicare,2022-09-15
P06319,M ,2011-11-13,FL,Commercial,2023-07-07
P06320,M,1952-07-02,PA,Medicare,2022-08-19
P06321,F,1972-09-15,PA,Commercial,2021-05-18
P06322,M,2016-06-20,CA,Commercial,2022-08-27
P06323,Female,1966-09-09,FL,Medicaid,2021-09-07
P06324,F,2007-03-22,TX,Commercial,2022-01-21
P06325,F,1951-02-08,TX,Medicare,2020-07-14
P06326,F,1975-09-20,GA,Commercial,2021-12-13
P06327,M,2012-03-25,CA,Medicaid,2023-04-13
P06328,M,1934-11-23,FL,Medicare,2020-10-31
P06329,F,2001-03-16,FL,Commercial,2022-12-09
P06330,M,1991-04-22,CA,Commercial,2022-07-02
P06331,F,1993-04-16,GA,Commercial,2020-06-21
P06332,F,2011-07-06,,Medicaid,2022-08-22
P06333,F,1937-11-22,OH,Medicare,2023-09-11
P06334,M,2011-02-28,CA,Commercial,2022-03-14
P06335,F,1958-11-21,AZ,Medicare,2022-01-23
P06336,M,1981-07-09,CA,Commercial,2020-07-28
P06337,M,1993-10-29,OH,Commercial,2020-06-16
P06338,M,2016-02-27,CA,Commercial,2024-01-01
P06339,M ,2002-06-05,OH,Commercial,2020-03-21
P06340,M,1938-06-29,TX,Medicare,2020-04-08
P06341,M,2005-09-07,TX,Medicaid,2023-02-19
P06342,M,1997-03-21,TX,Medicaid,2022-04-23
P06343,F,1975-10-17,CA,Medicaid,2020-03-03
P06344,F,1980-04-12,TX,Commercial,2021-02-14
P06345,M,1978-01-12,AZ,Commercial,2022-04-22
P06346,Female,1938-09-25,CA,Medicare,2020-03-13
P06347,M,1992-04-25,TX,Medicaid,2020-11-05
P06348,M,1934-09-10,NY,Medicare,2021-06-13
P06349,F,1967-01-27,OH,Commercial,2023-12-21
P06350,F,1943-02-07,OH,Medicare,2020-10-07
P06351,F,1950-09-08,CA,Medicare,2023-02-07
P06352,F,1965-10-08,FL,Medicaid,2019-05-29
P06353,M,1938-12-01,PA,Medicare,2023-01-22
P06354,F,2006-04-21,IL,Commercial,2023-11-08
P06355,F,1991-01-31,PA,Commercial,2022-02-14
P06356,M,2021-11-09,NC,Commercial,2022-04-04
P06357,F,2016-03-09,,Commercial,2022-03-30
P06358,F,1987-04-01,AZ,Medicaid,2019-05-16
P06359, f,1936-07-12,FL,Medicare,2022-08-18
P06360,M,2009-10-11,FL,Commercial,2019-10-26
P06361,F,2004-05-07,CA,Commercial,2023-03-11
P06362,F,1953-05-29,NY,Medicare,2020-12-02
P06363,F,1937-03-10,OH,Medicare,2023-05-08
P06364,male,1971-06-10,CA,Commercial,2022-11-09
P06365,M,1980-12-14,FL,Medicaid,2023-04-06
P06366,F,1972-10-18,CA,Commercial,2022-05-08
P06367,M,1963-08-16,PA,Commercial,2021-09-14
P06368,M,1984-07-05,PA,Commercial,2019-09-19
P06369,M,1945-08-26,FL,Medicare,2020-03-22
P06370,M,1957-02-14,TX,Medicare,2020-07-06
P06371,M,1987-09-21,FL,Medicaid,2021-07-23
P06372,F,1993-04-27,OH,Commercial,2022-07-29
P06373,F,1996-08-22,CA,Medicaid,2022-07-09
P06374,M,1934-01-03,NY,Medicare,2023-05-05
P06375,F,1961-01-31,GA,Commercial,2020-09-06
P06376,F,1970-03-20,OH,Commercial,2020-02-07
P06377,M,1978-03-27,OH,Commercial,2021-04-07
P06378,M,2009-05-11,NY,Medicaid,2021-02-14
P06379,F,1963-06-01,FL,Commercial,2022-02-21
P06380,M,2012-06-09,NY,Commercial,2019-03-10
P06381,F,1958-12-22,IL,Medicare,2019-07-27
P06382,M,2019-01-24,CA,Medicaid,2021-12-21
P06383,M,1943-01-08,OH,Medicare,2020-03-25
P06384,M,1955-06-23,GA,Medicare,2022-04-05
P06385,M,1972-02-18,TX,Commercial,2023-05-21
P06386,M,2002-08-07,FL,Medicaid,2022-07-20
P06387,M,1961-11-21,TX,Commercial,2019-11-01
P06388,F,2004-03-02,FL,Commercial,2021-08-05
P06389,F,1989-06-29,NY,Medicaid,2019-09-05
P06390,F,1985-01-22,TX,Commercial,2022-05-23
P06391,F,1970-10-15,PA,Commercial,2021-09-14
P06392,M,1943-07-11,TX,Medicare,2023-08-21
P06393,F,1967-05-03,GA,Commercial,2020-02-06
P06394,male,1963-11-12,FL,Commercial,2022-06-11
P06395,F,1952-01-03,GA,Medicare,2023-07-19
P06396,F,1954-05-23,NC,Medicare,2022-11-28
P06397,F,1946-10-30,CA,Medicare,2020-09-04
P06398,F,2014-04-05,CA,Commercial,2019-12-05
P06399,F,1952-02-15,PA,Medicare,2019-03-26
P06400,M,1985-08-17,GA,Medicaid,2022-10-29
P06401,F,2006-05-23,NY,Commercial,2021-01-19
P06402,M,2017-04-03,FL,Commercial,2021-09-16
P06403,F,1961-11-08,GA,Commercial,2020-06-05
P06404,M,1955-06-22,TX,Medicare,2020-08-22
P06405,M,1969-06-10,NC,Commercial,2023-08-26
P06406,F,1941-09-13,PA,Medicare,2023-04-04
P06407,F,1980-09-13,TX,Medicaid,2021-01-20
P06408,M,1973-05-16,TX,Commercial,2021-05-07
P06409,M,1949-04-01,IL,Medicare,2019-07-30
P06410,F,2009-08-12,OH,Commercial,2019-10-08
P06411,M,1959-11-09,NC,Commercial,2023-09-17
P06412,F,1954-03-19,TX,Medicare,2021-01-31
P06413,F,2005-10-29,TX,Commercial,2021-12-20
P06414,F,1982-12-30,NC,Medicaid,2021-08-04
P06415,M,1933-09-05,FL,Medicare,2023-09-05
P06416,F,1968-03-08,CA,Commercial,2019-10-24
P06417,M,1990-03-30,FL,Commercial,2023-03-06
P06418,F,2003-09-12,CA,Commercial,2019-04-09
P06419,female,1979-06-26,CA,Medicaid,2019-05-08
P06420,F,1955-01-16,FL,Medicare,2019-11-25
P06421,F,1999-04-14,TX,Commercial,2023-06-01
P06422,M,1942-03-29,FL,Medicare,2021-12-17
P06423,M,1937-11-30,OH,Medicare,2023-11-19
P06424,F,1938-10-05,IL,Medicare,2020-12-11
P06425,F,1970-11-24,TX,Commercial,2019-09-07
P06426,F,1983-01-09,FL,Commercial,2021-05-15
P06427,M ,2021-08-29,IL,Commercial,2023-11-20
P06428,F,1980-07-02,PA,Commercial,2022-06-27
P06429,M,2004-06-13,OH,Commercial,2023-02-25
P06430,F,2006-06-24,TX,Commercial,2021-10-29
P06431,Male,1996-12-12,FL,Commercial,2022-02-22
P06432,M,1994-02-03,AZ,Commercial,2019-11-10
P06433,M,1966-08-15,NY,Commercial,2022-11-24
P06434,F,1995-01-31,TX,Medicaid,2022-07-02
P06435,F,1934-03-27,OH,Medicare,2022-10-25
P06436,F,1973-04-21,NC,Commercial,2019-07-23
P06437,M,1946-04-19,FL,Medicare,2022-07-13
P06438,F,2023-01-09,AZ,Commercial,2019-01-18
P06439,M,1982-09-12,CA,Medicaid,2020-09-03
P06440,M,1939-09-03,FL,Medicare,2022-06-21
P06441,M,1986-05-01,FL,Commercial,2021-01-12
P06442,F,2012-10-08,CA,Medicaid,2023-05-23
P06443,F,1992-03-13,CA,Medicaid,2019-06-27
P06444,M,1981-12-21,FL,Medicaid,2019-03-22
P06445,M,1979-02-08,CA,Commercial,2022-07-15
P06446,male,1979-08-28,TX,Commercial,2023-02-23
P06447,F,1939-12-31,TX,Medicare,2021-11-11
P06448,M,1991-05-27,AZ,Commercial,2020-02-24
P06449,F,1955-09-23,GA,Medicare,2020-11-14
P06450,M,1956-09-11,IL,Medicare,2023-10-22
P06451,F,2002-07-09,TX,Commercial,2023-12-17
P06452,F,2003-06-04,FL,Commercial,2022-10-29
P06453,M,1979-11-13,FL,Commercial,2020-03-26
P06454,F,2003-12-15,IL,Commercial,2022-09-14
P06455,M,1937-07-16,FL,Medicare,2019-07-14
P06456,F,1940-08-24,GA,Medicare,2022-07-08
P06457,M,1962-06-02,TX,Commercial,2019-07-18
P06458,F,1941-04-02,CA,Medicare,2019-05-30
P06459,F,1947-05-22,TX,Medicare,2020-05-13
P06460,F,1939-11-24,FL,Medicare,2023-02-16
P06461,M,1996-01-03,NY,Commercial,2023-08-23
P06462,M,1957-04-15,IL,Medicare,2023-02-19
P06463,F,1950-12-14,IL,Medicare,2020-11-03
P06464,F,1966-03-28,AZ,Commercial,2020-07-18
P06465,F,1944-02-14,TX,Medicare,2019-01-29
P06466,M,2007-06-08,FL,Medicaid,2019-03-31
P06467,M,1993-03-03,FL,Commercial,2022-06-19
P06468,M,1937-02-11,PA,Medicare,2022-01-21
P06469,F,1965-01-14,OH,Medicaid,2020-02-22
P06470,F,2021-01-17,CA,Medicaid,2020-02-21
P06471,F,2008-10-22,NY,Commercial,2022-06-08
P06472,M,1943-12-20,NY,Medicare,2023-11-06
P06473,M,1984-05-08,NY,Medicaid,2023-07-09
P06474,F,1947-04-29,TX,Medicare,2019-11-20
P06475,M,2007-06-08,NY,Commercial,2022-04-05
P06476,M,1983-10-07,GA,Commercial,2020-05-21
P06477,F,1940-01-20,FL,Medicare,2020-01-01
P06478,F,1976-08-05,GA,Commercial,2019-07-10
P06479,M,2018-04-05,AZ,Commercial,2021-07-17
P06480,M,2005-05-18,AZ,Commercial,2020-10-25
P06481,F,1956-02-09,OH,Medicare,2023-01-10
P06482,F,1984-04-16,PA,Commercial,2019-04-20
P06483,F,1969-05-14,FL,Medicaid,2019-08-04
P06484,Male,1956-02-29,FL,Medicare,2022-01-20
P06485,F,2023-12-13,FL,Medicaid,2022-03-02
P06486,F,2018-04-18,FL,Medicaid,2020-05-05
P06487,F,2000-06-01,OH,Commercial,2021-12-07
P06488,M,1942-03-23,FL,Medicare,2020-05-17
P06489,F,1992-10-11,IL,Commercial,2023-07-21
P06490,F,1966-05-27,CA,Medicaid,2022-08-29
P06491,F,2020-09-19,FL,Commercial,2020-02-07
P06492,M,1946-11-19,PA,Medicare,2019-05-27
P06493,M,2020-06-05,PA,Medicaid,2023-11-15
P06494,M,1971-12-25,CA,Commercial,2020-02-10
P06495, f,1967-11-29,FL,Medicaid,2023-08-28
P06496,F,2004-06-21,TX,Commercial,2019-09-03
P06497,F,2004-02-08,,Commercial,2022-09-26
P06498,M,1986-04-14,,Commercial,2022-03-11
P06499,M,1977-12-26,GA,Commercial,2020-06-02
P06500,F,1945-11-22,PA,Medicare,2019-10-19
P06501,F,2008-07-27,GA,Medicaid,2021-12-06
P06502,F,1974-07-28,AZ,Commercial,2022-06-06
P06503,M,1956-12-17,FL,Medicare,2019-02-08
P06504,F,2014-09-29,PA,Medicaid,2019-03-08
P06505,F,1950-11-15,FL,Medicare,2021-05-20
P06506,F,1967-06-09,OH,Commercial,2023-11-19
P06507,F,1967-05-06,PA,Medicaid,2019-02-28
P06508,F,2008-08-11,TX,Commercial,2020-11-27
P06509,M,1941-06-06,FL,Medicare,2021-03-29
P06510,M,1946-10-19,AZ,Medicare,2023-06-11
P06511,M,1938-02-24,AZ,Medicare,2019-01-15
P06512,F,2019-12-31,OH,Commercial,2020-05-30
P06513,M,1991-07-01,TX,Commercial,2022-11-30
P06514,M,1953-09-05,FL,Medicare,2022-03-09
P06515,M,2011-07-21,TX,Commercial,2022-04-14
P06516,M,2011-06-27,NC,Commercial,2019-08-27
P06517,M,1958-05-10,FL,Medicare,2021-08-17
P06518,M,1946-01-26,FL,Medicare,2019-08-23
P06519,F,1969-06-10,IL,Commercial,2020-07-25
P06520,F,2012-10-09,NC,Commercial,2022-03-01
P06521,F,2005-06-23,NC,Medicaid,2021-12-22
P06522,M,2004-06-28,IL,Commercial,2019-12-15
P06523,M,2010-02-19,NY,Commercial,2021-07-04
P06524,M,1962-06-08,TX,Commercial,2020-08-06
P06525,F,2010-02-18,IL,Commercial,2023-05-22
P06526,F,1992-05-09,AZ,Medicaid,2021-11-14
P06527,M,1987-06-07,FL,Commercial,2021-02-13
P06528,M,2007-09-04,TX,Commercial,2022-04-15
P06529,M,1940-09-29,TX,Medicare,2019-10-07
P06530,F,2012-11-25,FL,Commercial,2022-12-14
P06531,M,1992-06-14,GA,Commercial,2019-10-04
P06532,M,2022-01-29,FL,Medicaid,2023-09-08
P06533,M,1936-12-27,NC,Medicare,2021-11-13
P06534,M,2000-01-19,FL,Commercial,2021-06-01
P06535,M,2001-02-21,IL,Commercial,2022-09-26
P06536,F,2016-07-25,CA,Commercial,2021-04-21
P06537,F,1959-09-09,TX,Commercial,2019-07-02
P06538,F,1957-06-03,OH,Medicare,2021-10-13
P06539,F,1948-02-23,CA,Medicare,2021-04-23
P06540,M,1954-12-21,OH,Medicare,2019-04-03
P06541,M,1960-07-20,PA,Medicaid,2019-05-22
P06542,F,2003-12-15,OH,Commercial,2023-12-08
P06543,M,1995-05-11,OH,Medicaid,2020-05-16
P06544,M,1950-12-04,NC,Medicare,2019-10-03
P06545,F,2020-09-07,TX,Commercial,2019-04-18
P06546,M,2019-04-07,CA,Medicaid,2020-01-01
P06547,F,2012-04-01,CA,Commercial,2023-08-04
P06548,male,1953-10-10,AZ,Medicare,2020-03-18
P06549,M,1949-06-27,NY,Medicare,2019-10-13
P06550,F,1983-10-26,GA,Commercial,2021-05-19
P06551,F,1967-05-31,NY,Medicaid,2023-11-24
P06552,M,1966-12-28,TX,Commercial,2023-01-19
P06553,M,2006-03-09,NY,Medicaid,2022-08-18
P06554,F,2012-12-23,CA,Commercial,2019-09-10
P06555,M,2013-05-23,IL,Commercial,2023-05-17
P06556,M,1972-08-06,GA,Commercial,2020-04-13
P06557,F,1980-10-11,AZ,Medicaid,2023-02-08
P06558,F,1967-06-18,OH,Commercial,2019-11-04
P06559, f,1991-11-11,FL,Medicaid,2023-12-12
P06560,F,1960-06-03,GA,Commercial,2022-10-28
P06561,F,1965-05-10,IL,Commercial,2023-06-30
P06562,M,1971-07-18,OH,Commercial,2021-03-26
P06563,M,1971-08-22,,Commercial,2020-02-06
P06564,M,2015-07-18,CA,Medicaid,2021-12-03
P06565,F,1975-01-17,GA,Commercial,2021-05-03
P06566,F,1945-04-01,CA,Medicare,2020-10-21
P06567,M,1941-12-29,FL,Medicare,2021-09-23
P06568,M,1956-09-17,TX,Medicare,2020-03-29
P06569,M,1940-12-22,TX,Medicare,2022-08-02
P06570, f,2010-10-06,,Medicaid,2023-02-18
P06571,M,1939-03-23,GA,Medicare,2023-01-25
P06572,M,1951-02-24,NC,Medicare,2023-02-18
P06573,F,1949-07-18,OH,Medicare,2023-10-25
P06574,F,1934-04-24,CA,Medicare,2023-10-14
P06575,F,2013-08-18,IL,Commercial,2023-09-27
P06576,M,1934-07-10,OH,Medicare,2023-03-21
P06577,M,1962-03-04,FL,Commercial,2020-10-31
P06578,F,1947-09-23,FL,Medicare,2022-10-20
P06579,F,1993-09-06,CA,Medicaid,2021-01-30
P06580,F,1997-11-12,NC,Medicaid,2023-08-22
P06581,M,1961-10-13,,Medicaid,2020-01-02
P06582,F,1937-12-18,FL,Medicare,2022-03-23
P06583,F,1951-03-10,GA,Medicare,2021-10-18
P06584,M,2018-02-23,PA,Commercial,2020-08-17
P06585,M,1989-07-31,IL,Commercial,2019-01-07
P06586,F,1976-05-29,NY,Commercial,2020-01-15
P06587,M,2021-10-02,NY,Commercial,2021-12-30
P06588,F,1990-12-15,PA,Medicaid,2022-04-10
P06589,F,2020-06-26,NY,Medicaid,2022-04-24
P06590,M,1946-11-04,OH,Medicare,2023-08-02
P06591,M,1979-02-26,IL,Commercial,2022-04-25
P06592,F,1936-09-20,GA,Medicare,2020-03-17
P06593,F,1990-04-06,GA,Commercial,2022-08-15
P06594,F,2016-09-26,IL,Medicaid,2022-01-18
P06595,M,1971-11-16,TX,Medicaid,2023-08-28
P06596,F,2011-06-15,FL,Commercial,2022-09-30
P06597, f,1984-10-26,NY,Commercial,2023-08-29
P06598,F,2018-08-08,CA,Commercial,2021-08-25
P06599,M,2013-09-15,GA,Commercial,2022-07-09
P06600,M,1960-02-13,NC,Commercial,2019-02-26
P06601,F,1998-07-01,GA,Commercial,2021-01-20
P06602,M,2016-04-13,FL,Commercial,2022-02-20
P06603,M,1978-05-31,GA,Commercial,2021-04-25
P06604,F,2010-02-02,NY,Commercial,2019-03-17
P06605,M,1944-07-24,PA,Medicare,2023-02-06
P06606,M,1971-02-21,NY,Commercial,2022-09-26
P06607,M,1979-02-08,PA,Medicaid,2021-04-11
P06608,M,2007-01-30,FL,Commercial,2023-06-23
P06609,F,2008-04-22,TX,Commercial,2021-05-28
P06610,F,2009-01-08,TX,Commercial,2023-03-21
P06611,Female,1952-04-04,OH,Medicare,2019-09-07
P06612,M,1980-09-09,CA,Commercial,2020-02-19
P06613,M,1946-11-04,OH,Medicare,2023-10-05
P06614,F,1998-10-16,TX,Commercial,2021-04-25
P06615,F,2019-06-06,IL,Medicaid,2022-12-14
P06616,F,1969-11-01,PA,Commercial,2021-02-03
P06617,M,1981-10-06,IL,Commercial,2021-04-12
P06618,F,1982-05-16,GA,Medicaid,2019-03-02
P06619,M,2017-09-01,FL,Commercial,2023-02-11
P06620,F,2005-04-27,CA,Commercial,2021-06-24
P06621,F,2004-01-02,NY,Medicaid,2019-03-06
P06622,F,1985-11-29,OH,Commercial,2023-06-02
P06623,F,1972-05-11,FL,Commercial,2022-09-25
P06624,F,1967-03-08,CA,Commercial,2020-05-30
P06625,M ,1990-11-10,FL,Commercial,2023-06-18
P06626,Male,2000-03-21,NY,Medicaid,2022-12-18
P06627,F,1947-06-30,FL,Medicare,2019-03-22
P06628,M,1954-05-16,IL,Medicare,2021-02-04
P06629,F,2003-12-14,FL,Commercial,2023-09-21
P06630,M,1956-07-26,CA,Medicare,2019-09-25
P06631,M,1934-08-20,FL,Medicare,2021-05-21
P06632,M,1988-11-05,FL,Commercial,2021-08-14
P06633,M,1993-03-28,NY,Medicaid,2019-01-16
P06634,F,1949-06-30,FL,Medicare,2022-06-07
P06635,F,1958-02-14,CA,Medicare,2022-02-09
P06636,F,2020-11-03,FL,Commercial,2021-02-15
P06637,Female,1972-04-09,NC,Commercial,2022-10-17
P06638,F,1940-05-25,PA,Medicare,2023-05-15
P06639,F,1937-05-08,OH,Medicare,2023-04-25
P06640,M,2017-09-09,FL,Commercial,2022-06-19
P06641,M,1963-04-24,NY,Commercial,2023-08-09
P06642,F,1976-10-02,FL,Medicaid,2021-06-25
P06643,M,2006-03-28,TX,Commercial,2019-01-14
P06644,M,1984-07-24,PA,Commercial,2022-09-25
P06645,F,1935-07-10,FL,Medicare,2023-10-19
P06646,M,2002-06-03,,Commercial,2023-10-22
P06647,M,2003-12-02,PA,Commercial,2023-03-04
P06648,M,2019-08-20,TX,Commercial,2021-01-29
P06649,M,1960-10-18,GA,Medicaid,2021-08-26
P06650,F,1963-01-15,IL,Commercial,2021-12-30
P06651,M,1954-07-31,FL,Medicare,2020-03-25
P06652,M,2003-12-30,OH,Medicaid,2022-01-19
P06653,M,1956-12-22,FL,Medicare,2020-12-03
P06654,F,1941-02-01,AZ,Medicare,2019-01-08
P06655,M,1946-11-04,OH,Medicare,2023-02-26
P06656,M,2017-12-31,GA,Commercial,2023-06-11
P06657,M,1948-10-15,AZ,Medicare,2022-11-30
P06658,F,1986-10-13,FL,Medicaid,2023-03-26
P06659,F,1935-12-03,PA,Medicare,2019-11-10
P06660,F,2006-01-02,NC,Commercial,2019-08-16
P06661,M,1995-12-11,FL,Commercial,2021-03-16
P06662,F,1969-04-10,CA,Medicaid,2023-05-09
P06663,M,1993-03-01,FL,Commercial,2019-10-01
P06664,Male,1979-05-11,CA,Medicaid,2019-06-02
P06665,F,1996-11-13,CA,Commercial,2021-12-19
P06666,M,1948-04-10,TX,Medicare,2020-08-23
P06667,F,2005-09-02,PA,Medicaid,2020-12-17
P06668,F,1987-08-05,IL,Commercial,2021-05-13
P06669,Female,2022-10-01,NY,Commercial,2022-03-28
P06670,M,2008-03-20,NC,Medicaid,2022-08-11
P06671,M,1962-06-03,FL,Commercial,2022-08-16
P06672,Female,2023-11-06,AZ,Commercial,2022-03-16
P06673,M,1955-08-06,PA,Medicare,2020-03-16
P06674,F,1983-03-18,IL,Commercial,2019-11-16
P06675,F,1945-01-23,OH,Medicare,2023-06-09
P06676,M,2010-01-23,TX,Commercial,2023-09-19
P06677,M,2020-11-12,GA,Commercial,2021-08-12
P06678,M,1965-02-21,NY,Medicaid,2020-02-29
P06679,M,1988-06-08,FL,Commercial,2021-03-14
P06680,F,1986-04-06,CA,Commercial,2019-11-13
P06681, f,1946-08-13,TX,Medicare,2020-06-08
P06682,Female,2010-05-08,NC,Medicaid,2020-06-22
P06683,M,1951-09-29,CA,Medicare,2021-04-24
P06684,M,1960-06-24,GA,Medicaid,2023-09-24
P06685,F,1973-10-10,NC,Commercial,2023-02-07
P06686,F,1988-08-09,TX,Commercial,2020-04-16
P06687,F,1979-08-06,GA,Medicaid,2022-06-17
P06688,M,2013-02-19,TX,Medicaid,2020-05-22
P06689,F,1951-05-17,FL,Medicare,2022-04-22
P06690,M,1990-05-09,TX,Commercial,2023-12-09
P06691,F,1990-09-19,GA,Commercial,2020-08-15
P06692,M,1961-07-26,FL,Commercial,2019-07-18
P06693,F,2017-07-12,TX,Medicaid,2021-10-10
P06694,F,1996-03-20,NY,Medicaid,2023-05-05
P06695,F,2018-10-25,PA,Commercial,2021-12-06
P06696,F,1996-12-12,FL,Commercial,2019-03-15
P06697,M,2006-06-30,TX,Commercial,2022-05-30
P06698,M,1994-03-10,FL,Commercial,2023-08-25
P06699,F,1950-04-08,FL,Medicare,2020-03-01
P06700,F,1933-03-11,TX,Medicare,2022-10-24
P06701,M ,2020-08-10,NY,Commercial,2023-10-25
P06702,M ,1957-10-09,OH,Medicare,2020-07-21
P06703,F,1977-05-05,OH,Medicaid,2022-04-24
P06704,F,1986-12-18,IL,Commercial,2023-04-26
P06705,F,1960-02-09,IL,Commercial,2023-09-25
P06706,M,1965-04-15,FL,Commercial,2023-01-29
P06707,F,2013-07-01,FL,Commercial,2023-04-03
P06708,M,1955-10-21,NY,Medicare,2023-12-12
P06709,M,1957-10-01,CA,Medicare,2022-02-24
P06710,F,2017-01-02,CA,Commercial,2019-11-15
P06711,F,1972-12-26,NY,Commercial,2022-01-09
P06712,F,1997-12-28,AZ,Medicaid,2023-10-25
P06713,M,1959-08-28,NY,Commercial,2019-08-06
P06714,F,1945-10-09,IL,Medicare,2020-11-03
P06715,F,1946-04-28,AZ,Medicare,2019-03-09
P06716,female,2003-12-17,NY,Medicaid,2021-02-03
P06717,M,1950-03-20,FL,Medicare,2021-08-14
P06718,M,1980-03-21,TX,Medicaid,2021-06-12
P06719,F,1938-10-09,TX,Medicare,2023-12-21
P06720,M,2005-06-03,IL,Commercial,2022-02-16
P06721,F,1965-04-30,AZ,Commercial,2021-10-17
P06722,F,1969-02-25,FL,Commercial,2022-07-04
P06723,female,1973-04-08,,Commercial,2019-10-27
P06724,M,1992-01-15,PA,Commercial,2019-03-22
P06725,M,1964-11-19,CA,Commercial,2021-08-12
P06726,F,1980-05-23,OH,Commercial,2020-01-29
P06727,F,2019-03-25,TX,Commercial,2022-11-20
P06728, f,1966-10-08,FL,Commercial,2019-05-24
P06729,F,1946-10-13,GA,Medicare,2020-06-27
P06730,F,1942-11-28,FL,Medicare,2020-05-02
P06731,F,2007-01-07,TX,Medicaid,2021-01-11
P06732,F,1934-02-18,FL,Medicare,2019-11-11
P06733,F,1976-11-17,NY,Medicaid,2021-05-02
P06734,female,1954-10-03,OH,Medicare,2019-03-09
P06735,F,1978-07-17,FL,Commercial,2020-09-10
P06736,M,1987-02-09,IL,Medicaid,2021-09-26
P06737,F,1967-03-06,FL,Commercial,2022-12-17
P06738,M,1942-02-14,CA,Medicare,2019-06-21
P06739,F,1944-03-04,GA,Medicare,2023-09-21
P06740,F,2004-05-16,PA,Commercial,2023-10-15
P06741,F,1953-09-16,FL,Medicare,2023-11-06
P06742,F,1967-05-26,TX,Commercial,2023-06-19
P06743,M,1991-07-05,AZ,Commercial,2022-10-08
P06744,F,2020-01-19,FL,Commercial,2021-07-21
P06745,F,1970-07-21,OH,Commercial,2022-08-15
P06746, f,1962-03-31,NC,Commercial,2021-09-25
P06747,F,1951-10-30,TX,Medicare,2021-10-06
P06748,M,1934-04-26,FL,Medicare,2021-10-24
P06749,M,1968-07-19,PA,Commercial,2023-09-15
P06750,F,1957-07-25,IL,Medicare,2021-04-26
P06751,F,2005-03-31,FL,Commercial,2022-07-04
P06752,F,2002-07-08,PA,Commercial,2021-04-24
P06753,F,1955-12-11,PA,Medicare,2023-09-13
P06754,F,1962-08-12,CA,Medicaid,2019-08-27
P06755,F,1980-01-15,OH,Commercial,2020-05-23
P06756,F,2021-01-20,FL,Commercial,2022-04-10
P06757,F,1955-05-22,NY,Medicare,2022-03-16
P06758,F,2001-05-13,AZ,Medicaid,2022-06-03
P06759,M,1989-09-27,OH,Commercial,2019-01-19
P06760,M,1967-03-23,GA,Commercial,2020-06-30
P06761,F,1968-05-27,CA,Commercial,2021-09-14
P06762,M,1942-12-18,GA,Medicare,2020-10-05
P06763,F,2016-01-20,GA,Medicaid,2023-09-06
P06764,F,1953-02-23,FL,Medicare,2019-11-09
P06765,M,2008-12-02,FL,Commercial,2021-01-09
P06766,F,1947-08-02,NY,Medicare,2022-06-16
P06767,M,2023-04-05,TX,Medicaid,2020-07-16
P06768,M,1970-04-06,OH,Commercial,2023-12-21
P06769,F,1981-10-31,IL,Medicaid,2021-07-21
P06770,F,2017-12-17,NY,Commercial,2019-04-15
P06771,F,1979-01-07,FL,Commercial,2020-03-16
P06772,M,1952-02-09,AZ,Medicare,2023-10-13
P06773,F,2023-04-07,FL,Commercial,2021-01-20
P06774,M,2009-05-05,CA,Medicaid,2020-08-08
P06775,F,1940-04-25,GA,Medicare,2021-05-16
P06776,M,2010-07-18,IL,Commercial,2022-05-24
P06777,F,1986-04-26,TX,Commercial,2020-08-10
P06778,M,1954-09-12,AZ,Medicare,2021-11-20
P06779,M,2012-12-01,AZ,Commercial,2019-04-06
P06780,F,1951-09-10,IL,Medicare,2019-10-25
P06781,F,1981-09-15,OH,Commercial,2019-06-17
P06782,F,1993-09-12,OH,Commercial,2021-11-27
P06783,M ,1948-07-13,AZ,Medicare,2020-08-13
P06784,M,2007-11-15,GA,Commercial,2023-04-13
P06785,F,1939-08-06,OH,Medicare,2020-03-29
P06786,M,1940-07-15,FL,Medicare,2020-03-26
P06787,F,1969-10-24,TX,Commercial,2020-02-16
P06788,M,1947-07-20,TX,Medicare,2023-11-26
P06789,M,1937-04-29,AZ,Medicare,2021-09-21
P06790,M,2010-08-03,TX,Medicaid,2022-08-18
P06791,M,2004-12-31,CA,Commercial,2019-06-07
P06792,F,1963-04-20,CA,Commercial,2021-04-25
P06793,M,1935-06-04,NC,Medicare,2020-12-12
P06794,F,1937-07-31,FL,Medicare,2021-10-25
P06795,F,1951-12-24,CA,Medicare,2023-06-08
P06796,M,1940-11-29,CA,Medicare,2020-11-26
P06797,M,1947-12-04,IL,Medicare,2020-12-13
P06798,Male,1961-02-23,AZ,Commercial,2022-02-05
P06799,M,1949-09-10,GA,Medicare,2020-11-09
P06800,M,2006-07-29,GA,Commercial,2022-01-19
P06801,M,1985-04-21,NC,Commercial,2020-09-14
P06802,M,1938-05-06,NY,Medicare,2022-04-05
P06803,F,2011-12-09,OH,Commercial,2020-02-20
P06804,F,1998-01-26,PA,Commercial,2019-07-27
P06805,F,2019-09-27,FL,Medicaid,2021-08-01
P06806,M,1954-03-26,PA,Medicare,2023-12-01
P06807,M,1951-03-04,GA,Medicare,2020-08-05
P06808,M,1979-06-19,AZ,Medicaid,2019-04-23
P06809,M,2006-11-02,TX,Commercial,2020-06-15
P06810,M,1943-06-17,PA,Medicare,2022-03-19
P06811,M,1974-10-03,FL,Commercial,2021-03-08
P06812,M,1965-02-24,NY,Commercial,2022-03-07
P06813,M,1987-04-01,FL,Commercial,2020-02-18
P06814,F,2008-03-06,NC,Commercial,2020-05-17
P06815,M,1944-03-04,IL,Medicare,2020-11-17
P06816,M,2012-10-27,PA,Commercial,2022-01-23
P06817,M,1950-12-20,NC,Medicare,2023-02-21
P06818,F,2000-05-17,FL,Commercial,2020-12-02
P06819,F,2002-05-21,AZ,Commercial,2022-04-26
P06820,M,2014-02-19,TX,Medicaid,2019-06-27
P06821,M,1957-05-13,CA,Medicare,2023-09-08
P06822,M,1962-03-13,GA,Medicaid,2019-10-10
P06823,M,1979-08-27,PA,Commercial,2020-02-09
P06824,male,1977-11-16,TX,Commercial,2021-06-05
P06825,F,1957-12-18,TX,Medicare,2019-01-15
P06826,M,1937-07-25,FL,Medicare,2020-06-03
P06827,F,2000-12-31,CA,Commercial,2023-10-17
P06828,M,1975-06-26,GA,Medicaid,2022-01-15
P06829,F,1956-08-07,IL,Medicare,2019-10-21
P06830,M,1934-09-28,OH,Medicare,2020-02-15
P06831,F,2006-05-30,AZ,Commercial,2023-03-15
P06832,F,1939-04-28,TX,Medicare,2023-02-25
P06833,M,1970-12-17,NC,Commercial,2019-05-21
P06834,M,1996-07-11,NY,Medicaid,2023-10-10
P06835,M,1973-01-23,IL,Commercial,2019-04-04
P06836,M,1970-09-14,TX,Commercial,2021-04-20
P06837,M,2013-03-21,TX,Commercial,2019-12-20
P06838,F,1937-08-31,TX,Medicare,2022-12-05
P06839,M,2015-09-24,NY,Medicaid,2022-04-14
P06840,M,2023-02-23,IL,Medicaid,2020-05-12
P06841,M,1933-08-23,GA,Medicare,2023-03-11
P06842,F,1981-02-18,CA,Medicaid,2023-07-01
P06843,M ,1934-05-07,TX,Medicare,2020-12-16
P06844, f,2010-03-10,FL,Commercial,2023-12-17
P06845,M,1944-03-09,AZ,Medicare,2019-04-24
P06846,F,1988-02-02,OH,Commercial,2020-08-16
P06847,F,2009-06-12,AZ,Commercial,2020-06-08
P06848, f,2023-01-19,TX,Commercial,2021-07-02
P06849,M,1993-12-10,OH,Commercial,2020-11-19
P06850,M,1990-07-05,CA,Medicaid,2019-03-31
P06851,M,1972-08-09,CA,Medicaid,2023-12-24
P06852,F,1998-11-26,FL,Commercial,2022-10-07
P06853,M,1951-02-17,FL,Medicare,2020-07-08
P06854,F,1966-03-14,FL,Commercial,2023-05-22
P06855,F,1997-04-02,OH,Commercial,2022-10-11
P06856,M,1977-05-14,OH,Commercial,2023-11-20
P06857,M,2021-05-26,CA,Commercial,2023-09-23
P06858,M,2021-08-15,FL,Commercial,2021-10-13
P06859,F,2022-04-26,OH,Commercial,2020-09-14
P06860,M,1972-01-10,FL,Commercial,2023-07-02
P06861,F,2008-10-01,IL,Commercial,2019-02-03
P06862,F,1972-08-30,TX,Medicaid,2020-02-16
P06863,F,1962-11-22,NC,Commercial,2020-09-09
P06864,M,1980-02-04,FL,Commercial,2023-08-23
P06865,F,1946-06-21,TX,Medicare,2021-05-30
P06866,F,1963-05-30,NY,Commercial,2019-05-27
P06867,F,1955-09-26,NY,Medicare,2022-10-24
P06868,F,1971-12-19,FL,Commercial,2021-04-19
P06869,F,1952-03-13,CA,Medicare,2021-03-08
P06870,M,1945-02-20,FL,Medicare,2020-07-10
P06871,F,1941-08-29,IL,Medicare,2019-05-31
P06872,F,1944-03-28,TX,Medicare,2023-05-08
P06873,M,1993-06-06,TX,Commercial,2023-09-09
P06874,F,2001-05-11,CA,Commercial,2023-07-22
P06875,M,2017-10-29,OH,Commercial,2022-09-01
P06876,M,1952-05-21,FL,Medicare,2022-03-27
P06877,M,1991-11-04,NC,Commercial,2019-08-12
P06878,M,1962-10-13,IL,Commercial,2021-05-27
P06879,F,1936-08-23,TX,Medicare,2020-04-12
P06880,F,1983-10-15,FL,Commercial,2021-02-15
P06881,F,1968-02-04,GA,Commercial,2019-03-30
P06882,M,1950-12-21,IL,Medicare,2022-05-10
P06883,Female,1960-02-06,FL,Commercial,2020-08-29
P06884,F,1962-11-05,FL,Medicaid,2022-08-22
P06885,M,2015-02-18,IL,Medicaid,2022-11-02
P06886,M,1978-08-31,PA,Medicaid,2019-02-05
P06887,M,1994-01-29,NY,Commercial,2023-11-19
P06888,F,2006-06-17,FL,Commercial,2022-08-22
P06889,M,1948-07-06,CA,Medicare,2022-01-27
P06890,M,1951-11-15,PA,Medicare,2023-04-25
P06891,M,1946-07-26,GA,Medicare,2020-02-23
P06892,F,2001-06-11,FL,Commercial,2022-03-16
P06893,F,1993-01-07,IL,Commercial,2021-09-16
P06894,F,1990-09-26,OH,Commercial,2022-06-26
P06895,M,1976-12-01,NY,Commercial,2019-07-19
P06896,F,1992-09-30,IL,Commercial,2021-11-23
P06897,F,1998-10-04,CA,Medicaid,2020-01-26
P06898,F,1963-01-21,IL,Commercial,2020-11-19
P06899,M,1946-11-07,FL,Medicare,2019-03-24
P06900,F,2006-01-03,TX,Medicaid,2020-12-27
P06901,F,2002-11-20,NC,Commercial,2019-01-28
P06902,M,1937-03-10,TX,Medicare,2020-07-06
P06903,M,1942-08-02,TX,Medicare,2023-09-16
P06904,M,1981-12-12,NC,Commercial,2023-03-22
P06905,M,2015-05-22,CA,Commercial,2020-01-21
P06906,F,1966-04-10,GA,Medicaid,2023-10-10
P06907,F,1950-02-28,NY,Medicare,2023-01-20
P06908,F,2016-10-27,NC,Medicaid,2020-01-19
P06909,F,1980-05-20,CA,Medicaid,2022-03-25
P06910,F,2010-06-07,NY,Commercial,2022-12-01
P06911,female,1949-07-23,GA,Medicare,2023-01-05
P06912,F,1958-02-08,FL,Medicare,2022-06-04
P06913,M,1937-07-30,PA,Medicare,2019-10-25
P06914,F,1953-08-15,PA,Medicare,2021-09-22
P06915,M,1943-06-24,CA,Medicare,2019-03-28
P06916,M,2001-01-26,CA,Medicaid,2020-06-03
P06917,F,1984-02-19,FL,Commercial,2022-08-30
P06918,F,1935-04-18,NY,Medicare,2023-03-09
P06919,M,1967-12-03,NY,Commercial,2019-04-15
P06920,M,1958-09-13,NY,Medicare,2019-06-30
P06921,F,1956-12-26,GA,Medicare,2023-05-23
P06922,F,1946-11-27,FL,Medicare,2022-05-25
P06923,M,2011-03-04,IL,Commercial,2020-04-15
P06924,M,1947-03-10,CA,Medicare,2019-02-03
P06925,M,1974-11-24,PA,Commercial,2019-06-27
P06926,F,1973-07-17,NC,Commercial,2022-07-30
P06927,M,2009-09-21,PA,Commercial,2019-07-10
P06928,M,2020-12-05,GA,Medicaid,2020-05-17
P06929,F,2011-08-15,FL,Commercial,2021-09-09
P06930,M,1970-11-24,CA,Medicaid,2022-02-13
P06931,F,2006-04-07,CA,Commercial,2019-12-09
P06932,F,1939-01-14,FL,Medicare,2019-10-28
P06933,M,1936-07-30,CA,Medicare,2019-06-08
P06934,M,1947-10-05,FL,Medicare,2021-09-10
P06935,M,1939-07-03,FL,Medicare,2022-09-02
P06936,M,1949-01-13,AZ,Medicare,2019-08-27
P06937,F,2014-11-03,CA,Medicaid,2022-06-28
P06938,F,1937-04-27,TX,Medicare,2020-03-27
P06939,M,2010-11-28,FL,Commercial,2021-06-16
P06940,F,2012-09-13,IL,Commercial,2021-01-27
P06941,M,1950-07-24,IL,Medicare,2022-12-15
P06942,F,2009-08-13,GA,Commercial,2022-10-02
P06943,F,1941-10-27,TX,Medicare,2020-09-27
P06944,F,1950-03-23,CA,Medicare,2022-09-14
P06945,Female,1981-04-30,FL,Commercial,2020-08-28
P06946,F,1957-07-26,NY,Medicare,2019-01-18
P06947,M,1958-08-01,GA,Medicare,2023-08-04
P06948,F,1956-12-04,GA,Medicare,2019-05-19
P06949,M,1952-05-04,CA,Medicare,2023-02-22
P06950,M,1989-10-09,TX,Medicaid,2023-04-24
P06951,M,1949-09-13,CA,Medicare,2019-11-01
P06952,M,1989-02-20,GA,Medicaid,2022-12-25
P06953,M,2014-05-11,NY,Commercial,2020-10-07
P06954,M ,1955-04-22,IL,Medicare,2023-06-21
P06955,F,1933-09-26,NY,Medicare,2023-07-27
P06956,F,1971-07-03,NY,Commercial,2022-12-30
P06957,M,1996-12-26,NY,Commercial,2021-05-26
P06958,M,1938-10-03,PA,Medicare,2022-07-21
P06959,M,1981-03-14,NC,Commercial,2022-11-20
P06960,M,2004-07-11,FL,Medicaid,2019-10-26
P06961,F,2002-05-14,FL,Commercial,2023-02-18
P06962,F,2017-03-19,CA,Commercial,2023-07-12
P06963,M,1946-01-24,OH,Medicare,2023-06-14
P06964,M,2010-12-02,FL,Commercial,2019-08-06
P06965,male,2021-06-02,NY,Commercial,2021-08-16
P06966,M,1955-01-03,CA,Medicare,2019-02-23
P06967,F,1934-10-20,,Medicare,2019-12-20
P06968,F,2015-02-22,NC,Commercial,2022-08-05
P06969,F,1940-06-03,TX,Medicare,2020-01-20
P06970, f,1951-09-07,CA,Medicare,2021-09-21
P06971,M,1938-03-21,OH,Medicare,2021-03-15
P06972,M,1970-02-17,AZ,Commercial,2021-05-10
P06973,M,2003-11-10,CA,Commercial,2020-03-19
P06974,F,2016-04-27,TX,Medicaid,2022-12-22
P06975,F,1933-01-24,NC,Medicare,2023-09-15
P06976,F,1984-05-02,OH,Commercial,2020-05-06
P06977,F,2000-06-15,TX,Medicaid,2019-03-28
P06978,F,2001-11-11,TX,Commercial,2021-02-07
P06979,F,1958-07-20,FL,Medicare,2023-06-01
P06980,F,1939-02-05,NC,Medicare,2023-06-11
P06981,F,1999-03-16,NY,Medicaid,2021-04-12
P06982,M,1978-07-20,FL,Medicaid,2019-07-11
P06983,M,1975-09-11,CA,Commercial,2020-12-07
P06984,F,1958-03-13,AZ,Medicare,2022-06-29
P06985,M,2007-01-13,FL,Commercial,2020-11-25
P06986,F,1958-09-13,NY,Medicare,2023-03-22
P06987,F,1933-03-11,IL,Medicare,2021-08-10
P06988,M,1997-09-10,AZ,Commercial,2019-02-05
P06989,F,2013-03-05,TX,Commercial,2020-11-09
P06990,M,2004-01-14,FL,Commercial,2023-06-28
P06991,F,1962-05-03,TX,Commercial,2022-12-30
P06992,F,1980-07-03,TX,Commercial,2023-09-15
P06993,F,2019-09-09,NY,Medicaid,2021-12-29
P06994,F,1958-12-10,CA,Medicare,2022-10-25
P06995,F,1946-12-12,OH,Medicare,2019-02-09
P06996,F,2004-03-01,CA,Medicaid,2022-05-29
P06997,F,1951-05-05,IL,Medicare,2023-10-30
P06998,F,2001-10-10,NC,Commercial,2021-11-01
P06999,M,1978-06-13,NY,Medicaid,2020-04-26
P07000,M,1948-02-15,FL,Medicare,2020-07-30
P07001,M,1939-05-10,OH,Medicare,2019-02-14
P07002,M,1985-01-31,NC,Medicaid,2022-03-05
P07003,M,1940-11-19,TX,Medicare,2021-05-22
P07004,M,1945-12-05,GA,Medicare,2021-03-17
P07005,M,1992-05-02,CA,Medicaid,2023-11-18
P07006,M,1996-06-02,FL,Commercial,2023-12-22
P07007,M,2022-04-24,OH,Medicaid,2020-01-10
P07008,M,1959-01-08,GA,Commercial,2022-01-29
P07009,M,1968-11-22,CA,Commercial,2020-07-24
P07010,female,1935-01-27,TX,Medicare,2019-04-13
P07011,M,1962-12-09,NY,Commercial,2022-10-12
P07012,F,1972-06-23,OH,Medicaid,2020-02-17
P07013,F,1996-03-03,GA,Commercial,2022-12-07
P07014,F,1946-04-27,FL,Medicare,2020-04-20
P07015,M,1987-10-12,FL,Commercial,2023-03-16
P07016,F,1979-05-26,FL,Medicaid,2022-06-25
P07017,F,2012-02-06,NY,Commercial,2021-08-26
P07018,F,2016-10-18,FL,Commercial,2021-07-25
P07019,M,1989-01-23,TX,Commercial,2023-11-07
P07020,F,1951-05-08,NC,Medicare,2019-10-13
P07021,M,1960-11-30,PA,Medicaid,2023-12-21
P07022,M,2018-09-01,GA,Medicaid,2019-08-09
P07023,M,1974-02-20,PA,Commercial,2022-12-21
P07024,M,1984-08-30,AZ,Commercial,2020-06-14
P07025,F,1966-01-20,CA,Commercial,2020-06-12
P07026,M,1943-08-01,NC,Medicare,2021-09-20
P07027,M,1954-08-28,NY,Medicare,2021-04-26
P07028,F,1999-02-24,FL,Commercial,2023-08-21
P07029,F,1933-03-20,AZ,Medicare,2019-07-02
P07030,M,2013-10-06,IL,Medicaid,2023-05-29
P07031,M,1992-03-21,TX,Commercial,2020-09-17
P07032,M,2006-10-01,FL,Commercial,2024-01-01
P07033,M,2007-02-09,,Commercial,2020-04-10
P07034,M,1986-12-29,NY,Commercial,2022-03-17
P07035,M,2015-05-05,IL,Commercial,2021-08-06
P07036,F,1947-11-06,FL,Medicare,2023-11-20
P07037,F,1997-04-28,CA,Commercial,2022-11-28
P07038,F,1953-01-08,PA,Medicare,2021-10-30
P07039,F,1987-05-03,TX,Medicaid,2020-06-01
P07040,F,1975-07-27,CA,Medicaid,2021-01-06
P07041, f,1956-03-06,NY,Medicare,2022-09-13
P07042,M,2018-10-21,FL,Commercial,2021-01-09
P07043,F,1987-06-17,NY,Commercial,2022-11-20
P07044,M,1983-01-14,FL,Commercial,2021-03-24
P07045,M,1979-08-25,NC,Medicaid,2021-04-20
P07046,F,1996-12-22,TX,Medicaid,2022-11-15
P07047, f,2017-07-23,OH,Commercial,2023-01-01
P07048,F,2015-07-09,CA,Commercial,2021-05-29
P07049,M,1945-03-10,IL,Medicare,2021-01-25
P07050,M,1982-03-13,NC,Commercial,2019-02-08
P07051,F,1975-08-30,NC,Medicaid,2021-07-11
P07052,M,1980-03-24,TX,Commercial,2021-10-12
P07053,M,2003-11-10,NY,Commercial,2021-08-16
P07054,F,1995-10-24,OH,Commercial,2019-08-20
P07055,M,2020-05-25,NC,Commercial,2022-06-20
P07056,F,1972-04-17,,Commercial,2022-02-04
P07057,F,2001-03-12,FL,Medicaid,2022-02-27
P07058,M ,1990-05-18,FL,Commercial,2020-11-20
P07059,F,1945-11-15,FL,Medicare,2020-07-04
P07060,M,2005-04-29,FL,Commercial,2021-08-05
P07061,M,2013-07-28,OH,Commercial,2022-09-07
P07062,female,1962-09-25,CA,Commercial,2020-07-24
P07063,M,2016-08-30,NY,Commercial,2022-08-17
P07064,F,1962-03-11,FL,Commercial,2019-07-09
P07065,F,2016-10-28,OH,Commercial,2020-11-18
P07066,female,2017-06-10,FL,Medicaid,2021-10-19
P07067,M,1938-12-01,GA,Medicare,2022-11-02
P07068,M,1962-04-11,PA,Medicaid,2020-03-20
P07069,F,1965-11-07,NC,Commercial,2020-12-15
P07070,F,1956-01-24,FL,Medicare,2019-08-05
P07071,M,1952-02-14,FL,Medicare,2020-06-21
P07072,M,2017-02-22,TX,Commercial,2020-01-22
P07073,F,1985-08-26,CA,Commercial,2023-07-17
P07074,F,1946-03-21,GA,Medicare,2023-11-18
P07075,F,1949-11-12,CA,Medicare,2020-09-17
P07076,F,2021-09-17,TX,Commercial,2024-01-01
P07077,F,2018-11-13,CA,Commercial,2019-07-21
P07078,M,1985-12-12,NC,Medicaid,2019-08-04
P07079,M,1968-08-20,PA,Commercial,2021-01-29
P07080,F,1963-06-06,FL,Medicaid,2020-05-11
P07081,M,1987-02-21,FL,Medicaid,2021-11-22
P07082,M,2000-12-19,FL,Medicaid,2019-03-20
P07083,M,1942-08-05,FL,Medicare,2023-10-28
P07084,F,1990-04-15,TX,Commercial,2022-07-17
P07085,F,1950-10-19,FL,Medicare,2020-07-07
P07086,F,1947-04-08,PA,Medicare,2020-01-24
P07087,F,1940-06-06,PA,Medicare,2022-10-16
P07088,M,1988-06-09,NC,Commercial,2019-12-31
P07089,M,1968-11-16,TX,Commercial,2021-09-13
P07090,F,1971-11-01,NC,Commercial,2019-09-20
P07091,M,1975-02-15,CA,Commercial,2022-09-01
P07092,M,1940-02-16,NC,Medicare,2020-07-18
P07093,M,1997-07-19,FL,Medicaid,2022-12-19
P07094,M,1943-05-29,PA,Medicare,2023-04-24
P07095,M,1942-06-17,TX,Medicare,2020-06-23
P07096,M,2000-06-27,GA,Commercial,2020-08-07
P07097,F,1964-04-16,TX,Commercial,2022-07-15
P07098,M,1975-06-08,GA,Commercial,2020-12-24
P07099,F,1982-11-16,AZ,Commercial,2019-04-19
P07100,M,1978-12-01,CA,Commercial,2022-05-03
P07101,M,1972-02-25,IL,Commercial,2021-06-30
P07102,F,1978-04-05,AZ,Commercial,2022-12-17
P07103,F,1958-10-20,CA,Medicare,2021-05-31
P07104,F,1999-12-10,OH,Commercial,2019-07-31
P07105,M,1996-10-12,IL,Commercial,2020-10-28
P07106,F,1985-06-03,FL,Commercial,2023-04-17
P07107,M,1935-06-02,GA,Medicare,2020-04-20
P07108,Female,1956-10-31,TX,Medicare,2021-11-22
P07109,F,1959-10-29,CA,Commercial,2023-11-29
P07110,F,1979-10-18,OH,Commercial,2020-11-21
P07111,M,1997-07-23,TX,Medicaid,2022-07-05
P07112,F,1947-10-08,PA,Medicare,2019-02-23
P07113,M,1940-07-18,CA,Medicare,2019-01-11
P07114,M,1953-12-26,TX,Medicare,2020-08-25
P07115,M,2007-01-25,NC,Medicaid,2020-11-05
P07116,F,2007-02-10,PA,Medicaid,2022-06-24
P07117,M,2010-08-30,TX,Commercial,2023-08-25
P07118,F,1940-03-13,TX,Medicare,2023-09-13
P07119,F,1980-06-19,NC,Commercial,2021-09-07
P07120,M,1943-12-21,TX,Medicare,2022-06-01
P07121,F,1984-09-19,FL,Commercial,2019-03-16
P07122,M,2020-12-11,PA,Commercial,2022-07-16
P07123,F,2000-04-17,GA,Medicaid,2022-12-06
P07124,F,1965-03-21,GA,Medicaid,2019-11-29
P07125,M,2020-05-20,PA,Commercial,2019-10-29
P07126,F,1984-12-29,CA,Medicaid,2022-02-13
P07127,F,1995-10-07,TX,Commercial,2023-08-05
P07128,M,1964-07-13,TX,Commercial,2023-07-06
P07129,F,1990-11-09,FL,Medicaid,2021-05-26
P07130,M,1987-11-23,FL,Commercial,2019-08-28
P07131,F,1977-09-11,IL,Commercial,2022-01-26
P07132, f,1947-05-31,FL,Medicare,2023-11-30
P07133,F,1990-11-29,FL,Commercial,2022-02-16
P07134,M,1977-01-01,OH,Commercial,2023-12-27
P07135,M,1971-07-18,IL,Commercial,2021-11-20
P07136,F,1939-10-31,NC,Medicare,2021-08-18
P07137,Female,1977-12-24,GA,Commercial,2020-05-08
P07138,Male,2000-01-17,GA,Commercial,2023-08-28
P07139,female,1939-05-29,AZ,Medicare,2021-08-07
P07140,M,2023-02-20,,Commercial,2023-02-12
P07141,F,1980-03-23,PA,Commercial,2021-09-02
P07142,F,1937-01-06,NY,Medicare,2019-01-29
P07143,F,1953-02-10,OH,Medicare,2020-04-19
P07144,F,1962-03-27,AZ,Commercial,2019-10-14
P07145,M,1967-02-25,TX,Medicaid,2023-10-23
P07146,F,1950-02-22,TX,Medicare,2020-03-08
P07147,M,1981-09-29,FL,Commercial,2019-09-04
P07148,F,1935-05-29,NC,Medicare,2020-08-25
P07149,Female,1945-01-06,GA,Medicare,2020-02-04
P07150,F,1938-02-18,GA,Medicare,2023-10-06
P07151,F,1937-11-23,CA,Medicare,2020-04-23
P07152,F,1957-11-21,NC,Medicare,2019-10-29
P07153,F,1986-10-19,TX,Medicaid,2022-11-06
P07154,F,1950-04-05,IL,Medicare,2021-08-25
P07155,F,2009-08-10,FL,Medicaid,2021-11-21
P07156,F,1953-05-16,NY,Medicare,2023-07-06
P07157,F,2020-11-10,CA,Medicaid,2023-05-12
P07158,F,1986-12-10,CA,Medicaid,2022-07-02
P07159,F,2006-03-25,CA,Commercial,2023-06-16
P07160,F,1994-09-16,CA,Commercial,2021-06-29
P07161,F,1952-12-16,OH,Medicare,2023-09-22
P07162,F,2019-10-15,PA,Commercial,2023-12-08
P07163,M,1933-09-05,AZ,Medicare,2020-11-09
P07164,F,1939-08-07,IL,Medicare,2022-09-28
P07165,F,1994-02-07,,Medicaid,2022-02-11
P07166,M,1978-10-20,NC,Commercial,2022-04-28
P07167,F,1936-05-25,TX,Medicare,2021-08-28
P07168,F,2016-09-22,CA,Commercial,2021-09-07
P07169,M,1934-07-03,FL,Medicare,2023-05-03
P07170,M,1971-09-15,TX,Commercial,2023-12-29
P07171,M,1954-08-28,IL,Medicare,2021-10-15
P07172,F,1933-05-27,NC,Medicare,2021-03-06
P07173,F,1943-05-31,FL,Medicare,2020-02-29
P07174,F,1938-11-12,NY,Medicare,2023-01-06
P07175,M,1988-11-04,TX,Commercial,2023-08-02
P07176,F,2005-10-04,OH,Commercial,2021-01-07
P07177,M,1990-02-06,FL,Commercial,2019-06-30
P07178,M,2015-09-08,CA,Medicaid,2022-10-22
P07179,M,1980-06-04,NC,Medicaid,2023-07-29
P07180,F,1972-07-21,CA,Commercial,2021-12-28
P07181,M,2023-08-25,GA,Commercial,2021-03-14
P07182,M,1989-12-18,OH,Commercial,2020-11-19
P07183,M,1952-07-23,OH,Medicare,2023-06-10
P07184,M,2023-01-02,TX,Commercial,2020-09-20
P07185,M,1976-01-23,GA,Commercial,2022-04-15
P07186,M,1988-09-13,NC,Commercial,2023-11-07
P07187,female,2004-06-20,TX,Commercial,2019-05-24
P07188,M,1992-09-18,TX,Commercial,2021-04-30
P07189,M,1979-01-30,NY,Commercial,2022-06-23
P07190,M,1948-06-12,NY,Medicare,2019-12-03
P07191,M,1935-01-31,PA,Medicare,2020-01-08
P07192,F,2021-02-23,AZ,Commercial,2022-12-21
P07193,F,1934-09-03,NC,Medicare,2019-03-15
P07194,M,2021-07-18,FL,Commercial,2021-05-06
P07195,F,1950-06-07,TX,Medicare,2022-09-10
P07196,M,2001-10-02,FL,Medicaid,2021-10-07
P07197,M,2019-03-04,NC,Commercial,2023-01-24
P07198,F,1979-06-09,CA,Medicaid,2019-10-03
P07199,F,1939-10-18,AZ,Medicare,2022-08-29
P07200,M,1956-07-08,NY,Medicare,2021-10-23
P07201,M,1999-03-08,FL,Commercial,2023-08-30
P07202,F,2005-07-30,CA,Commercial,2019-04-15
P07203,M,1983-04-17,,Commercial,2022-06-28
P07204,M,2009-01-06,FL,Medicaid,2020-09-28
P07205,F,1935-09-01,TX,Medicare,2022-03-28
P07206,F,1979-01-03,GA,Commercial,2021-03-13
P07207,F,1933-08-02,FL,Medicare,2021-03-15
P07208,F,2022-06-09,NY,Commercial,2022-07-18
P07209,F,1985-03-24,PA,Commercial,2021-11-04
P07210,F,1954-12-07,IL,Medicare,2021-01-08
P07211,M,1938-04-19,GA,Medicare,2022-12-01
P07212,M,1956-06-08,NY,Medicare,2023-05-07
P07213,M,1950-05-06,PA,Medicare,2023-02-10
P07214,M,1942-01-18,AZ,Medicare,2021-12-03
P07215,M,1968-07-07,PA,Medicaid,2022-12-07
P07216,M,1990-01-28,NY,Commercial,2022-07-31
P07217,F,1938-06-07,PA,Medicare,2020-07-29
P07218,M,1956-10-14,NC,Medicare,2020-08-26
P07219,M,2007-05-08,FL,Commercial,2019-04-15
P07220,M,1987-10-24,FL,Commercial,2020-03-08
P07221,F,1988-02-07,IL,Commercial,2021-11-18
P07222,M,2014-11-06,IL,Commercial,2019-05-13
P07223,F,1951-07-03,NY,Medicare,2019-05-27
P07224,F,1997-03-07,NC,Commercial,2022-11-22
P07225,F,1953-12-28,,Medicare,2023-02-23
P07226,F,1990-07-06,NC,Commercial,2019-08-01
P07227,F,1978-06-30,NY,Commercial,2019-07-22
P07228,F,2021-08-30,TX,Commercial,2019-10-11
P07229,F,1964-04-30,NY,Commercial,2021-09-13
P07230,M,1984-09-04,NY,Medicaid,2019-09-11
P07231,M,2007-08-18,IL,Commercial,2020-02-28
P07232,M,1975-09-23,IL,Commercial,2020-04-20
P07233,M,1969-05-18,FL,Commercial,2020-12-28
P07234,M,1961-02-12,GA,Commercial,2022-08-31
P07235,F,1950-10-28,GA,Medicare,2020-04-08
P07236,F,1955-08-05,FL,Medicare,2019-08-13
P07237,F,2013-10-10,NY,Commercial,2019-08-01
P07238,F,1951-10-04,NY,Medicare,2021-01-02
P07239,M,1967-01-12,FL,Commercial,2023-10-22
P07240,F,2004-04-16,AZ,Medicaid,2020-04-20
P07241,M,1935-01-22,OH,Medicare,2022-09-26
P07242,F,1966-05-14,FL,Commercial,2022-12-23
P07243,F,1945-05-02,NC,Medicare,2023-08-11
P07244,F,1997-04-14,TX,Medicaid,2023-03-20
P07245,F,2004-05-07,CA,Commercial,2021-07-21
P07246,M,2004-03-06,NY,Medicaid,2022-08-14
P07247,M,1985-09-03,FL,Medicaid,2022-02-04
P07248,F,1975-11-26,NY,Commercial,2021-06-12
P07249,M,1958-07-06,AZ,Medicare,2021-05-15
P07250,F,1937-12-31,OH,Medicare,2021-12-02
P07251,Female,1953-12-14,CA,Medicare,2021-09-27
P07252,F,1951-12-14,PA,Medicare,2019-07-27
P07253,F,1981-12-03,PA,Medicaid,2022-08-03
P07254,M,1953-04-18,IL,Medicare,2023-12-09
P07255,M,1934-05-27,FL,Medicare,2020-01-02
P07256,F,1983-01-25,FL,Commercial,2023-08-08
P07257,M,1974-09-17,OH,Commercial,2020-02-18
P07258,M ,1976-09-02,AZ,Medicaid,2022-05-18
P07259,F,1949-07-06,CA,Medicare,2019-10-19
P07260,F,2002-03-21,AZ,Commercial,2023-03-01
P07261,F,1986-01-26,NC,Medicaid,2023-03-07
P07262,F,1982-04-09,FL,Medicaid,2021-12-20
P07263,F,1958-06-29,IL,Medicare,2021-11-28
P07264,F,1989-01-09,PA,Commercial,2020-06-01
P07265,F,1953-10-26,NY,Medicare,2020-10-07
P07266,M,2015-07-14,OH,Commercial,2019-01-15
P07267,F,1996-10-02,TX,Commercial,2020-08-14
P07268,M,1955-11-02,CA,Medicare,2022-12-29
P07269,F,1977-08-09,TX,Medicaid,2023-07-24
P07270,F,1974-03-27,NY,Commercial,2022-09-03
P07271,M,1976-09-06,CA,Medicaid,2019-02-02
P07272,M,1964-03-08,FL,Medicaid,2020-02-29
P07273,M,2009-05-23,FL,Commercial,2020-04-19
P07274,F,1977-04-17,FL,Commercial,2022-08-23
P07275,F,1949-10-04,CA,Medicare,2021-08-29
P07276,M,1940-02-20,TX,Medicare,2020-06-26
P07277,M,2022-10-18,NY,Commercial,2019-04-09
P07278,M,1935-08-19,NY,Medicare,2021-02-01
P07279,M,1951-03-22,FL,Medicare,2023-11-24
P07280,F,1933-04-24,OH,Medicare,2019-09-24
P07281,M,1949-09-13,NC,Medicare,2019-05-03
P07282,M,2021-09-26,NC,Commercial,2023-11-02
P07283,M,1992-07-26,FL,Commercial,2022-01-16
P07284,F,1997-07-22,CA,Commercial,2019-02-08
P07285,M,1996-12-10,NY,Medicaid,2019-03-28
P07286,M,2001-10-04,OH,Medicaid,2019-03-09
P07287,F,1953-11-05,FL,Medicare,2019-02-16
P07288,F,2023-11-06,OH,Commercial,2023-11-22
P07289,M,1955-08-25,AZ,Medicare,2023-04-01
P07290,M,1968-12-18,PA,Commercial,2021-07-04
P07291,female,2014-04-28,IL,Commercial,2020-12-27
P07292,M,2014-04-30,FL,Commercial,2021-12-30
P07293,F,1973-10-12,NY,Medicaid,2022-08-30
P07294,F,1991-02-16,GA,Commercial,2022-09-25
P07295,M,1948-05-29,CA,Medicare,2020-12-26
P07296,F,1972-09-08,NC,Medicaid,2019-02-12
P07297,F,1950-10-22,OH,Medicare,2019-11-16
P07298,M,1984-07-28,AZ,Commercial,2023-02-17
P07299,F,1987-01-16,AZ,Medicaid,2023-04-06
P07300, f,1937-12-30,GA,Medicare,2022-09-08
P07301,F,1974-12-24,IL,Commercial,2020-05-03
P07302,F,1948-08-03,IL,Medicare,2023-12-17
P07303,F,2010-01-30,NC,Medicaid,2020-06-25
P07304,female,1974-09-20,GA,Commercial,2021-02-07
P07305,M,1934-04-03,FL,Medicare,2020-09-14
P07306,M,1968-06-05,TX,Commercial,2019-09-14
P07307,M,1970-10-20,FL,Commercial,2021-01-18
P07308,F,1944-02-04,GA,Medicare,2020-11-23
P07309,Female,1963-11-03,FL,Commercial,2021-08-08
P07310,M,2021-06-30,NY,Commercial,2020-09-29
P07311,M,2002-05-04,CA,Commercial,2022-02-06
P07312,Male,1984-04-29,FL,Commercial,2023-09-02
P07313,F,1989-02-23,PA,Commercial,2023-11-16
P07314,M,1950-04-18,FL,Medicare,2020-06-06
P07315,F,2011-05-07,TX,Commercial,2020-10-25
P07316,F,1973-11-06,NY,Commercial,2021-12-16
P07317,M,1967-09-12,CA,Medicaid,2020-04-10
P07318,F,1979-08-28,TX,Medicaid,2021-08-20
P07319,F,1989-08-18,NC,Commercial,2022-09-23
P07320,F,1973-11-20,TX,Commercial,2021-01-29
P07321,M,2008-11-27,GA,Commercial,2022-02-11
P07322,M,1961-07-24,NY,Commercial,2019-02-16
P07323,F,2015-04-13,FL,Commercial,2020-05-25
P07324,M,1986-02-11,AZ,Medicaid,2020-04-06
P07325,F,1957-01-22,CA,Medicare,2020-07-25
P07326,M,1965-07-09,FL,Commercial,2020-08-01
P07327,M,2008-02-08,OH,Medicaid,2020-02-21
P07328,M,1982-07-18,NC,Commercial,2021-11-04
P07329,M,2013-07-12,TX,Commercial,2019-11-24
P07330,F,2012-10-16,AZ,Commercial,2023-10-31
P07331,F,1996-05-16,NY,Commercial,2020-09-02
P07332,M,1972-09-09,GA,Medicaid,2021-04-23
P07333,M,2005-07-07,OH,Commercial,2023-12-17
P07334,M,1940-01-25,IL,Medicare,2020-09-12
P07335,M,1986-06-15,GA,Commercial,2023-12-28
P07336,F,1960-09-12,FL,Medicaid,2020-06-25
P07337,F,1950-05-01,CA,Medicare,2021-05-20
P07338,F,2008-04-09,NC,Commercial,2020-12-18
P07339,M,1965-05-24,GA,Commercial,2020-12-14
P07340,M,2002-12-16,AZ,Medicaid,2022-07-02
P07341,M,1946-10-10,FL,Medicare,2020-11-22
P07342,M,1970-11-15,OH,Commercial,2022-11-24
P07343,F,1971-01-18,PA,Medicaid,2020-03-18
P07344,F,2019-09-10,FL,Commercial,2023-07-21
P07345,F,1968-07-11,NY,Commercial,2023-04-18
P07346,F,1946-02-05,FL,Medicare,2020-06-28
P07347,M,2005-01-04,CA,Commercial,2023-09-18
P07348,M,1989-10-12,CA,Commercial,2019-02-25
P07349,M,2008-02-22,OH,Commercial,2023-11-06
P07350,F,2013-04-10,NY,Commercial,2021-05-18
P07351,M,2015-05-22,TX,Commercial,2019-01-31
P07352,M,2013-10-31,FL,Commercial,2020-08-21
P07353,F,1986-04-23,FL,Medicaid,2020-11-03
P07354,M,1951-05-23,NY,Medicare,2020-07-17
P07355,M,1992-07-22,IL,Commercial,2020-06-22
P07356,F,2022-05-31,,Commercial,2023-03-13
P07357,M,1952-10-16,TX,Medicare,2022-06-17
P07358,F,1975-05-19,AZ,Commercial,2023-01-16
P07359,F,1969-11-06,FL,Commercial,2022-12-11
P07360,F,1949-09-18,AZ,Medicare,2022-12-18
P07361,F,1999-07-05,GA,Commercial,2020-10-24
P07362,M,1948-11-02,FL,Medicare,2019-05-05
P07363,F,2019-02-02,PA,Medicaid,2021-03-17
P07364,M,1997-02-11,NY,Medicaid,2023-12-04
P07365,M,1989-07-11,IL,Commercial,2020-07-17
P07366,M,2022-06-07,OH,Commercial,2021-04-19
P07367,F,2023-09-17,FL,Commercial,2020-02-13
P07368,Female,1933-10-15,FL,Medicare,2022-02-12
P07369,F,2009-01-15,NY,Medicaid,2021-11-10
P07370,F,2015-08-04,CA,Medicaid,2020-09-15
P07371,F,1985-01-17,TX,Commercial,2020-06-19
P07372,M,2005-12-07,GA,Medicaid,2022-11-25
P07373,M,1933-11-23,GA,Medicare,2021-01-26
P07374,F,1962-07-11,NY,Medicaid,2019-03-14
P07375,F,1949-03-21,FL,Medicare,2023-09-06
P07376,M,2004-07-30,TX,Commercial,2022-05-07
P07377,M,1967-03-01,FL,Commercial,2021-05-02
P07378,M,2007-11-14,PA,Medicaid,2019-05-18
P07379,Male,2008-02-23,CA,Commercial,2019-03-02
P07380,M,1960-07-22,FL,Commercial,2021-01-21
P07381, f,1980-09-18,OH,Commercial,2021-04-09
P07382,M,2018-05-12,NY,Commercial,2021-12-06
P07383,F,1966-03-22,NY,Medicaid,2021-10-11
P07384,M,2013-01-27,GA,Commercial,2020-05-02
P07385,F,1979-12-01,TX,Commercial,2021-04-13
P07386,M,1953-04-19,PA,Medicare,2021-03-28
P07387,M,1943-09-09,FL,Medicare,2019-10-14
P07388,M,1972-07-01,CA,Commercial,2023-04-24
P07389,F,1979-07-17,GA,Commercial,2019-03-21
P07390,M,1966-03-25,NY,Commercial,2020-06-25
P07391,male,1984-08-08,NY,Commercial,2021-01-26
P07392,M,1974-09-20,FL,Commercial,2021-02-08
P07393,F,1965-07-07,FL,Commercial,2021-02-13
P07394,F,1939-05-02,NY,Medicare,2021-03-05
P07395,M,1987-02-27,TX,Medicaid,2022-04-02
P07396,F,2022-12-30,IL,Medicaid,2020-04-24
P07397,M,2001-06-07,NC,Commercial,2022-09-27
P07398,F,1983-12-06,IL,Commercial,2020-09-26
P07399,M,2016-05-19,IL,Medicaid,2021-05-16
P07400,F,1937-05-18,FL,Medicare,2022-03-04
P07401,M,1933-02-22,PA,Medicare,2019-12-26
P07402,F,1964-10-22,AZ,Commercial,2022-05-30
P07403,F,2003-03-17,NY,Commercial,2020-09-15
P07404,F,1938-04-24,CA,Medicare,2022-10-01
P07405,M,1938-05-03,TX,Medicare,2023-01-01
P07406,F,2004-05-13,FL,Commercial,2021-02-16
P07407,F,2008-06-14,GA,Medicaid,2019-02-16
P07408,F,1945-12-08,FL,Medicare,2022-07-03
P07409,M,1957-03-10,NY,Medicare,2023-06-07
P07410,F,1983-08-11,CA,Commercial,2023-05-27
P07411,M,1940-11-23,FL,Medicare,2021-07-18
P07412,F,1947-05-23,GA,Medicare,2020-02-03
P07413,F,1998-01-20,FL,Commercial,2020-06-11
P07414,Female,1945-04-15,AZ,Medicare,2022-12-16
P07415,Male,1943-10-04,OH,Medicare,2019-10-31
P07416,F,1960-03-09,FL,Medicaid,2023-03-07
P07417,M,1986-02-25,PA,Commercial,2021-03-17
P07418,F,2003-09-03,PA,Medicaid,2019-10-05
P07419,M,2008-06-24,OH,Commercial,2019-12-19
P07420,F,2023-03-02,PA,Commercial,2020-06-29
P07421,F,1985-11-04,NY,Commercial,2022-05-07
P07422,M,1960-08-24,GA,Commercial,2020-03-04
P07423,M,2021-07-18,,Commercial,2022-01-26
P07424,M,1997-12-29,PA,Commercial,2022-04-02
P07425,M,1933-11-01,GA,Medicare,2021-05-04
P07426,F,1995-05-24,CA,Commercial,2020-12-01
P07427,M,1981-09-26,CA,Medicaid,2022-12-16
P07428,F,1977-10-04,NY,Commercial,2019-05-06
P07429,M,1939-09-15,CA,Medicare,2019-09-02
P07430,M,1984-11-16,FL,Medicaid,2022-08-04
P07431,F,1977-05-13,NY,Medicaid,2022-10-17
P07432,M,1936-09-28,GA,Medicare,2023-08-29
P07433,M,1937-05-08,FL,Medicare,2021-12-21
P07434,F,2017-03-04,,Commercial,2023-02-24
P07435,female,2016-07-10,TX,Commercial,2019-05-09
P07436,M,1970-02-01,TX,Commercial,2019-07-09
P07437,F,2021-10-21,FL,Commercial,2019-11-11
P07438,F,1992-01-15,NY,Commercial,2022-08-06
P07439,M,1984-09-05,GA,Commercial,2020-07-21
P07440,M,1980-09-12,FL,Medicaid,2021-07-19
P07441,M,2019-01-09,OH,Medicaid,2022-08-21
P07442,M,1968-07-18,CA,Medicaid,2021-05-01
P07443,female,1958-04-03,NY,Medicare,2023-03-06
P07444,Female,2022-03-14,CA,Commercial,2019-03-16
P07445,F,2015-07-22,TX,Commercial,2023-03-09
P07446,F,1943-09-07,FL,Medicare,2022-06-30
P07447,M,1952-07-05,TX,Medicare,2022-11-23
P07448,F,1975-08-14,OH,Commercial,2021-05-25
P07449,F,2002-08-02,CA,Commercial,2020-08-23
P07450,M,1962-10-06,OH,Commercial,2019-03-20
P07451,M,2006-02-01,IL,Commercial,2022-01-22
P07452,M,2008-06-06,GA,Commercial,2022-12-30
P07453,M,1974-03-16,IL,Commercial,2023-11-23
P07454,M,1947-05-06,NC,Medicare,2021-01-05
P07455,M,1990-08-25,CA,Medicaid,2019-02-10
P07456,M,1940-09-06,NY,Medicare,2023-09-07
P07457,M,1946-01-07,NY,Medicare,2019-01-10
P07458,M,1963-12-24,FL,Medicaid,2022-09-09
P07459,F,2013-09-15,FL,Commercial,2019-06-19
P07460,M,1954-04-07,TX,Medicare,2023-08-28
P07461,F,2005-06-15,GA,Commercial,2019-07-19
P07462,female,1936-05-20,FL,Medicare,2022-05-09
P07463,M,2007-12-25,FL,Commercial,2022-08-18
P07464,F,1988-10-13,AZ,Medicaid,2022-12-21
P07465,M,2023-05-28,GA,Medicaid,2023-05-03
P07466,M,2012-09-08,AZ,Commercial,2020-01-05
P07467,F,1990-07-13,CA,Commercial,2023-08-28
P07468,M,1978-01-16,FL,Commercial,2021-09-08
P07469,M,1953-05-13,FL,Medicare,2019-04-06
P07470,M,1937-05-15,GA,Medicare,2021-12-23
P07471,F,1964-10-21,TX,Commercial,2019-11-14
P07472,M,1972-05-28,GA,Medicaid,2020-07-17
P07473,F,1973-01-15,PA,Commercial,2020-01-11
P07474,M,2001-05-12,TX,Commercial,2019-04-09
P07475,F,1965-03-20,NY,Commercial,2023-07-07
P07476,F,1937-01-17,NY,Medicare,2022-06-30
P07477,F,1990-02-06,CA,Commercial,2022-05-25
P07478,M,2016-08-29,AZ,Commercial,2023-09-02
P07479,M,2021-09-15,NY,Commercial,2023-06-22
P07480,M,1991-09-21,TX,Medicaid,2023-06-15
P07481,M,1957-03-25,AZ,Medicare,2019-04-04
P07482,F,1987-08-17,AZ,Medicaid,2019-09-20
P07483,M,1950-03-06,OH,Medicare,2021-01-23
P07484,F,1947-03-15,OH,Medicare,2019-10-11
P07485,M,1981-05-02,TX,Commercial,2022-04-14
P07486,M,1933-11-17,NY,Medicare,2021-08-17
P07487,F,1965-04-16,TX,Commercial,2019-08-03
P07488,F,1984-10-17,CA,Commercial,2023-04-07
P07489,M,1987-06-14,PA,Commercial,2023-04-10
P07490,M,2018-10-09,TX,Commercial,2021-05-16
P07491,M,1982-12-09,NY,Medicaid,2022-09-27
P07492,M,2012-05-13,OH,Medicaid,2020-08-30
P07493,M,1933-07-20,GA,Medicare,2020-10-28
P07494,F,1989-05-11,CA,Commercial,2022-05-05
P07495,M,2018-07-05,OH,Medicaid,2023-06-04
P07496,M,1955-08-19,FL,Medicare,2023-08-04
P07497,F,2005-12-26,GA,Commercial,2021-10-15
P07498,M,1950-09-22,FL,Medicare,2022-05-24
P07499,F,1942-02-13,FL,Medicare,2023-11-01
P07500,M,2000-03-31,NY,Commercial,2020-07-20
P07501,M,1958-07-15,NC,Medicare,2019-03-22
P07502,M,1936-12-20,TX,Medicare,2019-02-11
P07503,F,2011-01-07,CA,Commercial,2023-06-01
P07504,M,1972-04-06,FL,Commercial,2023-01-20
P07505,F,1940-12-23,PA,Medicare,2021-11-04
P07506,M,1942-10-16,TX,Medicare,2019-06-07
P07507,F,2014-10-30,NC,Medicaid,2021-02-17
P07508,M,1988-02-06,FL,Medicaid,2021-09-20
P07509,M,1948-01-18,PA,Medicare,2019-05-18
P07510,F,1941-08-03,NY,Medicare,2020-09-08
P07511,F,1939-10-29,AZ,Medicare,2019-01-30
P07512,female,1941-05-11,TX,Medicare,2019-09-08
P07513,M,1987-09-24,PA,Commercial,2019-01-06
P07514,F,1934-11-17,TX,Medicare,2021-03-20
P07515,F,1951-09-29,FL,Medicare,2022-02-17
P07516,F,1949-09-30,NC,Medicare,2023-09-11
P07517,F,2006-12-12,FL,Medicaid,2020-05-09
P07518,F,1951-04-21,OH,Medicare,2022-09-03
P07519,M,1973-08-25,TX,Commercial,2023-12-12
P07520,M,2006-06-14,OH,Commercial,2019-12-28
P07521,M,2007-06-15,NY,Commercial,2021-11-18
P07522,F,2004-03-25,NY,Commercial,2021-03-28
P07523,M,2005-03-28,NC,Commercial,2020-02-01
P07524,F,1959-06-10,NC,Commercial,2022-05-11
P07525,M,1981-03-01,NC,Commercial,2019-12-03
P07526,M,1998-06-07,CA,Commercial,2021-02-01
P07527,F,1935-12-23,CA,Medicare,2021-03-02
P07528,M,1955-02-22,OH,Medicare,2022-08-29
P07529,F,1988-03-26,TX,Commercial,2020-01-23
P07530,M,1998-07-29,FL,Commercial,2022-10-19
P07531,M,1960-08-12,NC,Commercial,2020-11-28
P07532,F,2005-02-08,NY,Commercial,2019-11-12
P07533,F,1996-07-29,IL,Commercial,2023-06-03
P07534,M,2023-08-19,AZ,Commercial,2022-01-01
P07535,F,1992-04-08,PA,Commercial,2020-08-13
P07536,F,1968-09-03,CA,Medicaid,2022-08-19
P07537,M ,1941-08-06,OH,Medicare,2023-11-12
P07538,female,1993-03-22,TX,Medicaid,2021-12-16
P07539,F,2014-10-11,FL,Commercial,2021-07-09
P07540,F,1977-12-27,OH,Commercial,2019-05-27
P07541,M,1982-08-31,OH,Medicaid,2019-12-20
P07542,M,1961-10-30,FL,Commercial,2023-02-06
P07543,M,1953-08-21,PA,Medicare,2022-08-14
P07544,M,2023-12-06,IL,Medicaid,2023-01-28
P07545,F,1947-05-31,TX,Medicare,2019-06-14
P07546,F,1980-06-28,FL,Commercial,2022-03-27
P07547,F,1936-09-23,PA,Medicare,2019-07-20
P07548,F,2016-05-16,FL,Commercial,2023-09-13
P07549,F,1994-11-09,GA,Commercial,2021-03-18
P07550,F,1994-12-28,CA,Commercial,2023-08-18
P07551,M,2006-07-10,PA,Medicaid,2021-03-25
P07552,F,1958-11-03,,Medicare,2023-12-12
P07553,M,2011-02-23,NC,Commercial,2023-03-22
P07554,M,2019-09-13,PA,Commercial,2023-04-10
P07555,F,1940-07-28,NC,Medicare,2020-06-16
P07556,M,1959-09-16,CA,Medicaid,2020-10-20
P07557,M,2016-07-26,FL,Commercial,2021-03-18
P07558,F,1986-11-26,TX,Commercial,2023-01-08
P07559,M,2012-01-26,NY,Medicaid,2022-09-03
P07560,F,1998-10-29,FL,Medicaid,2022-02-11
P07561,F,1988-08-09,TX,Medicaid,2019-02-10
P07562,M,2022-02-25,GA,Commercial,2020-06-23
P07563,M,2008-07-29,FL,Commercial,2023-11-05
P07564,F,1985-04-20,CA,Commercial,2023-11-04
P07565,M,2023-12-08,GA,Commercial,2022-04-07
P07566,M,1991-09-15,FL,Medicaid,2022-12-16
P07567,F,1984-03-29,OH,Commercial,2021-12-20
P07568,F,1940-09-26,PA,Medicare,2019-01-10
P07569,F,2013-08-02,NC,Medicaid,2023-01-09
P07570,M,1992-12-02,FL,Medicaid,2021-01-07
P07571,M,1949-06-30,CA,Medicare,2021-08-04
P07572,F,2023-08-27,NC,Medicaid,2020-09-14
P07573,M,2002-02-20,GA,Commercial,2021-04-09
P07574,F,1959-08-09,FL,Commercial,2021-06-04
P07575,F,2002-03-05,TX,Commercial,2022-08-16
P07576,M,2002-02-04,TX,Medicaid,2019-03-06
P07577,M,1976-02-29,FL,Medicaid,2022-08-31
P07578,F,1992-04-04,FL,Commercial,2023-04-13
P07579,M,1998-06-01,NY,Commercial,2023-07-10
P07580,F,1972-07-10,,Commercial,2023-09-01
P07581,F,2021-12-02,NY,Commercial,2022-03-28
P07582,F,1977-11-12,AZ,Medicaid,2019-12-04
P07583,F,1999-08-16,FL,Commercial,2023-03-25
P07584,M,1942-05-06,OH,Medicare,2023-12-25
P07585,F,1934-12-30,TX,Medicare,2021-05-09
P07586,F,1962-01-24,OH,Commercial,2021-03-13
P07587,M,2015-01-04,NC,Commercial,2021-03-09
P07588,F,2011-12-04,CA,Medicaid,2023-12-30
P07589,F,1957-11-26,CA,Medicare,2022-12-27
P07590,F,1998-02-25,NC,Commercial,2022-04-06
P07591,M,1970-10-20,OH,Commercial,2020-04-22
P07592,female,1979-10-28,FL,Medicaid,2020-10-01
P07593,F,1991-10-25,TX,Medicaid,2019-12-07
P07594,M,2021-04-20,PA,Medicaid,2021-04-08
P07595,F,1956-11-13,CA,Medicare,2021-12-26
P07596,M,1977-10-25,FL,Medicaid,2021-03-16
P07597,M,2017-08-08,AZ,Commercial,2022-01-29
P07598,M,1954-05-26,AZ,Medicare,2023-03-20
P07599,F,2009-01-04,NY,Commercial,2021-02-15
P07600,M,1951-10-07,NY,Medicare,2022-07-13
P07601,F,1983-09-30,GA,Medicaid,2022-09-06
P07602,F,1977-06-17,NY,Medicaid,2020-06-15
P07603,M,1935-08-02,AZ,Medicare,2023-09-03
P07604,Female,1948-05-26,GA,Medicare,2023-11-20
P07605,F,2007-10-04,TX,Medicaid,2022-03-23
P07606,M,1996-05-20,IL,Medicaid,2021-01-10
P07607,F,1935-01-29,TX,Medicare,2019-10-22
P07608,F,1959-04-27,AZ,Commercial,2021-06-02
P07609,female,1965-04-07,TX,Commercial,2022-09-16
P07610,F,1976-12-06,FL,Medicaid,2022-04-14
P07611,M,1950-02-05,AZ,Medicare,2022-02-10
P07612,M,1941-04-19,GA,Medicare,2022-05-01
P07613,F,1940-05-17,NC,Medicare,2020-08-29
P07614,F,1970-11-05,FL,Commercial,2020-01-04
P07615,F,2019-06-13,OH,Commercial,2020-06-17
P07616,F,2022-04-28,GA,Medicaid,2022-02-03
P07617,F,1995-05-19,OH,Commercial,2022-07-26
P07618,M,1953-11-16,AZ,Medicare,2023-08-09
P07619,F,1938-12-17,FL,Medicare,2020-01-06
P07620,M,2011-07-11,TX,Medicaid,2019-03-13
P07621,F,1961-04-14,NC,Commercial,2023-09-23
P07622,F,1933-08-12,AZ,Medicare,2023-05-09
P07623, f,2021-04-25,TX,Commercial,2022-12-06
P07624,F,1983-01-13,AZ,Commercial,2020-01-07
P07625,M,1976-02-11,IL,Commercial,2022-12-03
P07626,M,2002-05-15,NC,Commercial,2023-12-07
P07627,M,1966-04-10,TX,Medicaid,2022-04-29
P07628,F,1960-11-29,NY,Medicaid,2022-03-07
P07629,F,1960-11-30,NC,Commercial,2022-01-10
P07630,M,2017-04-20,NC,Medicaid,2021-06-05
P07631,M,1934-03-14,GA,Medicare,2022-10-17
P07632,F,1940-10-22,CA,Medicare,2023-11-08
P07633,F,1995-05-30,PA,Medicaid,2023-06-20
P07634,F,1942-09-18,NY,Medicare,2020-05-02
P07635,F,2002-11-22,CA,Commercial,2020-09-14
P07636,M,1996-08-15,TX,Commercial,2022-09-13
P07637,F,1978-07-21,FL,Commercial,2019-04-21
P07638,M,2022-03-23,FL,Medicaid,2021-04-19
P07639,F,1933-02-19,TX,Medicare,2020-01-08
P07640,M,1976-01-22,CA,Commercial,2020-01-17
P07641,F,2014-11-23,OH,Commercial,2022-07-03
P07642,M,1973-01-28,FL,Medicaid,2021-01-18
P07643,M,1990-06-26,TX,Commercial,2021-01-14
P07644,F,1950-10-30,OH,Medicare,2021-09-22
P07645,M,1952-05-09,FL,Medicare,2020-10-29
P07646,F,1990-12-09,AZ,Commercial,2022-04-28
P07647,F,2010-07-16,CA,Commercial,2023-07-06
P07648,M,1984-03-04,IL,Commercial,2023-10-11
P07649,M,1983-01-12,NC,Commercial,2021-10-08
P07650,M,1940-09-17,AZ,Medicare,2019-06-10
P07651,F,1994-10-29,NC,Medicaid,2022-12-06
P07652,M,1983-06-03,GA,Commercial,2021-01-16
P07653,M,1936-11-04,OH,Medicare,2023-03-08
P07654,Female,1995-01-09,GA,Commercial,2020-11-05
P07655,M,1961-09-03,CA,Commercial,2023-01-31
P07656,F,1954-10-24,TX,Medicare,2021-10-20
P07657,F,1934-10-06,OH,Medicare,2019-12-18
P07658,M,1952-08-17,OH,Medicare,2022-02-20
P07659,female,1971-04-06,PA,Commercial,2019-05-03
P07660,F,1956-02-19,GA,Medicare,2023-10-08
P07661,F,1985-04-07,AZ,Commercial,2023-08-01
P07662,M,1972-05-08,OH,Medicaid,2023-02-27
P07663,F,1934-09-24,TX,Medicare,2022-10-14
P07664,F,2002-01-23,FL,Medicaid,2021-11-16
P07665,F,1972-01-02,TX,Commercial,2019-06-09
P07666,Female,1963-05-16,FL,Commercial,2022-10-17
P07667,F,1956-03-21,CA,Medicare,2022-03-21
P07668,male,1984-09-12,FL,Commercial,2023-10-12
P07669,M,1946-07-21,TX,Medicare,2020-06-06
P07670,Male,1952-03-13,NC,Medicare,2021-04-10
P07671,M,1971-07-31,NY,Medicaid,2023-10-11
P07672,F,1976-03-29,IL,Commercial,2021-09-06
P07673,F,2011-02-22,GA,Medicaid,2022-11-29
P07674,M,2015-01-26,NY,Commercial,2021-11-23
P07675,F,2014-09-16,IL,Commercial,2022-08-01
P07676,M,1934-07-11,,Medicare,2020-01-31
P07677,F,1974-08-13,NY,Commercial,2023-09-19
P07678,M,1962-07-01,IL,Medicaid,2021-01-02
P07679,F,2016-04-04,NY,Medicaid,2020-01-15
P07680,F,1978-09-04,PA,Medicaid,2023-12-30
P07681,M,1963-10-08,IL,Medicaid,2019-06-26
P07682,female,1935-09-25,GA,Medicare,2020-03-12
P07683,F,1973-03-27,OH,Commercial,2022-08-10
P07684,F,1984-01-03,CA,Medicaid,2021-08-04
P07685,F,2023-11-25,AZ,Commercial,2020-08-07
P07686,M,1996-01-10,CA,Medicaid,2021-06-02
P07687,M,2007-12-21,OH,Commercial,2020-03-22
P07688,M,1945-06-21,TX,Medicare,2019-07-23
P07689,M,1985-11-13,CA,Commercial,2022-03-19
P07690,M,1963-01-18,OH,Commercial,2023-06-16
P07691,F,2020-03-28,AZ,Commercial,2021-11-05
P07692,M,2002-08-24,GA,Commercial,2021-01-03
P07693,M,1980-04-25,FL,Commercial,2020-02-17
P07694,F,2003-02-25,AZ,Commercial,2022-08-05
P07695,M,2016-10-13,CA,Commercial,2019-05-14
P07696,F,1945-05-14,FL,Medicare,2023-10-27
P07697, f,2022-09-13,NY,Commercial,2021-02-06
P07698,M,1959-04-15,IL,Medicaid,2021-10-25
P07699,F,1992-06-07,AZ,Commercial,2020-07-12
P07700,F,1957-04-13,TX,Medicare,2022-08-02
P07701,F,1979-05-14,OH,Commercial,2019-05-07
P07702,M,1955-05-14,NY,Medicare,2023-12-30
P07703,F,1950-12-01,TX,Medicare,2019-12-05
P07704,F,1952-02-24,OH,Medicare,2021-07-16
P07705,F,2012-10-30,GA,Commercial,2021-06-04
P07706,F,1949-08-10,TX,Medicare,2022-06-13
P07707,F,1988-06-28,GA,Commercial,2022-01-17
P07708,F,1996-02-26,FL,Commercial,2021-10-31
P07709,F,1985-05-16,TX,Commercial,2022-06-13
P07710,F,1952-10-26,AZ,Medicare,2023-12-11
P07711,F,2005-09-18,TX,Commercial,2022-01-01
P07712,F,1950-10-20,NC,Medicare,2021-12-29
P07713,M,1964-05-30,GA,Commercial,2020-05-24
P07714,F,1974-04-14,PA,Commercial,2021-08-26
P07715,F,2013-04-17,CA,Commercial,2021-04-04
P07716,F,2018-04-02,AZ,Commercial,2021-09-03
P07717,Male,1949-04-19,TX,Medicare,2021-11-19
P07718,F,1978-02-05,NY,Medicaid,2020-06-02
P07719,M,1938-02-04,FL,Medicare,2020-08-16
P07720,M,1959-09-23,FL,Commercial,2019-01-18
P07721,F,2023-09-12,CA,Commercial,2021-07-09
P07722,F,1999-12-12,OH,Medicaid,2023-11-12
P07723,M,2006-09-25,FL,Commercial,2021-01-28
P07724,F,1966-06-29,NC,Commercial,2022-01-09
P07725,M,2016-05-05,NC,Medicaid,2023-07-11
P07726,M,1997-02-15,NY,Commercial,2019-09-21
P07727,F,1967-05-30,OH,Commercial,2020-11-02
P07728,M,1960-01-12,CA,Commercial,2020-11-16
P07729,F,1939-06-14,IL,Medicare,2020-10-27
P07730,F,1981-02-21,OH,Commercial,2019-02-01
P07731,M,1940-03-12,IL,Medicare,2020-07-25
P07732,M,2017-07-06,TX,Commercial,2020-06-09
P07733,F,1997-02-16,PA,Commercial,2020-04-01
P07734,M,1992-02-20,AZ,Commercial,2020-05-20
P07735,F,1990-09-08,FL,Medicaid,2020-06-26
P07736,M,2020-10-14,NY,Commercial,2023-08-16
P07737,F,1937-11-17,PA,Medicare,2021-12-28
P07738,F,1998-01-29,TX,Commercial,2022-08-17
P07739,M,2016-07-23,NY,Commercial,2019-07-21
P07740,M,1964-06-08,OH,Commercial,2021-01-31
P07741,F,1934-09-23,PA,Medicare,2021-06-04
P07742,M,2008-08-11,FL,Commercial,2021-05-23
P07743,F,1991-08-08,TX,Medicaid,2020-08-04
P07744,M,1962-06-02,TX,Medicaid,2020-03-11
P07745,M,1944-10-29,FL,Medicare,2022-12-30
P07746,M,1941-03-20,FL,Medicare,2019-01-14
P07747,F,1948-08-11,OH,Medicare,2020-03-12
P07748,M,1958-10-05,PA,Medicare,2022-12-20
P07749,M ,1966-12-26,AZ,Commercial,2020-12-22
P07750,F,1961-11-24,AZ,Medicaid,2021-11-11
P07751,M,1975-09-25,AZ,Medicaid,2022-02-13
P07752,F,1981-04-08,FL,Commercial,2019-09-03
P07753,F,2001-02-22,TX,Medicaid,2022-07-29
P07754,M,1965-01-18,FL,Medicaid,2019-10-25
P07755,F,1962-09-14,NC,Commercial,2020-10-26
P07756,M,1959-05-14,AZ,Medicaid,2019-12-02
P07757,F,1961-09-25,FL,Commercial,2020-04-11
P07758,F,1982-11-09,NY,Commercial,2020-11-25
P07759,M,1961-06-16,NY,Commercial,2023-01-19
P07760,M,1942-05-11,FL,Medicare,2019-01-15
P07761,Male,2008-03-29,PA,Commercial,2020-10-16
P07762,F,2021-11-19,TX,Medicaid,2022-03-19
P07763,F,1960-04-03,TX,Commercial,2022-09-21
P07764,M,1996-09-12,AZ,Commercial,2023-06-03
P07765,M,1947-09-22,GA,Medicare,2022-06-04
P07766,M,2005-12-20,TX,Commercial,2023-05-05
P07767,M,1944-10-18,OH,Medicare,2019-07-26
P07768,F,1970-07-07,NY,Commercial,2021-10-28
P07769,F,1989-10-23,CA,Medicaid,2020-11-15
P07770,F,1950-09-05,NY,Medicare,2019-12-24
P07771,F,2003-06-22,GA,Commercial,2019-03-14
P07772,F,1984-11-26,,Commercial,2021-09-27
P07773,M,1992-02-16,PA,Commercial,2023-09-28
P07774,F,1963-09-11,GA,Medicaid,2020-12-12
P07775,F,1937-03-29,AZ,Medicare,2019-04-09
P07776,M,2018-05-09,FL,Commercial,2022-03-19
P07777,F,1976-04-01,IL,Commercial,2023-06-29
P07778,M,1962-09-17,IL,Medicaid,2020-06-06
P07779,M,1966-10-30,FL,Commercial,2020-11-25
P07780,M,1958-11-09,CA,Medicare,2023-03-28
P07781,M,1952-10-09,OH,Medicare,2023-12-26
P07782,M,2001-06-16,CA,Commercial,2021-05-27
P07783,F,1955-05-19,IL,Medicare,2023-04-05
P07784,M,1983-04-02,FL,Commercial,2023-01-29
P07785,M,1960-01-15,IL,Commercial,2022-06-17
P07786,F,2001-03-03,CA,Medicaid,2021-08-29
P07787,M,1944-08-23,TX,Medicare,2019-12-01
P07788,F,1979-07-13,NY,Medicaid,2021-11-07
P07789,M,1933-01-17,TX,Medicare,2019-10-28
P07790,F,1973-04-16,NY,Commercial,2020-12-24
P07791,M,1941-08-01,FL,Medicare,2022-01-15
P07792,F,1954-03-02,PA,Medicare,2021-06-16
P07793,F,2015-11-13,TX,Commercial,2023-04-19
P07794,F,2012-04-30,NY,Commercial,2019-02-16
P07795,M,1940-01-20,IL,Medicare,2022-06-30
P07796,M,1952-06-22,IL,Medicare,2019-07-03
P07797,F,2019-05-23,OH,Commercial,2020-10-11
P07798,F,2020-12-10,FL,Medicaid,2022-07-14
P07799,M,2005-05-25,IL,Commercial,2021-07-27
P07800,M,1992-09-17,FL,Commercial,2023-05-25
P07801,F,2021-01-03,TX,Commercial,2020-12-04
P07802,M,2015-09-07,,Medicaid,2023-09-05
P07803,M,1984-09-08,FL,Commercial,2020-10-22
P07804,F,2003-08-10,FL,Commercial,2023-01-05
P07805,F,1974-04-21,CA,Commercial,2023-05-12
P07806,F,1947-01-19,NY,Medicare,2022-11-22
P07807,M,1951-08-28,TX,Medicare,2023-07-22
P07808,M,1962-10-16,OH,Commercial,2019-07-25
P07809,F,1979-03-28,IL,Medicaid,2019-04-29
P07810,M,1970-06-17,AZ,Commercial,2019-05-20
P07811,F,1992-07-19,FL,Commercial,2020-05-31
P07812,M,1940-01-05,NC,Medicare,2022-11-07
P07813,Male,1953-07-04,PA,Medicare,2020-03-18
P07814,M,1987-05-21,GA,Commercial,2020-03-18
P07815,M,1935-01-08,NY,Medicare,2022-10-27
P07816,F,2013-10-16,FL,Commercial,2019-10-29
P07817,F,1958-02-05,FL,Medicare,2019-01-08
P07818,F,1948-01-16,FL,Medicare,2022-02-12
P07819,M,1995-07-14,NC,Medicaid,2021-01-23
P07820,F,1996-08-31,CA,Commercial,2019-08-25
P07821,M,1950-11-02,FL,Medicare,2022-09-10
P07822,F,1935-12-15,CA,Medicare,2019-01-23
P07823,F,1979-01-07,FL,Commercial,2022-06-27
P07824,F,1982-07-27,GA,Commercial,2019-03-02
P07825,M,1967-05-03,IL,Medicaid,2022-11-01
P07826,F,2006-10-05,NY,Commercial,2020-04-18
P07827,F,1953-09-04,OH,Medicare,2021-05-18
P07828,F,1982-03-08,TX,Commercial,2022-02-22
P07829,M,2005-05-06,FL,Medicaid,2021-10-22
P07830,M,1962-10-12,IL,Commercial,2022-11-13
P07831,M,2008-12-30,FL,Medicaid,2020-08-23
P07832,M,1937-03-07,TX,Medicare,2019-01-16
P07833,M,2002-12-02,NC,Commercial,2021-01-27
P07834,M,1938-12-18,CA,Medicare,2022-08-15
P07835,Male,1942-09-13,IL,Medicare,2020-08-27
P07836,F,2009-01-26,AZ,Commercial,2021-10-23
P07837,F,1967-05-11,FL,Commercial,2019-05-26
P07838,M,1933-12-16,GA,Medicare,2022-09-06
P07839,F,1944-02-01,CA,Medicare,2021-05-31
P07840,F,1965-01-23,FL,Commercial,2021-07-10
P07841,M,2003-04-22,CA,Medicaid,2019-07-30
P07842,F,2023-12-06,TX,Commercial,2023-06-14
P07843,M,1995-12-27,IL,Commercial,2020-11-30
P07844,M,1940-02-17,IL,Medicare,2019-12-17
P07845,F,1974-03-06,GA,Commercial,2022-03-13
P07846,F,2018-03-03,FL,Commercial,2021-06-24
P07847,F,1934-07-07,AZ,Medicare,2022-07-13
P07848,M,1983-05-30,FL,Commercial,2021-11-27
P07849,M,1981-10-29,FL,Commercial,2019-04-04
P07850,M,1954-12-18,GA,Medicare,2022-03-10
P07851,female,1933-10-12,TX,Medicare,2022-12-29
P07852,F,1967-05-20,FL,Medicaid,2021-02-07
P07853,M ,1938-08-07,TX,Medicare,2021-08-27
P07854,M,1970-05-20,FL,Commercial,2020-02-08
P07855,F,1962-07-24,OH,Commercial,2023-10-27
P07856,F,1939-06-12,GA,Medicare,2019-06-29
P07857,F,1996-01-19,PA,Commercial,2020-06-30
P07858,F,1999-05-16,CA,Commercial,2019-10-19
P07859,M,1995-01-18,NY,Medicaid,2021-12-19
P07860,M,1937-01-12,AZ,Medicare,2021-10-10
P07861,F,1948-05-20,TX,Medicare,2022-05-01
P07862,F,1982-01-02,FL,Commercial,2019-11-01
P07863,F,1988-10-02,CA,Commercial,2023-08-25
P07864,F,1991-06-26,FL,Commercial,2021-05-12
P07865,F,1943-12-05,GA,Medicare,2022-09-14
P07866,F,2018-11-28,IL,Commercial,2020-10-24
P07867,F,1967-11-14,IL,Commercial,2019-03-09
P07868,M,1961-11-13,NY,Commercial,2020-08-18
P07869,Male,1937-08-04,NY,Medicare,2023-10-13
P07870,M,1935-04-14,CA,Medicare,2022-01-02
P07871,F,1983-01-07,FL,Commercial,2023-11-05
P07872,Female,2023-01-08,GA,Commercial,2021-07-28
P07873,F,2017-10-27,CA,Commercial,2023-02-18
P07874,F,1965-07-25,TX,Commercial,2020-07-17
P07875,F,1936-07-27,GA,Medicare,2021-05-03
P07876,F,1986-11-26,CA,Commercial,2022-06-19
P07877,M,1946-12-17,CA,Medicare,2019-09-20
P07878,M,1949-08-25,,Medicare,2020-04-08
P07879,M,2006-02-22,IL,Medicaid,2020-11-13
P07880,M,2014-08-13,OH,Medicaid,2022-03-26
P07881,M,1977-08-14,CA,Commercial,2022-08-23
P07882,M,1997-01-02,GA,Commercial,2021-01-28
P07883,M,1961-08-16,CA,Commercial,2020-01-21
P07884,F,1947-04-26,NC,Medicare,2019-10-26
P07885,M,2023-01-08,CA,Commercial,2020-02-13
P07886,M,2007-11-19,CA,Commercial,2023-11-20
P07887,F,1975-06-29,FL,Commercial,2019-01-30
P07888,F,1978-08-30,TX,Commercial,2022-10-20
P07889,M,1951-11-19,IL,Medicare,2023-12-14
P07890,M,1954-12-14,FL,Medicare,2021-03-13
P07891,F,1949-05-09,CA,Medicare,2021-09-23
P07892,F,2010-05-07,IL,Medicaid,2023-06-22
P07893,F,1978-06-09,FL,Commercial,2022-12-06
P07894,F,2023-05-01,AZ,Commercial,2022-12-22
P07895,F,1971-04-14,IL,Commercial,2021-10-21
P07896,F,1947-12-12,NC,Medicare,2020-04-04
P07897,F,1943-12-20,NC,Medicare,2020-08-05
P07898,F,2007-09-01,PA,Commercial,2023-11-15
P07899,M,1996-06-07,FL,Medicaid,2023-02-18
P07900,M,1974-02-05,NC,Commercial,2020-12-14
P07901,Female,2011-01-09,TX,Commercial,2019-12-28
P07902,F,1936-03-05,PA,Medicare,2023-10-31
P07903,Male,2020-09-16,NY,Medicaid,2022-04-29
P07904,F,1947-06-06,OH,Medicare,2023-06-04
P07905,M,1979-11-20,FL,Medicaid,2021-07-29
P07906,F,1987-07-09,,Commercial,2022-01-19
P07907,F,1947-11-26,PA,Medicare,2023-02-18
P07908,M,2009-01-03,TX,Medicaid,2019-03-08
P07909,F,1952-07-20,NY,Medicare,2020-03-11
P07910,F,1996-04-12,NC,Commercial,2021-04-10
P07911,F,2015-11-25,FL,Medicaid,2020-03-05
P07912,F,1966-01-18,TX,Commercial,2022-06-11
P07913,M,2006-06-23,TX,Commercial,2019-05-01
P07914,M,1977-12-05,IL,Medicaid,2021-12-12
P07915,M,2013-08-19,FL,Medicaid,2022-01-27
P07916,F,1981-10-15,TX,Medicaid,2021-02-27
P07917,F,2010-12-06,AZ,Medicaid,2021-02-10
P07918,M,2005-12-20,PA,Commercial,2020-11-27
P07919,F,1997-04-15,NC,Medicaid,2019-11-04
P07920,M,2015-02-19,CA,Commercial,2022-08-31
P07921,M,1957-05-05,PA,Medicare,2020-06-20
P07922,F,1975-04-23,IL,Commercial,2023-01-06
P07923,M,2001-12-18,IL,Medicaid,2022-10-20
P07924,F,1954-10-28,CA,Medicare,2021-07-12
P07925,M,1981-12-19,NC,Medicaid,2021-05-19
P07926, f,1983-01-11,OH,Commercial,2020-10-12
P07927,M,1983-04-07,OH,Commercial,2023-04-22
P07928,M,1960-01-18,NC,Commercial,2019-12-03
P07929,F,1982-02-04,FL,Commercial,2021-03-21
P07930,M,1952-10-11,OH,Medicare,2021-01-15
P07931,F,2005-06-28,TX,Commercial,2020-04-08
P07932,F,1956-05-09,FL,Medicare,2020-07-17
P07933,F,1996-04-05,FL,Commercial,2021-11-10
P07934,M,1987-05-03,GA,Commercial,2021-08-01
P07935,F,1935-07-20,NY,Medicare,2022-11-03
P07936,male,2008-12-30,GA,Commercial,2021-03-03
P07937,M,2009-01-23,NC,Commercial,2022-12-27
P07938,M,2020-04-24,AZ,Commercial,2020-10-29
P07939,M,2019-03-02,FL,Commercial,2021-11-30
P07940,M,1950-10-12,FL,Medicare,2022-10-27
P07941,F,1991-11-24,GA,Commercial,2021-08-16
P07942,M ,2004-02-07,OH,Commercial,2019-05-03
P07943,Female,1940-03-12,GA,Medicare,2021-03-12
P07944,F,1953-02-28,FL,Medicare,2022-04-11
P07945,F,1942-07-24,,Medicare,2021-10-02
P07946,F,1978-02-04,FL,Commercial,2020-12-24
P07947,F,1965-10-11,NC,Medicaid,2023-03-27
P07948,F,1994-03-30,NC,Commercial,2021-03-14
P07949,M,1991-07-05,TX,Commercial,2023-11-01
P07950,M,1989-11-01,NY,Medicaid,2019-09-27
P07951,F,1933-04-14,CA,Medicare,2020-12-15
P07952,F,1952-08-22,AZ,Medicare,2023-06-08
P07953,F,2000-11-04,OH,Medicaid,2021-09-03
P07954,F,1993-04-17,OH,Commercial,2019-08-02
P07955,Male,2022-03-25,AZ,Medicaid,2019-03-08
P07956,F,1946-09-04,TX,Medicare,2023-04-26
P07957,F,2002-01-13,FL,Commercial,2022-08-26
P07958,F,2019-04-17,OH,Commercial,2023-04-13
P07959, f,1973-12-23,FL,Commercial,2022-02-27
P07960,M,1960-08-31,TX,Medicaid,2019-09-11
P07961,male,1990-01-10,NC,Commercial,2020-06-21
P07962,M,2021-10-28,CA,Commercial,2022-09-19
P07963,F,1953-01-17,TX,Medicare,2022-05-18
P07964,M,1952-06-25,NY,Medicare,2020-12-11
P07965,M,2008-04-29,GA,Commercial,2021-01-07
P07966,F,1977-04-25,FL,Medicaid,2021-09-07
P07967,M,1957-06-28,TX,Medicare,2021-11-24
P07968,M,2018-06-26,FL,Medicaid,2019-05-02
P07969,M,1979-06-08,AZ,Commercial,2021-06-27
P07970,F,2006-05-11,NY,Commercial,2020-02-04
P07971,M,1944-04-06,IL,Medicare,2019-03-17
P07972,M,2013-07-25,,Commercial,2022-04-30
P07973,M,1951-07-26,NY,Medicare,2020-02-10
P07974,F,1976-03-22,TX,Commercial,2019-12-09
P07975,F,1945-03-30,IL,Medicare,2022-11-27
P07976,M,1986-05-08,FL,Medicaid,2022-11-15
P07977,M,1963-07-17,NY,Medicaid,2023-03-13
P07978,M,2019-06-06,GA,Medicaid,2020-12-04
P07979,F,1970-06-06,OH,Medicaid,2020-03-13
P07980,F,1994-07-26,PA,Commercial,2020-03-31
P07981,M,1962-10-27,CA,Commercial,2022-01-24
P07982,M,2010-06-19,TX,Medicaid,2020-06-27
P07983,M,1977-07-23,CA,Medicaid,2023-11-08
P07984,M,1961-12-13,CA,Medicaid,2020-09-20
P07985,F,1945-01-17,CA,Medicare,2021-08-19
P07986,F,2016-05-02,IL,Commercial,2019-11-09
P07987,F,1998-11-20,GA,Medicaid,2019-03-03
P07988, f,1985-10-18,GA,Medicaid,2021-03-22
P07989,M,1954-06-06,FL,Medicare,2020-11-23
P07990,F,1992-02-22,NC,Medicaid,2019-05-13
P07991,M,1949-07-07,IL,Medicare,2022-04-15
P07992,F,1986-03-10,TX,Medicaid,2023-04-12
P07993,M,1982-11-15,TX,Commercial,2021-06-21
P07994,M,1961-06-22,AZ,Medicaid,2022-03-23
P07995,F,1962-03-05,FL,Commercial,2020-10-30
P07996,M,2001-02-25,PA,Commercial,2020-02-03
P07997,M,2005-10-05,AZ,Commercial,2021-06-26
P07998,M,1975-05-02,OH,Commercial,2022-06-18
P07999,F,1989-12-17,TX,Commercial,2021-03-07
P08000,M,1994-11-10,CA,Medicaid,2021-10-15
